,name,city,rating,rating_count,cost,cuisine
9351,Pastas By Pizza Hut,"Koramangala,Bangalore",3.8,50,300,"Pastas,Pizzas"
9352,Halli Donne Biryani,"Koramangala,Bangalore",3.5,20,200,South Indian
9356,Pipabu,"Koramangala,Bangalore",4.1,100,250,"Pizzas,Italian"
9358,Kerala Note Book,"Koramangala,Bangalore",3.4,20,350,"Kerala,Biryani"
9359,Biryani By Kilo,"Koramangala,Bangalore",4.2,500,500,"Biryani,Hyderabadi"
9361,PVR Cafe,"Koramangala,Bangalore",3.9,20,400,"Snacks,Fast Food"
9362,EatFit,"Koramangala,Bangalore",4.3,1000,270,"Healthy Food,Pizzas"
9363,Brownie Points - Gourmet Brownies,"Koramangala,Bangalore",4.5,20,250,Desserts
9364,FreshMenu,"Koramangala,Bangalore",4.0,1000,250,"Chinese,Continental"
9365,Nando's,"Koramangala,Bangalore",4.2,100,450,"Portuguese,African"
9369,Chianti,"Koramangala,Bangalore",4.0,100,1250,"Italian,Pizzas"
9370,Keventers Ice Cream,"Koramangala,Bangalore",4.3,20,200,"Ice Cream,Desserts"
9371,Zeugar Sugar Free,"Koramangala,Bangalore",4.4,50,199,"Healthy Food,Desserts"
9372,Chaatimes,"Koramangala,Bangalore",3.7,50,150,"Chaat,Beverages"
9374,Canteen Central by Eatfit,"Koramangala,Bangalore",4.2,20,350,"Pizzas,American"
9376,Giani Ice Cream,"Koramangala,Bangalore",4.2,50,300,"Ice Cream,Desserts"
9377,DYU ART CAFE,"Koramangala,Bangalore",4.2,100,400,"Italian,Continental"
9378,McDonald's Gourmet Burger Collection,"Koramangala,Bangalore",4.3,50,600,"Burgers,Beverages"
9381,Chai Pearl,"Koramangala,Bangalore",4.6,20,200,"Beverages,Snacks"
9383,Sicily,"Koramangala,Bangalore",4.8,20,800,Continental
9385,The Burger Craft,"Koramangala,Bangalore",4.3,50,600,Continental
9387,Sichuan,"Koramangala,Bangalore",4.2,100,500,Chinese
9390,Kitchens of China,"Koramangala,Bangalore",4.1,50,450,"Chinese,Combo"
9391,Shahenshah Biryani,"Koramangala,Bangalore",3.8,20,400,"Biryani,North Indian"
9394,The Golden Thali,"Koramangala,Bangalore",4.2,20,300,"Thalis,North Indian"
9398,The Golden Bowl,"Koramangala,Bangalore",4.3,20,250,"North Indian,Punjabi"
9399,Oh My Shawarma,"Koramangala,Bangalore",4.3,100,300,"Fast Food,Beverages"
9401,Sanskari Biryani,"Koramangala,Bangalore",4.4,20,300,"Biryani,Mughlai"
9402,Garden Asia,"Koramangala,Bangalore",4.0,50,500,Chinese
9405,Sendhoor coffee,"Koramangala,Bangalore",4.4,100,200,"Beverages,South Indian"
9408,Momos Mania,"Koramangala,Bangalore",4.0,20,150,"Chinese,Fast Food"
9411,Malabar Cafe,"Koramangala,Bangalore",3.4,100,349,"Kerala,South Indian"
9412,Mewar Kitchen,"Koramangala,Bangalore",4.6,20,350,Indian
9415,Art of Delight,"Koramangala,Bangalore",4.3,100,300,"Desserts,Ice Cream"
9416,Burger Blues,"Koramangala,Bangalore",3.8,20,250,"Fast Food,American"
9417,Momo Zone - The Momo Company,"Koramangala,Bangalore",4.0,100,150,"Chinese,Tibetan"
9418,ROLLS & WRAPS,"Koramangala,Bangalore",3.7,20,200,"Snacks,Beverages"
9427,The Momo Co.,"Koramangala,Bangalore",4.0,20,250,"Chinese,Pan-Asian"
9428,Ludos Pizza,"Koramangala,Bangalore",4.1,100,300,Pizzas
9430,Aalishan Restaurant & Caterer,"Koramangala,Bangalore",4.0,100,290,"Mughlai,North Indian"
9432,Pathaan Sir,"Koramangala,Bangalore",3.9,100,200,North Indian
9433,Sukh Sagar,"Koramangala,Bangalore",4.3,1000,400,South Indian
9434,Cream Stone Ice Cream,"Koramangala,Bangalore",4.0,100,250,"Ice Cream,Desserts"
9437,Biryani Hotel,"Koramangala,Bangalore",2.9,50,150,"Biryani,Indian"
9438,Drunken Monkey,"Koramangala,Bangalore",3.2,50,300,"Healthy Food,Beverages"
9442,Gopaljee Cafe,"Koramangala,Bangalore",4.2,100,350,"Indian,North Indian"
9443,NOTO Healthy Ice Cream,"Koramangala,Bangalore",4.3,100,250,Ice Cream
9447,Khawa Karpo,"Koramangala,Bangalore",4.5,500,178,Chinese
9448,Lazeez,"Koramangala,Bangalore",4.3,500,500,"North Indian,Mughlai"
9449,ITC Sunfeast Baked Creations,"Koramangala,Bangalore",4.6,100,600,"Bakery,Desserts"
9450,ITC Master Chef Creations,"Koramangala,Bangalore",4.4,100,650,"North Indian,Biryani"
9452,Miami Waffles & Jawbreakers,"Koramangala,Bangalore",4.3,50,200,"Waffle,Desserts"
9453,ITC Fabelle Chocolates,"Koramangala,Bangalore",4.8,20,600,"Bakery,Desserts"
9454,The Baker's Dozen,"Koramangala,Bangalore",4.3,50,300,"Bakery,Desserts"
9456,Tharavadu,"Koramangala,Bangalore",3.6,100,300,"Kerala,Seafood"
9459,SMOOR,"Koramangala,Bangalore",4.3,100,350,"Desserts,Ice Cream"
9461,Hari Super Sandwich,"Koramangala,Bangalore",4.3,100,300,"Fast Food,Snacks"
9465,MTR,"Koramangala,Bangalore",4.3,1000,300,South Indian
9466,Maa Di Hatti,"Koramangala,Bangalore",3.8,1000,150,"North Indian,Punjabi"
9468,Soul Rasa,"Koramangala,Bangalore",4.4,1000,500,"Indian,Healthy Food"
9469,Burger It Up,"Koramangala,Bangalore",4.2,50,150,"American,Fast Food"
9471,154 Breakfast Club,"Koramangala,Bangalore",4.4,100,1000,"Continental,American"
9474,The Corner Of Chow,"Koramangala,Bangalore",3.9,20,200,"Chinese,Snacks"
9477,RNR Biryani - Taste of 1953,"Koramangala,Bangalore",4.2,500,350,"Biryani,South Indian"
9480,Goodness Grills,"Koramangala,Bangalore",4.0,100,350,"Healthy Food,Continental"
9482,Home Plate by EatFit,"Koramangala,Bangalore",4.1,100,160,"North Indian,Home Food"
9483,Potful - Claypot Biryanis,"Koramangala,Bangalore",4.2,100,350,"Biryani,Kebabs"
9484,Taiki,"Koramangala,Bangalore",4.0,100,1000,"Pan-Asian,Japanese"
9485,Sera's Cuisine,"Koramangala,Bangalore",4.0,20,300,"Indian,Biryani"
9486,Hot Momo Darjeeling Style,"Koramangala,Bangalore",4.2,100,250,Chinese
9489,McDonald's,"Koramangala,Bangalore",4.3,1000,400,"Burgers,Beverages"
9492,RF Cake and Flowers,"Koramangala,Bangalore",3.6,20,200,Bakery
9495,Chaat Street Express,"Koramangala,Bangalore",4.0,100,150,"Snacks,Chaat"
9496,Puliyogare Palace,"Koramangala,Bangalore",3.5,20,200,South Indian
9498,Chinese Wok (Wok Express),"Koramangala,Bangalore",3.8,500,250,"Chinese,Asian"
9499,Domino's Pizza,"Koramangala,Bangalore",4.3,500,400,Pizzas
9503,Sharief Bhai,"Koramangala,Bangalore",4.0,1000,400,"Biryani,North Indian"
9504,Frosty Frills,"Koramangala,Bangalore",4.7,20,100,"Desserts,Ice Cream"
9505,Lassi  Shop,"Koramangala,Bangalore",4.0,100,200,"Beverages,Snacks"
9506,Leon Grill,"Koramangala,Bangalore",4.4,1000,300,"American,Snacks"
9507,The Licious Kitchen,"Koramangala,Bangalore",4.0,100,350,"Kebabs,Snacks"
9508,The Mangalorean,"Koramangala,Bangalore",4.1,20,600,"Mangalorean,Seafood"
9509,Toscano's Crafted Cakes and Desserts,"Koramangala,Bangalore",3.5,20,600,"Desserts,Bakery"
9511,Mainland China,"Koramangala,Bangalore",4.0,50,650,"Chinese,Asian"
9512,Lassi Corner,"Koramangala,Bangalore",2.5,20,199,"Beverages,Ice Cream"
9514,Wheat Barn,"Koramangala,Bangalore",4.2,100,450,"Pizzas,Desserts"
9515,Garage Food Company,"Koramangala,Bangalore",4.5,20,250,"Chinese,Desserts"
9516,Hotel Empire,"Koramangala,Bangalore",4.0,1000,450,"North Indian,Kebabs"
9520,Tibbs Frankie,"Koramangala,Bangalore",4.1,20,175,Street Food
9523,Dindigul Thalappakatti,"Koramangala,Bangalore",4.0,100,600,"Biryani,Barbecue"
9524,XO Belgian Waffle,"Koramangala,Bangalore",4.3,100,250,Desserts
9525,Wow! Momo,"Koramangala,Bangalore",3.7,20,300,"Tibetan,Healthy Food"
9527,Dande's Hyderabad Biryani,"Koramangala,Bangalore",2.5,20,350,"Biryani,Andhra"
9530,Midnight Mania,"Koramangala,Bangalore",4.1,20,300,"Pizzas,Continental"
9531,Chai Point,"Koramangala,Bangalore",4.4,500,150,"Bakery,Beverages"
9532,Bamey's Restro Cafe,"Koramangala,Bangalore",4.5,100,400,"Chinese,Thai"
9534,Chuckling Chinese,"Koramangala,Bangalore",4.1,100,300,Chinese
9535,Krispy Kreme,"Koramangala,Bangalore",4.5,100,170,"Desserts,Beverages"
9536,Aubree,"Koramangala,Bangalore",4.1,100,700,"Desserts,Bakery"
9539,Keventers - Milkshakes and Desserts,"Koramangala,Bangalore",4.2,100,300,"Beverages,Ice Cream"
9540,Simply South by YummyEats,"Koramangala,Bangalore",3.5,100,250,"Biryani,Indian"
9541,Thottathil Restaurant,"Koramangala,Bangalore",3.8,100,200,South Indian
9542,V Cafe - Meals By PVR,"Koramangala,Bangalore",3.5,20,400,"Pizzas,Snacks"
9543,Biryani Khazana,"Koramangala,Bangalore",4.2,20,400,"Biryani,Indian"
9544,CHEESECAKE AND CO,"Koramangala,Bangalore",4.6,50,250,Bakery
9545,Chickpet donne biriyani house,"Koramangala,Bangalore",4.0,500,250,Biryani
9549,FICO,"Koramangala,Bangalore",3.9,20,300,"Pizzas,Desserts"
9550,Nadan Pothichoru,"Koramangala,Bangalore",3.7,100,200,"South Indian,Kerala"
9551,Wakka Makka Chinese,"Koramangala,Bangalore",3.9,50,250,"Tibetan,Chinese"
9552,Brownie Heaven,"Koramangala,Bangalore",4.4,50,350,Desserts
9555,Friends Euro Restaurant,"Koramangala,Bangalore",4.0,20,599,"Chinese,Continental"
9557,Lucknowee,"Koramangala,Bangalore",4.0,20,600,"North Indian,Biryani"
9559,Tandoor Hut,"Koramangala,Bangalore",4.3,100,300,"Biryani,Chinese"
9562,Anand Sweets and Savouries,"Koramangala,Bangalore",4.4,1000,300,"Sweets,Snacks"
9563,Anjappar,"Koramangala,Bangalore",3.9,500,600,"Chettinad,Thalis"
9566,Royal Calcutta Restaurant,"Koramangala,Bangalore",3.8,100,178,"Bengali,Chinese"
9567,Blue Tokai Coffee Roasters,"Koramangala,Bangalore",4.4,100,800,"Healthy Food,Pastas"
9571,Salad Matters,"Koramangala,Bangalore",4.4,100,550,"Salads,Healthy Food"
9574,Shakeshack,"Koramangala,Bangalore",4.2,100,400,"Bakery,Desserts"
9575,Tunday Kababi,"Koramangala,Bangalore",4.0,100,300,"Mughlai,Lucknowi"
9576,Ninhao Asian Kitchen,"Koramangala,Bangalore",4.1,100,300,"Pan-Asian,Chinese"
9578,Truffles,"Koramangala,Bangalore",4.4,5000,450,"American,Continental"
9580,Tibetan Mother's Kitchen,"Koramangala,Bangalore",4.3,100,250,"Chinese,Tibetan"
9582,Delhi Food Point,"Koramangala,Bangalore",3.8,100,250,North Indian
9583,Via Milano,"Koramangala,Bangalore",3.9,50,800,"Italian,Pizzas"
9585,Meghana Foods,"Koramangala,Bangalore",4.3,5000,500,"Biryani,Andhra"
9586,Terra Bites,"Koramangala,Bangalore",4.0,20,700,"Continental,American"
9587,Tadka Singh,"Koramangala,Bangalore",3.8,20,300,"Punjabi,North Indian"
9590,Golden Dragon,"Koramangala,Bangalore",4.0,20,600,"Chinese,Indian"
9591,Singh Da Punjabi Dhaba,"Koramangala,Bangalore",3.8,100,200,"Punjabi,Tandoor"
9594,Prezzed Juicery,"Koramangala,Bangalore",4.5,100,250,"Juices,Healthy Food"
9595,The Hole in the Wall Cafe,"Koramangala,Bangalore",4.3,500,257,American
9596,Uday Sweets,"Koramangala,Bangalore",4.1,100,100,Rajasthani
9597,Mom's magic cafe,"Koramangala,Bangalore",3.8,50,150,"Fast Food,South Indian"
9598,The Betel Leaf Co.,"Koramangala,Bangalore",4.6,100,200,"Paan,Desserts"
9599,Anupam's Coast II Coast,"Koramangala,Bangalore",4.2,100,1000,"North Indian,Chinese"
9600,China Pearl,"Koramangala,Bangalore",4.5,500,1100,"Chinese,Asian"
9602,Bob's Bar,"Koramangala,Bangalore",4.3,100,300,"South Indian,North Indian"
9605,Kabali Biryani,"Koramangala,Bangalore",4.1,50,250,"Biryani,Combo"
9612,UBQ by Barbeque Nation,"Koramangala,Bangalore",3.8,100,300,"North Indian,Barbecue"
9616,Kaati Zone Rolls & Wraps,"Koramangala,Bangalore",4.1,100,150,"Fast Food,Beverages"
9622,NH1 Bowls - Highway To North,"Koramangala,Bangalore",4.5,50,250,"North Indian,Punjabi"
9623,Basaveshwar khanavali,"Koramangala,Bangalore",4.3,20,400,South Indian
9630,Paratha Plaza,"Koramangala,Bangalore",4.4,100,250,North Indian
9631,Momo Rice Noodles,"Koramangala,Bangalore",4.0,100,350,"Chinese,Thai"
9635,Baskin Robbins,"Koramangala,Bangalore",4.4,100,250,Desserts
9636,Habibi Falafel,"Koramangala,Bangalore",4.2,100,250,"Mediterranean,Lebanese"
9637,Cupcake Noggins - Vintage Patisserie,"Koramangala,Bangalore",4.2,50,150,"Desserts,British"
9638,FOOD ADDA,"Koramangala,Bangalore",3.7,20,250,"Fast Food,Chinese"
9641,Punjabi Unplugged,"Koramangala,Bangalore",3.9,100,300,"North Indian,Chinese"
9642,Bakingo,"Koramangala,Bangalore",4.3,100,300,"Bakery,Desserts"
9645,BOSS Burger,"Koramangala,Bangalore",4.1,100,500,"American,Continental"
9649,Donne Biryani House,"Koramangala,Bangalore",3.9,500,130,Biryani
9650,Pizza Club 1987,"Koramangala,Bangalore",4.3,20,250,Pizzas
9652,Chinita Real Mexican Food,"Koramangala,Bangalore",4.3,100,1000,Mexican
9654,Mani's Dum Biryani,"Koramangala,Bangalore",4.2,1000,400,"Andhra,Biryani"
9657,Uttam Uttar By YummyEats,"Koramangala,Bangalore",4.1,20,300,"North Indian,Indian"
9658,"Lubov Patisserie - Cakes, Macarons and Desserts","Koramangala,Bangalore",4.3,20,500,"Bakery,Desserts"
9660,Tenzin Kitchen,"Koramangala,Bangalore",4.3,500,400,"Asian,Chinese"
9665,Samosa Party,"Koramangala,Bangalore",4.2,100,100,"Chaat,North Indian"
9667,Hatti Kaapi - Coffee and more,"Koramangala,Bangalore",4.1,100,150,"Beverages,South Indian"
9668,Bao to me,"Koramangala,Bangalore",4.8,50,250,"Chinese,Japanese"
9670,Brown Burger Co.,"Koramangala,Bangalore",4.2,20,300,"American,Beverages"
9671,Elixir - Luxury Pearls Drink,"Koramangala,Bangalore",4.1,100,500,"Beverages,Ice Cream"
9672,The Grub Hub,"Koramangala,Bangalore",3.8,50,300,"Continental,American"
9673,Bistro Oui,"Koramangala,Bangalore",3.9,100,800,Continental
9674,Occasions,"Koramangala,Bangalore",4.1,20,400,Bakery
9677,Potar's Kitchen,"Koramangala,Bangalore",4.0,20,300,"North Indian,Mangalorean"
9679,Superman Momos,"Koramangala,Bangalore",4.4,20,250,"Chinese,Tibetan"
9682,Bearfoot Bistro,"Koramangala,Bangalore",4.5,50,300,"Pizzas,Continental"
9684,Call Me Chow,"Koramangala,Bangalore",4.3,1000,400,"Chinese,Pan-Asian"
9685,Risalo Italian Pizza,"Koramangala,Bangalore",3.2,20,1100,"Italian,Pizzas"
9687,AL-TAJ,"Koramangala,Bangalore",3.2,20,200,"Chinese,Indian"
9688,Creams and Bites,"Koramangala,Bangalore",5.0,20,250,Ice Cream
9689,The Icecream Zone,"Koramangala,Bangalore",4.8,20,300,"Ice Cream,Desserts"
9691,Cane Crussh,"Koramangala,Bangalore",4.4,20,60,"Juices,Healthy Food"
9694,Ibaco,"Koramangala,Bangalore",4.6,100,800,Desserts
9701,Chung Wah,"Koramangala,Bangalore",4.0,100,800,Chinese
9704,Mad Momos,"Koramangala,Bangalore",3.9,100,250,"Chinese,Tibetan"
9705,The Momo Box,"Koramangala,Bangalore",3.8,20,250,"Chinese,Tibetan"
9706,What'sinaPita,"Koramangala,Bangalore",4.2,500,171,"Middle Eastern,Mediterranean"
9707,Starbucks Coffee,"Koramangala,Bangalore",4.2,100,400,Beverages
9708,Dhishoom -Dhaba by Salt,"Koramangala,Bangalore",4.0,20,400,"North Indian,Kebabs"
9709,Rice Bowl,"Koramangala,Bangalore",4.4,50,300,"North Indian,South Indian"
9712,BASMATI'S BRIYANI NATION,"Koramangala,Bangalore",3.1,20,300,"Biryani,Andhra"
9713,NARMADA Chain of Restaurants,"Koramangala,Bangalore",4.5,500,500,"Biryani,Andhra"
9715,Onesta,"Koramangala,Bangalore",4.0,500,200,"Italian,Desserts"
9716,Apsara Ice Creams,"Koramangala,Bangalore",4.5,100,150,"Ice Cream,Desserts"
9717,La Fresca Pasta,"Koramangala,Bangalore",4.1,50,600,"Italian,Pastas"
9718,THE PIZZA FOLKS,"Koramangala,Bangalore",4.1,20,200,"Pizzas,Snacks"
9719,Easy Bites by Hotel Empire,"Koramangala,Bangalore",3.4,100,200,"Snacks,Fast Food"
9721,Royal Treat,"Koramangala,Bangalore",4.1,500,193,"Biryani,Mughlai"
9725,Indian Chhota Samosa Garden,"Koramangala,Bangalore",3.5,20,200,Chaat
9729,XPRESS CHAI,"Koramangala,Bangalore",4.6,20,300,Bakery
9732,Craft of Biryani,"Koramangala,Bangalore",4.2,100,500,"North Indian,Biryani"
9736,Bansal's Thali & Combo Meals,"Koramangala,Bangalore",5.0,20,300,"North Indian,Indian"
9738,CakeZone,"Koramangala,Bangalore",4.3,100,200,"Desserts,Bakery"
9740,California Burrito,"Koramangala,Bangalore",4.5,1000,250,"Mexican,American"
9741,SLAY Coffee Bar,"Koramangala,Bangalore",4.6,100,200,"Beverages,Desserts"
9742,Cupcake Bliss Cakes & Desserts,"Koramangala,Bangalore",4.1,50,200,"Bakery,Desserts"
9744,Omm Sweets Snacks,"Koramangala,Bangalore",3.6,20,200,"Sweets,Snacks"
9745,MBA In Khichdi,"Koramangala,Bangalore",4.3,20,250,"Healthy Food,Home Food"
9746,Aligarh House by EatFit,"Koramangala,Bangalore",4.0,100,400,"Biryani,Mughlai"
9749,Slurpy Shakes,"Koramangala,Bangalore",4.2,20,150,"Desserts,Beverages"
9751,Theobroma,"Koramangala,Bangalore",4.4,500,450,"Desserts,Bakery"
9752,Sultan Rolls & Sandwiches,"Koramangala,Bangalore",3.7,100,150,"Snacks,Chinese"
9755,AMBUR STAR BIRYANI,"Koramangala,Bangalore",4.1,20,330,"Biryani,South Indian"
9756,Cafe Medley,"Koramangala,Bangalore",4.4,20,450,"Desserts,American"
9759,Juice Shop,"Koramangala,Bangalore",3.3,100,150,"Juices,Beverages"
9760,NAATI CAFE,"Koramangala,Bangalore",4.3,50,300,"Biryani,Kebabs"
9762,Green Dot Pizza,"Koramangala,Bangalore",3.9,50,300,"Pizzas,Italian"
9763,Just Shawarma,"Koramangala,Bangalore",3.9,100,250,Fast Food
9764,CLAY POT TEA,"Koramangala,Bangalore",4.1,20,300,"Beverages,Fast Food"
9765,The Daily Meal,"Koramangala,Bangalore",4.3,20,200,"North Indian,Punjabi"
9766,Bengali Dhekur,"Koramangala,Bangalore",4.0,100,600,"Bengali,Biryani"
9767,The Daily Bowl,"Koramangala,Bangalore",3.5,20,200,"North Indian,Indian"
9768,Badmash Biryani,"Koramangala,Bangalore",4.2,20,300,"Biryani,North Indian"
9769,The Veggie Thali,"Koramangala,Bangalore",3.9,20,200,Indian
9771,Bathinda Junction,"Koramangala,Bangalore",4.0,100,250,North Indian
9773,Veg Luv Bowl,"Koramangala,Bangalore",4.5,20,200,"Indian,Desserts"
9779,WarmOven Cakes & Desserts,"Koramangala,Bangalore",4.2,500,200,"Bakery,Desserts"
9780,Poha point,"Koramangala,Bangalore",4.3,100,90,Snacks
9782,Indiana Burgers,"Koramangala,Bangalore",4.3,100,150,"American,Fast Food"
9783,Simply Chinese by YummyEats,"Koramangala,Bangalore",3.8,20,400,Chinese
9784,Wack waffles & Brownies,"Koramangala,Bangalore",4.4,20,300,"Waffle,Desserts"
9785,Nandhana Palace,"Koramangala,Bangalore",4.0,1000,500,"Biryani,Andhra"
9787,New York Waffles & Dinges,"Koramangala,Bangalore",4.4,20,300,"Waffle,Desserts"
9788,The Dessert Zone,"Koramangala,Bangalore",4.0,50,200,"Bakery,Desserts"
9790,Dhaba Estd 1986 Delhi,"Koramangala,Bangalore",4.0,100,900,"North Indian,Kebabs"
9793,AL-BEK,"Koramangala,Bangalore",3.6,100,400,"Tandoor,Mughlai"
9794,Biergarten Brewery & Kitchen,"Koramangala,Bangalore",4.0,50,750,"Continental,Pizzas"
9795,Holy Doh! Pizza,"Koramangala,Bangalore",3.9,20,600,"Pizzas,Italian"
9797,The Reservoire,"Koramangala,Bangalore",4.4,100,300,"Chinese,North Indian"
9798,Sangam Sweets,"Koramangala,Bangalore",4.6,100,100,"North Indian,Desserts"
9800,GOPIZZA,"Koramangala,Bangalore",4.1,100,200,Pizzas
9801,Sultans of Spice,"Koramangala,Bangalore",4.4,100,599,"North Indian,Chinese"
9802,Goli Vada Pav No .1,"Koramangala,Bangalore",4.0,50,100,"Maharashtrian,North Indian"
9805,Madeena Hotel,"Koramangala,Bangalore",4.1,1000,250,"Biryani,Mughlai"
9808,Good Fettle Healthy Ice Cream,"Koramangala,Bangalore",4.5,20,190,Ice Cream
9811,CHINESE KITCHEN,"Koramangala,Bangalore",3.6,100,300,"Chinese,Indian"
9812,Sri srinivasa pork hotel,"Koramangala,Bangalore",3.0,50,150,Indian
9814,Biryani Hazir Ho,"Koramangala,Bangalore",4.2,20,300,"Biryani,Mughlai"
9815,Momo Monk,"Koramangala,Bangalore",4.0,20,350,"Pan-Asian,Chinese"
9817,Punjabi Nawabi,"Koramangala,Bangalore",3.7,500,350,"Chinese,North Indian"
9820,Sagar fast food,"Koramangala,Bangalore",4.4,500,200,"Chinese,South Indian"
9822,Baba Ganoush,"Koramangala,Bangalore",4.0,20,300,"Arabian,Snacks"
9827,Foodpecker,"Koramangala,Bangalore",3.5,20,300,"North Indian,Biryani"
9830,Sardarji Londonwaley,"Koramangala,Bangalore",3.8,1000,350,"Indian,North Indian"
9834,Amma's Pastries,"Koramangala,Bangalore",3.9,50,350,"Bakery,Desserts"
9835,Chai Nagri,"Koramangala,Bangalore",3.8,50,300,"Snacks,Beverages"
9836,Sri Adithya Catering Services,"Koramangala,Bangalore",3.7,20,200,"South Indian,North Indian"
9837,Saapaad,"Koramangala,Bangalore",3.6,500,200,South Indian
9839,Kairali,"Koramangala,Bangalore",4.3,100,300,Kerala
9841,Snack House,"Koramangala,Bangalore",4.5,20,300,Street Food
9842,Cafe Coffee Day,"Koramangala,Bangalore",4.7,100,300,"Beverages,Snacks"
9846,Tarbouche,"Koramangala,Bangalore",3.4,100,500,"Arabian,Lebanese"
9847,Ching Chong Asian,"Koramangala,Bangalore",4.5,20,250,"Chinese,Beverages"
9848,The Arabian Shawarma,"Koramangala,Bangalore",3.0,20,100,"Arabian,Pizzas"
9851,Northwest Kebab & Curryhouse,"Koramangala,Bangalore",3.7,50,500,"Indian,North Indian"
9852,Grow Fit,"Koramangala,Bangalore",4.4,100,350,"Healthy Food,Keto"
9854,Burger King,"Koramangala,Bangalore",4.2,1000,350,American
9857,Paratha Box by EatFit,"Koramangala,Bangalore",3.9,50,250,"North Indian,Punjabi"
9858,Kwality Walls Frozen Dessert and Ice Cream Shop,"Koramangala,Bangalore",4.3,50,300,Ice Cream
9864,Big Bowl Company,"Koramangala,Bangalore",3.8,100,250,"North Indian,Chinese"
9871,Boozy Bakes,"Koramangala,Bangalore",3.8,20,300,"Bakery,Desserts"
9872,Heaven in a Jar,"Koramangala,Bangalore",4.2,50,300,"Bakery,Desserts"
9875,The Bowl Company,"Koramangala,Bangalore",4.4,1000,300,"Continental,North Indian"
9877,Smokey Tribe,"Koramangala,Bangalore",4.1,50,700,"Naga,Continental"
9878,Mandya Gowdru Donne Biryani,"Koramangala,Bangalore",4.1,100,250,"Biryani,Chettinad"
9883,Mane holige,"Koramangala,Bangalore",4.4,100,100,"Sweets,Indian"
9885,Madras Meal Company,"Koramangala,Bangalore",4.1,50,250,"Chettinad,South Indian"
9890,Hotel Savitha Family Restaurant,"Koramangala,Bangalore",4.0,1000,150,"North Indian,South Indian"
9891,Krishna Food Centre,"Koramangala,Bangalore",4.5,100,250,North Indian
9892,Dalma,"Koramangala,Bangalore",4.1,100,197,"Oriya,Seafood"
9897,Gam's Delicacy,"Koramangala,Bangalore",4.4,100,800,"North Indian,Chinese"
9904,The tasty planet,"Koramangala,Bangalore",4.6,20,70,"Beverages,Salads"
9906,North Indian Bhukkads - NIB,"Koramangala,Bangalore",3.7,50,500,"North Indian,Tandoor"
9908,ARAMANE DONNE BIRIYANI,"Koramangala,Bangalore",4.3,100,300,Indian
9909,Andhra Gunpowder,"Koramangala,Bangalore",4.1,500,350,"Andhra,Biryani"
9912,Subway,"Koramangala,Bangalore",3.7,100,350,"Salads,Snacks"
9913,Helloo Delhi,"Koramangala,Bangalore",4.3,100,336,North Indian
9915,Kebapci,"Koramangala,Bangalore",4.3,100,600,"Turkish,Middle Eastern"
9916,Istah Shawarma,"Koramangala,Bangalore",4.4,500,250,"Arabian,Lebanese"
9918,Burritos & Bowls Mexican Kitchen,"Koramangala,Bangalore",3.9,20,450,"Mexican,Salads"
9921,Candy Cloud Factory,"Koramangala,Bangalore",3.8,50,200,"Beverages,Ice Cream"
9926,"Frozen Bottle - Milkshakes, Desserts And Ice Cream","Koramangala,Bangalore",4.1,100,250,"Beverages,Desserts"
9927,Hardil Punjabi,"Koramangala,Bangalore",3.7,20,300,"North Indian,Indian"
9928,Shaikh's lazeez darbar,"Koramangala,Bangalore",3.7,50,250,Hyderabadi
9931,The Coorg Food Co.,"Koramangala,Bangalore",4.1,100,750,South Indian
9933,New Ambur Briyani point,"Koramangala,Bangalore",4.2,20,200,"Biryani,Kebabs"
9937,The Naati Bar And Kitchen,"Koramangala,Bangalore",3.5,20,500,Indian
9939,La Pino'z Pizza,"Koramangala,Bangalore",4.0,1000,251,Italian
9941,Cafe Terra,"Koramangala,Bangalore",4.2,50,245,Continental
9945,Al Taza,"Koramangala,Bangalore",4.5,100,300,"Arabian,Lebanese"
9946,Pingara,"Koramangala,Bangalore",4.2,20,250,"Biryani,Chinese"
9947,Bistro Claytopia,"Koramangala,Bangalore",4.0,20,300,"Continental,American"
9948,Biryani Trip,"Koramangala,Bangalore",3.8,50,400,"Biryani,Hyderabadi"
9950,Imperial Restaurant,"Koramangala,Bangalore",4.1,500,400,"Tandoor,Biryani"
9951,Paratha Envy,"Koramangala,Bangalore",4.2,100,249,North Indian
9955,Mealful Rolls - Meals in a Roll,"Koramangala,Bangalore",4.3,20,250,"Fast Food,North Indian"
9956,Great Indian Khichdi by EatFit,"Koramangala,Bangalore",4.4,100,200,"Home Food,Indian"
9957,Smoodies & Juices: Yours Fruitfully,"Koramangala,Bangalore",4.3,50,140,"Snacks,Healthy Food"
9958,Nati Mane,"Koramangala,Bangalore",2.5,20,300,"Biryani,Indian"
9960,Bite Me Cupcakes,"Koramangala,Bangalore",3.9,100,150,"Bakery,Desserts"
9962,Lot Like Crepes,"Koramangala,Bangalore",4.5,50,600,"Desserts,Continental"
9963,homely,"Koramangala,Bangalore",4.4,1000,200,"Home Food,North Indian"
9966,Chaayos Chai+Snacks=Relax,"Koramangala,Bangalore",4.4,1000,250,"Bakery,Beverages"
9968,Biryani Now by YummyEats,"Koramangala,Bangalore",3.5,20,250,"Biryani,South Indian"
9969,The Doner Company,"Koramangala,Bangalore",4.2,100,300,"Turkish,Middle Eastern"
9972,KFC,"Koramangala,Bangalore",3.8,500,400,"American,Snacks"
9973,Black Kitchen,"Koramangala,Bangalore",4.2,50,200,"Kerala,Indian"
9974,Biryani Blues,"Koramangala,Bangalore",4.2,100,400,"Biryani,Hyderabadi"
9975,Pasta Street,"Koramangala,Bangalore",4.2,100,900,"Italian,Pizzas"
9976,Khan Saheb Grills and Rolls,"Koramangala,Bangalore",3.9,100,300,"Tandoor,Mughlai"
9977,Corner House Ice Cream,"Koramangala,Bangalore",4.6,500,250,"Ice Cream,Desserts"
9978,"No Sugar Please, Sweets & Juices","Koramangala,Bangalore",4.5,100,299,"Beverages,Keto"
9980,Malabar Bay,"Koramangala,Bangalore",3.7,500,300,"Kerala,Seafood"
9981,Maalgaadi by Dhaba Estd 1986 Delhi,"Koramangala,Bangalore",4.0,500,300,"North Indian,Indian"
9983,Natural Ice Cream,"Koramangala,Bangalore",4.7,100,150,Ice Cream
9990,The Circle Dream,"Koramangala,Bangalore",4.3,100,500,"Pizzas,Italian"
9995,BaHa Superfoods,"Koramangala,Bangalore",4.1,20,200,"Healthy Food,Juices"
9996,Artinci - Indulge Guilt Free!,"Koramangala,Bangalore",4.1,50,200,"Ice Cream,Healthy Food"
9997,Nagarjuna,"Koramangala,Bangalore",4.4,1000,600,"Andhra,South Indian"
9998,Gourmet Ice Cream Cakes by Baskin Robbins,"Koramangala,Bangalore",4.7,20,250,"Desserts,Ice Cream"
9999,Paris Waffle Co.,"Koramangala,Bangalore",2.8,20,300,"Desserts,Snacks"
10000,Grill Daddy,"Koramangala,Bangalore",4.3,500,300,"Grill,American"
10004,Icy Spicy,"Koramangala,Bangalore",4.2,100,400,"American,Pizzas"
10005,Delicious foodz,"Koramangala,Bangalore",3.2,20,249,"Indian,Biryani"
10006,Phra Nakhon,"Koramangala,Bangalore",4.6,20,650,Thai
10007,Tapri By The Corner,"Koramangala,Bangalore",4.0,100,250,"North Indian,Chinese"
10008,Fresh Pressery Cafe,"Koramangala,Bangalore",4.5,100,500,"Pizzas,Desserts"
10009,Kabab Magic,"Koramangala,Bangalore",4.0,100,300,"North Indian,Chinese"
10011,IBC (Indian Biryani Company),"Koramangala,Bangalore",3.5,20,200,"Biryani,South Indian"
10012,SOUR HOUSE,"Koramangala,Bangalore",4.8,100,400,Bakery
10014,Golden China,"Koramangala,Bangalore",4.1,20,250,"Chinese,North Indian"
10015,Basmati Express,"Koramangala,Bangalore",3.5,20,300,"Biryani,Andhra"
10017,A2B Veg,"Koramangala,Bangalore",3.9,1000,300,"South Indian,North Indian"
10018,Bangaliana,"Koramangala,Bangalore",4.2,500,500,"Bengali,Mughlai"
10019,Taco Bell,"Koramangala,Bangalore",4.2,500,300,Mexican
10020,Ajji Ruchi Kitchen,"Koramangala,Bangalore",4.3,500,300,Indian
10021,Dock Frost'd -Ice Cream & Milkshakes,"Koramangala,Bangalore",4.2,100,250,"Desserts,Ice Cream"
10028,Hot Lee Chinese,"Koramangala,Bangalore",4.0,50,250,"Chinese,Asian"
10033,Barbeque Nation,"Koramangala,Bangalore",4.0,100,600,"North Indian,Barbecue"
10034,THARAVADU MALABAR BIRYANI,"Koramangala,Bangalore",3.5,50,230,"Biryani,Kerala"
10035,Kota Kachori And Falahaar,"Koramangala,Bangalore",4.0,1000,150,"North Indian,Sweets"
10036,Dairy Day Ice Creams,"Koramangala,Bangalore",4.4,50,200,"Ice Cream,Desserts"
10037,Beijing Bites,"Koramangala,Bangalore",4.4,500,450,"Chinese,Thai"
10038,Sri Srinivas Pork Hotel,"Koramangala,Bangalore",3.5,20,99,"South Indian,Chinese"
10039,Pizza Hut,"Koramangala,Bangalore",3.9,100,350,"Pizzas,Fast Food"
10040,The Burger Place,"Koramangala,Bangalore",4.0,100,250,"Continental,American"
10042,Axomi Taste of Assam,"Koramangala,Bangalore",4.0,20,250,"Assamese,Indian"
10043,The Sugar Free Keto Kafe - By Artinci,"Koramangala,Bangalore",4.1,100,200,"Ice Cream,Healthy Food"
10044,The Mylapore Cafe,"Koramangala,Bangalore",4.3,500,100,South Indian
10045,Madurai Idly Shop,"Koramangala,Bangalore",3.9,500,150,South Indian
10047,NIC Natural Ice Creams,"Koramangala,Bangalore",4.7,100,120,"Ice Cream,Desserts"
10048,Sree Krishna Kafe,"Koramangala,Bangalore",4.4,1000,137,South Indian
10049,1522 - The Pub,"Koramangala,Bangalore",4.0,20,600,"Chinese,Indian"
10051,Haagen Dazs,"Koramangala,Bangalore",3.7,50,600,"Ice Cream,Desserts"
10052,HRX by Eatfit,"Koramangala,Bangalore",4.9,20,270,"Healthy Food,Pizzas"
10053,Nasi and Mee,"Koramangala,Bangalore",4.3,100,800,"Pan-Asian,Japanese"
10056,Espressoulster Coffee,"Koramangala,Bangalore",3.7,20,400,"Continental,Italian"
10060,Sinful Desserts,"Koramangala,Bangalore",4.0,100,300,"Bakery,Desserts"
10063,The Bangalore Creamery,"Koramangala,Bangalore",4.1,100,200,"Bakery,Desserts"
10067,Maa Ki Khichdi,"Koramangala,Bangalore",4.5,20,250,"Healthy Food,Home Food"
10068,The Dessert Heaven - Pure Veg,"Koramangala,Bangalore",3.8,20,200,"Bakery,Desserts"
10072,Waffl'd,"Koramangala,Bangalore",3.8,100,300,"Bakery,Desserts"
10073,SATHYAS,"Koramangala,Bangalore",4.5,20,800,"Chinese,Indian"
10074,Starboy Pizza & Shakes,"Koramangala,Bangalore",4.2,20,300,"Pizzas,Italian"
10076,Nizam's Kitchens,"Koramangala,Bangalore",3.9,100,450,"Biryani,Andhra"
10078,Kitchens of Punjab,"Koramangala,Bangalore",3.9,100,500,"Punjabi,North Indian"
10081,Kirti Kitchen,"Koramangala,Bangalore",3.7,100,150,"North Indian,Chinese"
10084,CANE HUT,"Koramangala,Bangalore",4.0,20,160,"Juices,Ice Cream"
10085,The Tea Pie,"Koramangala,Bangalore",3.8,100,150,"Continental,North Indian"
10086,Say Cheese Cake,"Koramangala,Bangalore",4.3,500,175,"Desserts,Beverages"
10087,Love Momo,"Koramangala,Bangalore",3.8,20,300,"Chinese,Thai"
10088,Breakfast Express,"Koramangala,Bangalore",4.5,500,200,"Continental,North Indian"
10092,NIGHT OUT,"Koramangala,Bangalore",3.7,20,400,Chinese
10093,CHAI DAYS,"Koramangala,Bangalore",4.4,100,200,"Bakery,Combo"
10096,Zubaan Arabian Kitchen,"Koramangala,Bangalore",4.2,50,500,"Arabian,Lebanese"
10097,The Salad Studio,"Koramangala,Bangalore",4.4,100,350,"Healthy Food,Salads"
10098,Stuffed,"Koramangala,Bangalore",4.1,100,300,"Fast Food,Snacks"
10099,ICE CORNER,"Koramangala,Bangalore",3.6,20,200,"Desserts,Beverages"
10102,Dolma Aunty Momos,"Koramangala,Bangalore",4.0,50,250,"Chinese,Tibetan"
10105,Kanti Sweets,"Koramangala,Bangalore",4.4,100,150,Sweets
10106,Social,"Koramangala,Bangalore",4.1,100,500,"North Indian,Chinese"
10108,Roti Curry and Co,"Koramangala,Bangalore",3.8,20,200,"Indian,North Indian"
10112,Chaat Street,"Koramangala,Bangalore",4.1,100,200,"Snacks,Chaat"
10113,Oru Vadakkan Cafe,"Koramangala,Bangalore",4.0,500,400,"Kerala,Biryani"
10117,Sweet Chariot,"Koramangala,Bangalore",4.3,100,500,Desserts
10119,BOX8 - Desi Meals,"Koramangala,Bangalore",4.1,500,250,"North Indian,Biryani"
10122,Juice Junction,"Koramangala,Bangalore",4.6,50,150,Juices
10124,Third Wave Coffee,"Koramangala,Bangalore",4.3,100,400,"Beverages,Bakery"
10127,Shahiya,"Koramangala,Bangalore",3.8,20,300,"Biryani,Kebabs"
10128,Donne Biriyani Mane,"Koramangala,Bangalore",4.1,20,300,"Biryani,Kebabs"
10131,D.I.E.T Carry,"Koramangala,Bangalore",4.3,100,200,"Healthy Food,Salads"
10133,Toscano,"Koramangala,Bangalore",4.1,100,1000,"Italian,Pizzas"
10135,SUGO,"Koramangala,Bangalore",4.1,50,300,"Italian,Pastas"
10136,Raffaele's Ristorante Pizzeria,"Koramangala,Bangalore",4.3,100,800,"Pizzas,Continental"
10137,Copper Chimney,"Koramangala,Bangalore",4.2,100,800,"North Indian,Indian"
10138,Lavender Bakery by Fresh Pressery,"Koramangala,Bangalore",4.4,50,250,"Bakery,American"
10139,FOOD THREAD,"Koramangala,Bangalore",3.6,50,200,"North Indian,Chaat"
10140,XOOX Brewmill,"Koramangala,Bangalore",3.8,20,500,"North Indian,Chinese"
10142,Nizza Pizza,"Koramangala,Bangalore",4.4,100,400,"Pizzas,Italian"
10146,Le Arabia Restaurant,"Koramangala,Bangalore",3.5,20,400,"Arabian,North Indian"
10149,BANSAL QUICK BITES,"Koramangala,Bangalore",4.5,20,300,"Snacks,North Indian"
10158,The Tea Brewery,"Koramangala,Bangalore",4.4,1000,100,"Beverages,Snacks"
10160,GOWHEY- HEALTHY DESSERT COMPANY,"Koramangala,Bangalore",5.0,20,200,"Desserts,Beverages"
10161,GetAWhey - Healthy Ice creams.,"Koramangala,Bangalore",4.0,20,250,"Ice Cream,Healthy Food"
10162,Sorbetto,"Koramangala,Bangalore",4.0,100,300,"Ice Cream,Desserts"
10167,Itminaan Biryani - Dum Pukht,"Koramangala,Bangalore",3.6,20,400,"Biryani,North Indian"
10169,The Biryani Zone - By Kouzina,"Koramangala,Bangalore",3.6,20,150,Biryani
10172,Polar Bear,"Koramangala,Bangalore",4.3,100,200,"Ice Cream,Desserts"
10173,The Brooklyn Creamery - Healthy Ice Cream,"Koramangala,Bangalore",4.6,20,200,"Desserts,Ice Cream"
10174,Basveswara khanavali,"Koramangala,Bangalore",4.0,50,200,South Indian
10181,Chef Bakers Cakes & Savouries,"Koramangala,Bangalore",3.6,20,400,"Bakery,Beverages"
10185,Salt - Indian Restaurant Bar & Grill,"Koramangala,Bangalore",4.2,100,1300,"North Indian,Biryani"
10187,Miami shakes & More,"Koramangala,Bangalore",4.3,20,300,"Beverages,Desserts"
10188,Smoke Tales,"Koramangala,Bangalore",3.5,50,300,"Indian,American"
10189,Jenny's Brownies,"Koramangala,Bangalore",4.3,20,300,"Bakery,Desserts"
10192,APPU'S DONNE BIRYANI,"Koramangala,Bangalore",4.1,50,400,Biryani
10194,IMPERIO COMBO KING,"Koramangala,Bangalore",3.7,20,250,"Biryani,North Indian"
10195,Ancient CHINESE HOUSE,"Koramangala,Bangalore",4.1,100,300,Chinese
10196,PIZZA MADNESS,"Koramangala,Bangalore",2.4,20,200,"Pizzas,Continental"
10198,Sri Krishna Sagar,"Koramangala,Bangalore",4.3,500,126,"South Indian,North Indian"
10199,Momo Guy,"Koramangala,Bangalore",4.3,20,200,"Asian,Tibetan"
10201,Panda Momo,"Koramangala,Bangalore",4.3,20,200,"Asian,Tibetan"
10202,Asia Kitchen By Mainland China,"Koramangala,Bangalore",4.2,100,650,"Asian,Chinese"
10203,Ma's Kitchen,"Koramangala,Bangalore",4.0,20,400,North Indian
10204,KRUST,"Koramangala,Bangalore",4.0,20,300,"Pizzas,Ice Cream"
10210,Hyderabad Biryaani House,"Koramangala,Bangalore",4.0,500,350,"Biryani,Mughlai"
10211,San Tung Chinese,"Koramangala,Bangalore",3.7,100,250,"Chinese,Tibetan"
10213,TANDOORWAALA,"Koramangala,Bangalore",3.3,100,300,"Thalis,Indian"
10217,Connie's Restaurant,"Koramangala,Bangalore",3.4,20,500,"American,Continental"
10218,Porkeats,"Koramangala,Bangalore",4.3,100,250,"Mangalorean,Kerala"
10220,Tamilian Lunch House Since 1973,"Koramangala,Bangalore",4.0,50,250,"North Indian,Biryani"
10221,Sri Udupi Food Hub,"Koramangala,Bangalore",4.3,20,200,"South Indian,North Indian"
10222,Cinnaspice,"Koramangala,Bangalore",3.9,20,300,"Indian,North Indian"
10225,CHOLAY,"Koramangala,Bangalore",4.0,50,200,"North Indian,Indian"
10226,New Ambur Biryani Point,"Koramangala,Bangalore",4.1,20,200,"Biryani,Chinese"
10227,Haka,"Koramangala,Bangalore",4.4,100,500,"Asian,Chinese"
10230,Sundae Everyday Ice Creams,"Koramangala,Bangalore",4.2,50,150,"Desserts,Ice Cream"
10233,The Thick Shake Factory,"Koramangala,Bangalore",4.5,100,200,"Ice Cream,Beverages"
10234,WOWFFLES,"Koramangala,Bangalore",3.9,20,400,"Desserts,Bakery"
10235,Prowl Foods By Tiger Shroff,"Koramangala,Bangalore",3.5,20,500,"North Indian,Continental"
10236,Ghee and Turmeric,"Koramangala,Bangalore",4.2,100,500,"North Indian,Tandoor"
10237,Candice's Gourmet Sandwiches,"Koramangala,Bangalore",4.4,50,650,"Continental,American"
10238,Kunafa World,"Koramangala,Bangalore",4.3,500,500,"Middle Eastern,Desserts"
10239,Aromas of China,"Koramangala,Bangalore",4.1,20,500,Chinese
10242,Makers of Milkshakes,"Koramangala,Bangalore",4.7,20,260,"Beverages,Desserts"
10244,DOCTOR JUICE - Immunity Health Bar!,"Koramangala,Bangalore",4.2,100,150,"Beverages,Juices"
10248,Grameen Kulfi,"Koramangala,Bangalore",4.7,100,120,"Ice Cream,Desserts"
10249,Oh! Calcutta,"Koramangala,Bangalore",4.2,100,800,Bengali
10250,Oottupura,"Koramangala,Bangalore",4.1,100,268,"Kerala,South Indian"
10251,Paneer Kingdom,"Koramangala,Bangalore",3.7,20,200,"North Indian,Biryani"
10252,Mallu House,"Koramangala,Bangalore",4.0,20,230,"Chinese,Snacks"
10253,THE FOOD COURT,"Koramangala,Bangalore",3.9,50,200,"Indian,Chinese"
10255,MAEDAH,"Koramangala,Bangalore",3.7,50,450,"Arabian,Tandoor"
10256,Glen's Bakehouse,"Koramangala,Bangalore",4.3,500,500,"Desserts,Bakery"
10259,Mizo kitchen,"Koramangala,Bangalore",4.4,500,250,"Fast Food,Beverages"
10261,IMPERIO RESTAURANT,"Koramangala,Bangalore",3.7,100,300,"Biryani,Mughlai"
10263,IDC kitchen,"Koramangala,Bangalore",4.2,1000,150,"South Indian,North Indian"
10264,99 VARIETY AND DOSA & PAV BHAJI,"Koramangala,Bangalore",3.8,1000,600,Chaat
10265,Raghavendra Tiffin - KRM,"Koramangala,Bangalore",4.1,100,400,"South Indian,North Indian"
10267,Savoury Restaurant,"Koramangala,Bangalore",3.9,500,600,"Arabian,Middle Eastern"
10269,Nandhini Deluxe,"Koramangala,Bangalore",3.8,500,500,"Andhra,Biryani"
10271,Fiero! Pizzeria,"Koramangala,Bangalore",4.1,100,400,"Pizzas,Italian"
10273,The Rendezvous,"Koramangala,Bangalore",4.4,50,600,"Continental,Italian"
10279,Khamma ghani sa,"Koramangala,Bangalore",3.8,20,500,"North Indian,Rajasthani"
10280,Bhojori Manna,"Koramangala,Bangalore",4.1,500,600,"Bengali,Mughlai"
10281,Hilton Bangalore EGL,"Koramangala,Bangalore",3.8,20,700,"Asian,North Indian"
10282,Momo Hut,"Koramangala,Bangalore",4.1,100,200,"Tibetan,Chinese"
10284,The Bier Library,"Koramangala,Bangalore",4.5,100,600,"Continental,North Indian"
10287,New Udupi Grand,"Koramangala,Bangalore",3.8,50,250,"South Indian,North Indian"
10288,Yumlane Pizza,"Koramangala,Bangalore",4.3,20,300,"Pizzas,Beverages"
10289,Roots,"Koramangala,Bangalore",4.3,100,421,"Indian,Tandoor"
10290,Chaska Bun,"Koramangala,Bangalore",4.7,100,178,Street Food
10292,Mumbai Xpress,"Koramangala,Bangalore",3.9,100,200,"North Indian,Chinese"
10294,Village Donne Biriyani,"Koramangala,Bangalore",2.6,20,300,South Indian
10296,BANOFFEE,"Koramangala,Bangalore",4.0,100,300,"American,Continental"
10297,Tall Blonde French,"Koramangala,Bangalore",4.3,20,250,"American,European"
10298,Coastal Grill,"Koramangala,Bangalore",4.0,20,500,"Mangalorean,South Indian"
10300,Paan Culture,"Koramangala,Bangalore",4.3,50,100,"Indian,Paan"
10302,Louis Burger,"Koramangala,Bangalore",4.3,500,600,American
11140,Momo Zone - The Momo Company,"HSR,Bangalore",3.9,100,150,"Chinese,Tibetan"
11141,99 Variety Dosa and Pav Bhaji,"HSR,Bangalore",3.8,100,200,"South Indian,Snacks"
11142,Affordabowl,"HSR,Bangalore",4.1,100,300,"Salads,Desserts"
11143,Pastas By Pizza Hut,"HSR,Bangalore",4.2,100,300,"Pastas,Pizzas"
11147,ZAZA 22 Spice Biryani,"HSR,Bangalore",3.7,20,250,"Biryani,North Indian"
11149,FreshMenu,"HSR,Bangalore",3.6,500,250,"Chinese,Continental"
11150,Bytes - The Delicious Project,"HSR,Bangalore",4.5,50,350,"North Indian,Combo"
11151,HOUSE OF COMMONS,"HSR,Bangalore",4.4,100,600,Indian
11152,The Belgian Waffle Co.,"HSR,Bangalore",4.3,100,176,"Desserts,Beverages"
11154,EatFit,"HSR,Bangalore",4.2,1000,270,"Healthy Food,Pizzas"
11156,OliveU.Fit - Salads & More,"HSR,Bangalore",4.1,50,300,"Healthy Food,Salads"
11157,Cafe Here & Now,"HSR,Bangalore",4.3,100,700,"Continental,American"
11159,Kaati Zone Rolls & Wraps,"HSR,Bangalore",4.0,500,150,"Beverages,Bengali"
11161,Mumbai Tiffin,"HSR,Bangalore",4.6,1000,400,"North Indian,Home Food"
11163,Si Pizza,"HSR,Bangalore",3.9,20,300,"Italian,Fast Food"
11164,Canteen Central by Eatfit,"HSR,Bangalore",4.1,20,350,"Pizzas,American"
11165,Sagar fast food,"HSR,Bangalore",4.2,100,150,"South Indian,North Indian"
11167,Udupi Aramane,"HSR,Bangalore",4.0,20,300,"North Indian,Chinese"
11169,Turkish Chicken Company,"HSR,Bangalore",4.2,500,200,"Arabian,Turkish"
11172,"Bhartiya Jalpan - Sweets, Dry Fruit and Savouries","HSR,Bangalore",4.0,20,450,"North Indian,Sweets"
11174,Ghar Ka Khana,"HSR,Bangalore",4.2,50,250,Indian
11177,Leon Grill,"HSR,Bangalore",4.4,1000,300,"American,Snacks"
11178,Istah Shawarma,"HSR,Bangalore",4.4,100,250,"Arabian,Lebanese"
11179,Bowl 99,"HSR,Bangalore",4.1,20,250,Indian
11181,Nomad Pizza- Traveller Series,"HSR,Bangalore",4.6,50,850,"Pizzas,Italian"
11182,Sri Krishna Nalapaka,"HSR,Bangalore",4.0,100,300,South Indian
11184,Punjabi Dil Se,"HSR,Bangalore",3.2,20,300,"Punjabi,Tandoor"
11188,Kwality Walls Frozen Dessert and Ice Cream Shop,"HSR,Bangalore",4.6,20,300,Ice Cream
11189,Juice Shop,"HSR,Bangalore",3.2,50,150,"Juices,Ice Cream"
11190,Sardarji Ka Dhaba,"HSR,Bangalore",3.9,100,250,"North Indian,Punjabi"
11192,Giani Icecream,"HSR,Bangalore",4.5,50,300,"Ice Cream,Beverages"
11193,Burgermeister,"HSR,Bangalore",4.0,20,300,"American,Beverages"
11194,Biryani By Kilo,"HSR,Bangalore",4.1,100,500,"Biryani,Hyderabadi"
11195,Taco Bell,"HSR,Bangalore",4.2,100,300,Mexican
11201,The Kerala Central,"HSR,Bangalore",4.0,100,600,"South Indian,Kerala"
11205,Biggies Burger,"HSR,Bangalore",3.8,100,300,"American,Fast Food"
11206,Mani's Dum Biryani,"HSR,Bangalore",4.3,1000,300,Biryani
11211,China Twist,"HSR,Bangalore",3.7,20,200,"Chinese,Thai"
11212,BOMBAY 2 DELHI,"HSR,Bangalore",4.4,20,400,"Snacks,Street Food"
11216,You Me And Tea,"HSR,Bangalore",4.3,20,300,"North Indian,Biryani"
11217,Simplee shawarma,"HSR,Bangalore",4.2,100,160,"Indian,Arabian"
11221,Shaan-e-Punjab,"HSR,Bangalore",4.1,50,300,"North Indian,Tandoor"
11222,Aligarh House by EatFit,"HSR,Bangalore",3.8,100,400,"Biryani,Mughlai"
11223,Madeena Hotel,"HSR,Bangalore",4.0,100,300,"Indian,Biryani"
11224,OSMANIA BIRYANI,"HSR,Bangalore",4.1,100,400,Biryani
11230,Southly Healthy,"HSR,Bangalore",4.2,50,200,"South Indian,Healthy Food"
11231,The Brooklyn Creamery - Healthy Ice Cream,"HSR,Bangalore",4.8,20,200,"Desserts,Ice Cream"
11232,Keventers - Milkshakes and Desserts,"HSR,Bangalore",4.1,100,300,"Beverages,Ice Cream"
11234,LunchBox - Meals and Thalis,"HSR,Bangalore",4.2,500,200,"North Indian,Punjabi"
11235,Indian Paratha Factory,"HSR,Bangalore",4.0,100,249,"North Indian,Indian"
11239,Andhra Delight,"HSR,Bangalore",3.9,100,200,"Biryani,Andhra"
11241,ITC Sunfeast Baked Creations,"HSR,Bangalore",4.5,100,600,"Bakery,Desserts"
11242,Calcutta Cabin,"HSR,Bangalore",4.2,100,200,"Bengali,Snacks"
11243,Indori Poha,"HSR,Bangalore",4.2,500,220,North Indian
11245,Donne Biriyani House,"HSR,Bangalore",3.8,1000,300,South Indian
11247,Flavours Hut,"HSR,Bangalore",4.0,50,100,"Kerala,South Indian"
11248,The Momo Co.,"HSR,Bangalore",3.5,20,250,"Chinese,Asian"
11249,The Good Bowl,"HSR,Bangalore",4.2,50,400,"North Indian,Punjabi"
11251,Breakfast Express,"HSR,Bangalore",4.4,100,200,"Continental,North Indian"
11252,Bathinda Station,"HSR,Bangalore",3.9,100,300,"Punjabi,North Indian"
11253,CURRIES N FRIES,"HSR,Bangalore",4.2,100,400,"Hyderabadi,Biryani"
11255,Dawoods kati Rolls,"HSR,Bangalore",3.7,20,250,"Snacks,Fast Food"
11256,Absolute Shawarma,"HSR,Bangalore",4.1,50,300,"Arabian,Snacks"
11257,Khan Saheb Grills and Rolls,"HSR,Bangalore",4.0,100,300,"Tandoor,Mughlai"
11269,Green Cravings,"HSR,Bangalore",3.7,20,350,"Healthy Food,Continental"
11271,Thalaivars Biryani,"HSR,Bangalore",4.1,500,300,"Andhra,Biryani"
11272,The Rasoiya Street,"HSR,Bangalore",4.0,100,500,"North Indian,Chinese"
11275,Al Bawarchi Biryani,"HSR,Bangalore",3.7,100,300,Biryani
11276,Shudh Desi Bhukkad,"HSR,Bangalore",4.0,100,300,"North Indian,Punjabi"
11277,GLENS BAKEHOUSE,"HSR,Bangalore",4.4,100,800,"Bakery,Italian"
11278,Daily Sushi,"HSR,Bangalore",4.3,100,1200,"Japanese,Asian"
11279,Broadway - The Gourmet Theatre,"HSR,Bangalore",4.3,100,1800,"Chinese,North Indian"
11280,Moti Mahal Delux,"HSR,Bangalore",3.5,100,500,"Punjabi,North Indian"
11283,ITC Fabelle Chocolates,"HSR,Bangalore",4.8,20,600,"Bakery,Desserts"
11286,Third Wave Coffee,"HSR,Bangalore",4.4,100,400,"Beverages,Bakery"
11287,Goli Vada Pav No. 1,"HSR,Bangalore",4.3,100,100,"Maharashtrian,North Indian"
11289,High Street,"HSR,Bangalore",4.2,500,400,"Biryani,North Indian"
11294,Khichdi Kahani,"HSR,Bangalore",3.0,20,200,North Indian
11295,MERHABA TURKISH CUISINE,"HSR,Bangalore",2.2,20,200,"Salads,Beverages"
11297,The Old Champaran Meat House,"HSR,Bangalore",4.1,20,400,"North Indian,Bihari"
11298,veg cake house,"HSR,Bangalore",3.7,20,200,"Desserts,Bakery"
11303,Hotel Empire,"HSR,Bangalore",4.0,1000,450,"North Indian,Kebabs"
11305,Udupi Palace,"HSR,Bangalore",4.0,1000,150,"Beverages,Biryani"
11306,Vegan Heat,"HSR,Bangalore",4.0,100,255,"Healthy Food,Italian"
11307,Krispy Kreme,"HSR,Bangalore",4.6,100,170,"Desserts,Beverages"
11308,Cake House,"HSR,Bangalore",3.8,100,200,Bakery
11309,Bajji's by Gourmet Kitchen,"HSR,Bangalore",3.9,100,100,"North Indian,Indian"
11312,Fries Box,"HSR,Bangalore",3.9,20,250,"American,Continental"
11313,Thalassery Restaurant,"HSR,Bangalore",3.9,500,400,"Indian,Chinese"
11314,Purnabramha,"HSR,Bangalore",4.3,100,850,Maharashtrian
11315,Fresh Cane Juice,"HSR,Bangalore",4.5,100,200,"Indian,Juices"
11316,Anjappar,"HSR,Bangalore",4.0,100,600,"Chettinad,Thalis"
11319,Gold Grill,"HSR,Bangalore",4.4,20,200,"Grill,Snacks"
11321,Donne Biryani,"HSR,Bangalore",4.0,20,200,"Biryani,Kebabs"
11322,Burger It Up,"HSR,Bangalore",3.8,50,150,"American,Fast Food"
11323,New Udupi Grand,"HSR,Bangalore",4.2,100,150,"South Indian,Chinese"
11326,Wingman,"HSR,Bangalore",4.3,50,250,"Continental,American"
11327,Cream Stone Ice Cream,"HSR,Bangalore",4.2,100,200,"Ice Cream,Desserts"
11328,MAYA MOMO SHOP,"HSR,Bangalore",4.6,20,220,"Chinese,Tibetan"
11329,Al Fazal Biriyani House,"HSR,Bangalore",3.2,20,250,"Indian,Biryani"
11330,Slicewich,"HSR,Bangalore",3.2,20,99,"American,Juices"
11335,MDP Coffee House,"HSR,Bangalore",4.2,100,150,"South Indian,Beverages"
11338,Sandwich Eats,"HSR,Bangalore",4.1,50,99,"Indian,Snacks"
11344,Biryani Trip,"HSR,Bangalore",4.1,100,400,"Biryani,Hyderabadi"
11352,THE MOONG ZONE,"HSR,Bangalore",3.2,20,300,Indian
11356,MIRCHI MAHARAJ,"HSR,Bangalore",3.4,50,200,"Indian,Chinese"
11357,Dande's Hyderabad Biryani,"HSR,Bangalore",3.3,20,350,"Biryani,Andhra"
11358,Singh Da Punjabi Dhaba,"HSR,Bangalore",3.9,100,200,"Chinese,Mughlai"
11359,Nanda's,"HSR,Bangalore",4.0,100,400,"Andhra,Biryani"
11360,Village Donne Biryani,"HSR,Bangalore",3.5,20,260,Biryani
11361,The Humble Pie,"HSR,Bangalore",4.6,50,200,Desserts
11363,PUNJAB TIME,"HSR,Bangalore",3.1,20,99,"Punjabi,North Indian"
11365,JENIS RESTAURANT,"HSR,Bangalore",4.1,50,250,"Indian,Chinese"
11367,Akshara royal Andhra food,"HSR,Bangalore",3.8,20,150,Andhra
11369,Khai Khai,"HSR,Bangalore",4.1,100,500,"Bengali,Biryani"
11373,The Golden Bowl,"HSR,Bangalore",3.9,20,200,"Indian,North Indian"
11378,Cakewala,"HSR,Bangalore",4.4,500,450,Desserts
11379,FOOD BABA,"HSR,Bangalore",2.9,20,100,"North Indian,Biryani"
11380,CHOLE BHATURA AND PARATHAS,"HSR,Bangalore",3.5,20,200,"North Indian,Indian"
11381,Sabzi Aur Roti,"HSR,Bangalore",3.6,20,150,Indian
11382,Great Indian Khichdi by EatFit,"HSR,Bangalore",4.2,100,200,"Home Food,Indian"
11383,Mamagoto,"HSR,Bangalore",4.1,100,900,"Chinese,Asian"
11384,Royale Rolls,"HSR,Bangalore",3.0,20,200,Continental
11386,Gangtok Express,"HSR,Bangalore",3.8,20,350,"Tibetan,Chinese"
11387,Baskin Robbins,"HSR,Bangalore",4.6,100,200,Desserts
11388,THARAVADU MALABAR BIRYANI,"HSR,Bangalore",3.4,20,230,"Biryani,Kerala"
11393,SLAY Coffee Bar,"HSR,Bangalore",4.6,100,200,"Beverages,Desserts"
11395,NH1 Bowls - Highway To North,"HSR,Bangalore",4.1,20,250,"North Indian,Punjabi"
11396,GOLDEN SIDRA (A unit of Sher Khan),"HSR,Bangalore",4.2,50,200,"North Indian,Chinese"
11397,Junior Kuppanna,"HSR,Bangalore",3.9,500,450,"Chettinad,South Indian"
11398,Dosa Chicken & Tiffins,"HSR,Bangalore",4.2,500,200,"South Indian,Fast Food"
11400,Qmin,"HSR,Bangalore",4.1,100,200,"Bakery,Street Food"
11402,Silbatti,"HSR,Bangalore",4.1,50,600,North Indian
11403,Boba Time,"HSR,Bangalore",4.0,100,400,Beverages
11404,Kebarbiq - Grill your Hunger,"HSR,Bangalore",4.1,1000,500,"Indian,Arabian"
11405,Snack House,"HSR,Bangalore",3.8,50,300,Street Food
11408,DIETARY CODE,"HSR,Bangalore",4.4,50,600,"American,Italian"
11411,Nadan Pothichoru,"HSR,Bangalore",3.9,20,200,"South Indian,Kerala"
11413,The Biryani Life,"HSR,Bangalore",3.8,20,250,"Biryani,Hyderabadi"
11419,The Cake Zone,"HSR,Bangalore",4.1,100,120,Bakery
11423,Authentic Andhra Restaurant,"HSR,Bangalore",3.9,50,700,Indian
11425,Burger Bros,"HSR,Bangalore",3.9,20,100,"American,Juices"
11426,Wow! Momo,"HSR,Bangalore",4.2,100,300,"Tibetan,Healthy Food"
11428,THEOBROMA,"HSR,Bangalore",4.4,500,600,"Desserts,Bakery"
11431,Sulemani Chichas,"HSR,Bangalore",4.1,50,300,"Hyderabadi,Mughlai"
11432,The Biryani Zone - By Kouzina,"HSR,Bangalore",2.7,20,150,Biryani
11434,New kabab zone,"HSR,Bangalore",2.8,20,300,"Chinese,South Indian"
11437,Cake Factory,"HSR,Bangalore",3.9,50,350,"Bakery,Desserts"
11440,Sweetfry.,"HSR,Bangalore",3.9,50,299,Snacks
11442,Fish & Fries,"HSR,Bangalore",3.8,100,300,"Seafood,Bengali"
11444,Kadavu Shappu Curry's,"HSR,Bangalore",4.2,500,200,"Kerala,Biryani"
11447,Tawa ghar ka,"HSR,Bangalore",3.9,100,300,"Chinese,North Indian"
11449,Aunt Benett's Homely Sandwiches,"HSR,Bangalore",4.6,100,250,"American,Beverages"
11452,Biryani Hazir Ho,"HSR,Bangalore",3.9,20,300,"Biryani,Mughlai"
11453,The Pizza Place,"HSR,Bangalore",4.0,500,250,Pizzas
11456,Fat2Fit Healthy Food,"HSR,Bangalore",3.7,20,200,"Beverages,Juices"
11457,Kumarakom,"HSR,Bangalore",4.2,500,300,"Kerala,South Indian"
11458,Parika,"HSR,Bangalore",4.1,100,1000,"North Indian,Chinese"
11459,Firangi Bake,"HSR,Bangalore",3.8,20,400,"Italian,Mexican"
11460,Apsara Ice Creams,"HSR,Bangalore",4.5,100,150,"Ice Cream,Desserts"
11465,Mega Biryani,"HSR,Bangalore",4.2,20,400,"Biryani,Hyderabadi"
11467,Grow Fit,"HSR,Bangalore",4.0,100,350,"Healthy Food,Keto"
11470,Szechuan Dragon,"HSR,Bangalore",4.1,500,400,"Chinese,Pan-Asian"
11473,GOPIZZA,"HSR,Bangalore",4.1,50,250,Pizzas
11475,SandoITChi Kojo,"HSR,Bangalore",4.0,50,300,"Juices,Continental"
11477,The Kitchen Story,"HSR,Bangalore",2.9,20,300,"North Indian,Chinese"
11480,The Cubano Sandwich Co.,"HSR,Bangalore",4.1,100,300,"American,Salads"
11482,Hebe's,"HSR,Bangalore",4.0,20,400,"Continental,Snacks"
11486,Onesta,"HSR,Bangalore",3.9,500,200,"Italian,Desserts"
11492,Bengali BigFish,"HSR,Bangalore",3.7,100,300,"Bengali,Chinese"
11493,Gourmet Kitchen,"HSR,Bangalore",4.1,20,300,Indian
11495,Smoke House Deli,"HSR,Bangalore",4.3,100,600,"Italian,Continental"
11497,Arya's Kitchens,"HSR,Bangalore",4.1,20,300,"Maharashtrian,North Indian"
11498,Theory Of Omelette,"HSR,Bangalore",4.5,100,400,"Continental,European"
11500,Tea Brew,"HSR,Bangalore",4.0,50,300,"American,Italian"
11503,Polar bear,"HSR,Bangalore",4.4,50,350,"Ice Cream,Beverages"
11504,Simpli Tiffins,"HSR,Bangalore",3.8,100,150,South Indian
11507,Hotel Manu,"HSR,Bangalore",3.7,50,350,"South Indian,Kerala"
11509,Saucy Wok,"HSR,Bangalore",3.4,50,400,"Chinese,Pan-Asian"
11510,Puneri Vada,"HSR,Bangalore",4.0,50,75,"Snacks,North Indian"
11513,HSR Dum Biryani,"HSR,Bangalore",3.9,100,200,"Indian,Biryani"
11516,Chaayos Chai+Snacks=Relax,"HSR,Bangalore",4.4,500,250,"Bakery,Beverages"
11520,Cupcake Bliss Cakes & Desserts,"HSR,Bangalore",3.8,50,200,"Bakery,Desserts"
11522,Gowdru jonne biriyani,"HSR,Bangalore",3.4,20,200,"South Indian,Indian"
11527,Mustard Food Court,"HSR,Bangalore",4.4,20,250,"Biryani,North Indian"
11530,Bombay Kulfis,"HSR,Bangalore",4.7,100,100,"Desserts,Ice Cream"
11531,Khichdi Express,"HSR,Bangalore",4.3,100,300,North Indian
11533,Cafe Coffee Day,"HSR,Bangalore",4.2,50,300,"Beverages,Snacks"
11536,XO Belgian Waffle,"HSR,Bangalore",4.4,100,250,Desserts
11538,GEETHA MILITARY HOTEL,"HSR,Bangalore",2.9,20,200,"Indian,Biryani"
11542,SALT N PEPPER,"HSR,Bangalore",3.0,50,200,Beverages
11543,FLORIDA BURGERS,"HSR,Bangalore",3.4,20,100,"American,Juices"
11547,Corner House Ice Cream,"HSR,Bangalore",4.6,1000,250,"Ice Cream,Desserts"
11550,Easy Bites by Hotel Empire,"HSR,Bangalore",3.6,50,200,"Snacks,Fast Food"
11551,Punjabi Unplugged,"HSR,Bangalore",3.9,100,300,"North Indian,Chinese"
11552,Sardarji Londonwaley,"HSR,Bangalore",3.9,500,300,"North Indian,Chinese"
11554,Coal Spark Restaurant,"HSR,Bangalore",4.2,500,250,"Arabian,North Indian"
11555,ATH - All Things Healthy!,"HSR,Bangalore",4.3,100,200,"Healthy Food,Snacks"
11556,Donne Biryani Palace,"HSR,Bangalore",3.3,20,200,"Biryani,Kebabs"
11557,The Red Box,"HSR,Bangalore",3.6,100,400,Chinese
11558,Chefkraft,"HSR,Bangalore",4.2,100,650,"Continental,Pan-Asian"
11559,Food Factory,"HSR,Bangalore",2.8,20,200,"Indian,North Indian"
11560,Sangam Sweets,"HSR,Bangalore",4.4,1000,100,"North Indian,Desserts"
11562,Sandwich Point,"HSR,Bangalore",4.0,100,99,Indian
11563,Biryani Khazana,"HSR,Bangalore",3.8,50,400,Biryani
11566,Rashtrakutas,"HSR,Bangalore",4.1,100,550,"Andhra,South Indian"
11567,Stoned Monkey,"HSR,Bangalore",3.9,20,250,"Ice Cream,Beverages"
11570,The Dessert Zone,"HSR,Bangalore",3.5,50,200,"Bakery,Desserts"
11571,Grubbery,"HSR,Bangalore",3.6,20,199,"Continental,American"
11572,Khichadiwala,"HSR,Bangalore",4.4,500,200,North Indian
11573,Rolls On Wheels,"HSR,Bangalore",4.3,1000,300,North Indian
11575,Ice treat,"HSR,Bangalore",4.4,20,250,"Ice Cream,Desserts"
11578,Kailash Parbat,"HSR,Bangalore",4.1,20,300,"North Indian,Street Food"
11580,BigBites,"HSR,Bangalore",4.2,20,300,"Street Food,Fast Food"
11581,Burger King,"HSR,Bangalore",4.1,1000,350,"American,Fast Food"
11584,SLAY Coffee,"HSR,Bangalore",4.5,100,200,"Beverages,Desserts"
11587,Keventers Ice Cream,"HSR,Bangalore",4.0,20,300,"Ice Cream,Desserts"
11588,Kutty Shaap HSR,"HSR,Bangalore",3.8,50,250,"Kerala,Seafood"
11589,Amirunisa Ambur Hot Dum Biriyani,"HSR,Bangalore",3.9,20,250,"Indian,Biryani"
11592,Madras Meal Company,"HSR,Bangalore",3.9,50,350,"South Indian,Chettinad"
11594,Raichur Biryani House,"HSR,Bangalore",3.9,20,300,"Biryani,Chinese"
11596,Jamshedpur chats and golgappa,"HSR,Bangalore",4.1,100,200,"North Indian,Chaat"
11597,Shree Khana Khazana,"HSR,Bangalore",3.9,100,350,"Indian,Rajasthani"
11598,USTAD BIRIYANI,"HSR,Bangalore",4.0,20,250,"Indian,North Indian"
11599,Southinn,"HSR,Bangalore",4.3,100,300,"Chinese,North Indian"
11601,The Punjabi Rasoi,"HSR,Bangalore",4.1,1000,800,North Indian
11602,Singh Da Pind,"HSR,Bangalore",3.7,500,400,"Punjabi,North Indian"
11603,Chopstreet,"HSR,Bangalore",4.4,50,500,"North Indian,Chinese"
11604,SHAWARMA INDIAH,"HSR,Bangalore",4.8,20,200,"Arabian,Burgers"
11607,Artinci - Indulge Guilt Free!,"HSR,Bangalore",4.5,100,200,"Ice Cream,Healthy Food"
11611,Domino's Pizza,"HSR,Bangalore",4.1,100,400,Pizzas
11612,Chai Point,"HSR,Bangalore",4.4,1000,150,"Bakery,Beverages"
11613,AL KHAJA RESTURENT,"HSR,Bangalore",4.4,20,500,"Chinese,North Indian"
11614,Subway,"HSR,Bangalore",4.3,500,350,"Salads,Snacks"
11615,Mast Marathi,"HSR,Bangalore",4.0,500,300,"Maharashtrian,Fast Food"
11620,SNACKS POINT,"HSR,Bangalore",4.2,20,200,Fast Food
11621,MADE IN IDLY,"HSR,Bangalore",4.0,100,200,"South Indian,Combo"
11624,Indian Burrito Company,"HSR,Bangalore",3.5,20,350,"Tex-Mex,Salads"
11626,Shahenshah Biryani,"HSR,Bangalore",2.2,20,400,Biryani
11628,Raghavendra Tiffin HSR,"HSR,Bangalore",4.4,100,350,South Indian
11629,Pappu Chaiwalla,"HSR,Bangalore",3.9,50,300,"Continental,North Indian"
11631,The Breakfast Nook,"HSR,Bangalore",4.2,100,300,"American,Continental"
11632,SMOOR,"HSR,Bangalore",4.6,100,350,"Desserts,Bakery"
11633,"Sahukar Biryani ""Biryani Royal""","HSR,Bangalore",4.4,50,300,Indian
11634,Gavran Misal,"HSR,Bangalore",4.4,20,100,North Indian
11638,Copper Kitchen,"HSR,Bangalore",4.0,100,600,"Biryani,Barbecue"
11639,Ryu Ramen Co.,"HSR,Bangalore",4.2,500,600,"Japanese,Asian"
11641,"Frozen Bottle - Milkshakes, Desserts And Ice Cream","HSR,Bangalore",4.4,100,250,"Beverages,Desserts"
11643,Oyster Bar & Kitchen,"HSR,Bangalore",3.1,20,300,"Pizzas,Beverages"
11645,Paratha Box by EatFit,"HSR,Bangalore",3.5,20,250,"North Indian,Punjabi"
11647,Amma's Pastries,"HSR,Bangalore",4.0,50,350,"Bakery,Desserts"
11649,Davanagere Benne Dose Ruchi,"HSR,Bangalore",4.2,50,150,"South Indian,Combo"
11651,Yumlane Pizza,"HSR,Bangalore",4.5,20,300,"Pizzas,Beverages"
11652,IBC ( Indian Biryani Company),"HSR,Bangalore",4.0,20,250,Biryani
11654,Juice Junction,"HSR,Bangalore",4.3,100,200,"Juices,Fast Food"
11656,AM New Punjab Food Corner,"HSR,Bangalore",3.8,20,260,"North Indian,Chinese"
11659,Crusto's - Cheese Burst Pizza,"HSR,Bangalore",4.0,100,300,"Pizzas,Italian"
11661,Olio - The Wood Fired Pizzeria,"HSR,Bangalore",4.0,500,300,"Pizzas,Italian"
11662,Slurpy Shakes,"HSR,Bangalore",4.0,20,150,"Beverages,Ice Cream"
11664,Hotel Salam,"HSR,Bangalore",4.0,500,250,"Biryani,Tandoor"
11669,Kanti Sweets,"HSR,Bangalore",4.4,100,150,Sweets
11671,Mughal Treat,"HSR,Bangalore",4.2,100,400,"Biryani,Chinese"
11672,Shree Muthahalli Veg,"HSR,Bangalore",4.4,500,250,"South Indian,North Indian"
11673,Sardarji Parathawala,"HSR,Bangalore",3.4,20,100,"North Indian,Thalis"
11677,GOWDRU HOTEL,"HSR,Bangalore",3.9,100,400,"Chinese,North Indian"
11682,Table for Tous,"HSR,Bangalore",4.7,100,600,"Desserts,Bakery"
11686,McDonald's,"HSR,Bangalore",4.3,1000,400,"Burgers,Beverages"
11687,Samosa Party,"HSR,Bangalore",4.3,100,150,"Chaat,North Indian"
11689,Mantra's Donne Biryani,"HSR,Bangalore",4.0,100,150,"Biryani,South Indian"
11691,The Bowl Company,"HSR,Bangalore",4.4,1000,300,"Continental,North Indian"
11693,homely,"HSR,Bangalore",4.4,1000,200,"Home Food,North Indian"
11694,Behrouz Biryani,"HSR,Bangalore",4.2,100,500,"Biryani,Mughlai"
11698,Paradise Biryani,"HSR,Bangalore",3.8,1000,400,"Biryani,Kebabs"
11699,Mad Over Donuts,"HSR,Bangalore",4.5,100,200,"Desserts,Sweets"
11703,The Daily Bowl,"HSR,Bangalore",4.3,20,250,"North Indian,Indian"
11704,TEXAS BURGERS,"HSR,Bangalore",3.9,100,200,"American,Snacks"
11705,The Empire Juice Shop,"HSR,Bangalore",3.9,20,200,"Juices,Ice Cream"
11707,Wack Waffles & Brownies,"HSR,Bangalore",4.4,20,250,"Waffle,Bakery"
11708,Babai Tiffins,"HSR,Bangalore",4.4,500,250,"South Indian,Juices"
11711,Miami Waffles & Jawbreakers,"HSR,Bangalore",4.6,20,200,"Waffle,Bakery"
11713,Jenny's Brownies,"HSR,Bangalore",4.8,20,250,"Waffle,Bakery"
11714,Miami Shakes & More,"HSR,Bangalore",4.2,20,200,"Biryani,Mughlai"
11715,Burger Yard,"HSR,Bangalore",4.4,20,650,"American,Beverages"
11719,Colombo Idli House,"HSR,Bangalore",4.4,100,200,"South Indian,Italian"
11721,Udta Punjab Kitchen,"HSR,Bangalore",3.4,20,150,Indian
11722,Momo Guy,"HSR,Bangalore",4.4,50,200,"Asian,Tibetan"
11723,Magic Pancakes,"HSR,Bangalore",4.7,20,250,"Waffle,Desserts"
11725,Sandwich Guru,"HSR,Bangalore",4.2,500,99,"Snacks,Beverages"
11727,Biryani Co. - Dum Biryanis Made to Order,"HSR,Bangalore",4.0,100,500,"Indian,Biryani"
11729,New York Waffles & Dinges,"HSR,Bangalore",4.1,20,250,"Waffle,Bakery"
11730,Sanskari Biryani,"HSR,Bangalore",4.5,20,300,"Biryani,Mughlai"
11731,The Almighty Biryani,"HSR,Bangalore",4.0,50,300,"Biryani,Mughlai"
11732,Osyummly,"HSR,Bangalore",4.7,50,300,"Indian,Beverages"
11733,Maa Ki Khichdi,"HSR,Bangalore",4.7,20,250,"Indian,Beverages"
11734,Khichdi Paradise,"HSR,Bangalore",4.5,50,250,"Indian,Beverages"
11735,Goli Vada Pav No .1,"HSR,Bangalore",4.2,100,100,"Maharashtrian,North Indian"
11736,MBA In Khichdi,"HSR,Bangalore",4.5,20,250,"Indian,Beverages"
11738,Dindigul Thalappakatti,"HSR,Bangalore",3.9,100,650,"Biryani,Barbecue"
11742,A2B Veg,"HSR,Bangalore",4.2,1000,300,"South Indian,North Indian"
11744,Homely Hut,"HSR,Bangalore",4.3,50,250,"Home Food,North Indian"
11745,Ludos Pizza,"HSR,Bangalore",4.0,100,300,"Italian,Fast Food"
11746,Sanskari Paratha,"HSR,Bangalore",4.1,20,250,"Indian,Beverages"
11747,Once Upon A Flame,"HSR,Bangalore",4.3,50,1000,Continental
11748,Oven Story Pizza,"HSR,Bangalore",4.0,100,400,"Pizzas,Italian"
11749,Le Fromage,"HSR,Bangalore",4.0,50,200,Desserts
11751,Ice Corner,"HSR,Bangalore",3.4,20,200,"Fast Food,Ice Cream"
11752,Jeni's Kitchen,"HSR,Bangalore",3.8,100,250,"North Indian,Chinese"
11755,Itminaan Biryani - Dum Pukht,"HSR,Bangalore",3.3,20,400,"Biryani,North Indian"
11758,Gongura Grand,"HSR,Bangalore",4.0,100,300,"Biryani,Chinese"
11761,Ratna Tiffins,"HSR,Bangalore",4.1,50,200,"Indian,North Indian"
11763,Garden Fresh,"HSR,Bangalore",4.1,100,200,"Beverages,Healthy Food"
11764,Namaste,"HSR,Bangalore",4.0,1000,100,"South Indian,Thalis"
11765,Atthemane's Biryani Palace,"HSR,Bangalore",4.0,50,400,"Biryani,Pizzas"
11768,Pizza Hut,"HSR,Bangalore",3.7,1000,300,"Pizzas,Fast Food"
11771,Basmati Express,"HSR,Bangalore",3.0,20,300,"Biryani,Andhra"
11779,Andhra Meals Express,"HSR,Bangalore",4.3,1000,300,"Andhra,Biryani"
11781,BAJJIS & PAKODAS,"HSR,Bangalore",3.6,20,50,Street Food
11782,Donne Biriyani Mane,"HSR,Bangalore",3.2,50,160,"Biryani,Indian"
11783,Paratha Dhaba,"HSR,Bangalore",3.0,20,100,"North Indian,Thalis"
11788,ANDE KA FUNDA,"HSR,Bangalore",3.5,20,300,"Indian,Chinese"
11790,Sweet Truth - Cake and Desserts,"HSR,Bangalore",4.2,50,450,"Ice Cream,Bakery"
11791,HANUMANTHU PALAV(Non-Veg),"HSR,Bangalore",3.7,50,250,Biryani
11793,The Wok pops,"HSR,Bangalore",4.3,50,199,"Chinese,Continental"
11795,NATI STYLE DONNE BIRYANI,"HSR,Bangalore",3.2,20,250,Biryani
11797,Coastal culture,"HSR,Bangalore",4.1,100,300,"Mangalorean,Seafood"
11799,HRX by Eatfit,"HSR,Bangalore",5.0,20,270,"Healthy Food,Pizzas"
11803,Pomelo Calcutta Tiffin,"HSR,Bangalore",4.1,20,300,"Home Food,Bengali"
11805,Napoli Italian Bistro,"HSR,Bangalore",4.0,50,500,"Italian,Pizzas"
11806,ICE STONE ICE CREAM,"HSR,Bangalore",4.3,50,200,"Ice Cream,Beverages"
11807,The Rush Restaurant,"HSR,Bangalore",4.6,100,250,"North Indian,Chinese"
11809,New Mangalore Lunch Home,"HSR,Bangalore",3.9,50,200,"Beverages,Chinese"
11810,California Burrito,"HSR,Bangalore",4.4,1000,250,"Mexican,American"
11811,The Wooden Spoon,"HSR,Bangalore",3.9,100,400,"Chinese,Pan-Asian"
11813,Maharaja Chaap - Pure Veg Restaurant,"HSR,Bangalore",3.7,50,250,"North Indian,Chinese"
11814,HomeSe Just Veg,"HSR,Bangalore",4.3,20,200,"Home Food,South Indian"
11824,Chicking,"HSR,Bangalore",3.8,500,400,"Fast Food,American"
11828,Beijing Bites,"HSR,Bangalore",4.1,500,450,Chinese
11830,Irani Chai Tea,"HSR,Bangalore",4.2,20,150,"Beverages,Snacks"
11832,Samosa Singh,"HSR,Bangalore",4.0,100,150,"Snacks,North Indian"
11835,Delhi Wala Paratha,"HSR,Bangalore",2.1,20,199,"Thalis,Combo"
11837,BOX8 - Desi Meals,"HSR,Bangalore",4.0,500,250,"North Indian,Biryani"
11840,Biriyani Zone,"HSR,Bangalore",4.0,100,600,"Biryani,Andhra"
11841,Kapoor's Cafe,"HSR,Bangalore",4.3,500,500,North Indian
11843,Lama's Cafe,"HSR,Bangalore",4.3,50,500,"Nepalese,Tibetan"
11844,Bathinda Junction,"HSR,Bangalore",3.8,100,250,"Punjabi,North Indian"
11845,Shero Home Food - Chettinad,"HSR,Bangalore",4.8,50,350,"South Indian,Chettinad"
11849,WarmOven Cakes & Desserts,"HSR,Bangalore",4.1,100,200,"Bakery,Desserts"
11852,Adiga's,"HSR,Bangalore",4.3,500,200,"South Indian,North Indian"
11853,Southern Soul Restaurant,"HSR,Bangalore",4.4,20,250,"South Indian,Chinese"
11857,Koyla - Rolls & Kebabs,"HSR,Bangalore",3.9,50,400,"North Indian,Fast Food"
11859,Shree Mahalakshmi Sweets,"HSR,Bangalore",3.9,100,200,"Sweets,Snacks"
11860,Puliyogare Palace,"HSR,Bangalore",4.0,50,200,"South Indian,Desserts"
11861,Panda Momos,"HSR,Bangalore",3.9,50,200,"Asian,Tibetan"
11863,Quench by SALADrink,"HSR,Bangalore",4.4,50,200,"Beverages,Healthy Food"
11865,Punjabi Dhaba,"HSR,Bangalore",3.9,100,350,"North Indian,Chinese"
11867,Pasta Palace,"HSR,Bangalore",4.3,20,250,"Continental,Pastas"
11869,Punjabi Burgers,"HSR,Bangalore",4.2,20,250,Chinese
11871,Natural Ice Cream,"HSR,Bangalore",4.7,500,150,Ice Cream
11872,Davanagere Benne Dose (HSR),"HSR,Bangalore",4.2,100,100,South Indian
11873,Pabrai's Fresh and Naturelle Ice Creams,"HSR,Bangalore",4.4,50,180,"Desserts,Ice Cream"
11876,Bombay Brasserie,"HSR,Bangalore",4.1,20,900,"North Indian,Biryani"
11877,Sri Dalma,"HSR,Bangalore",4.1,100,300,"North Indian,Oriya"
11878,Sector 7 Cafe,"HSR,Bangalore",4.1,100,600,"Continental,American"
11879,HALA LEBENESE CUISINE,"HSR,Bangalore",2.6,100,200,"Lebanese,Arabian"
11885,Kachori Kafe,"HSR,Bangalore",3.6,20,400,"North Indian,Rajasthani"
11887,Oh My! Momo,"HSR,Bangalore",4.3,20,250,"Chinese,Snacks"
11890,Kota Kachori And Falahaar,"HSR,Bangalore",4.0,500,150,"North Indian,Snacks"
11891,Andhra Meal Company,"HSR,Bangalore",4.0,50,200,"Andhra,Home Food"
11892,MH09,"HSR,Bangalore",3.7,20,400,"Snacks,Fast Food"
11893,Badmash Biryani,"HSR,Bangalore",3.8,20,300,"Biryani,Mughlai"
11895,wok story,"HSR,Bangalore",4.8,20,250,Chinese
11896,Rolling Joint,"HSR,Bangalore",4.5,20,250,"Snacks,Healthy Food"
11898,Desi Burgers,"HSR,Bangalore",4.0,20,250,"Continental,Pastas"
11899,Cupcake Noggins - Vintage Patisserie,"HSR,Bangalore",4.2,50,150,"Desserts,Bakery"
11902,Hokart - Sri Balaji Chats Chole Kulche,"HSR,Bangalore",4.6,20,150,"Street Food,Snacks"
11905,Swad Signal,"HSR,Bangalore",4.1,50,200,"North Indian,Chinese"
11906,RS Donne Biryani & Nati Foods,"HSR,Bangalore",3.9,50,250,"Biryani,Chettinad"
11907,HOTEL THORANAM,"HSR,Bangalore",3.7,20,300,"Andhra,Biryani"
11908,Desi Khana,"HSR,Bangalore",3.5,20,100,"North Indian,Thalis"
11909,Sri Rajasthani Foods,"HSR,Bangalore",3.5,50,100,"North Indian,Thalis"
11910,56 Bhoga Sweets,"HSR,Bangalore",4.3,100,300,"Sweets,Snacks"
11913,Lo! - Low Carb and Keto Foods,"HSR,Bangalore",4.6,500,150,"Healthy Food,Keto"
11915,Cafe Amor,"HSR,Bangalore",4.6,20,250,"Chinese,Snacks"
11917,Mr Biriyani,"HSR,Bangalore",4.0,50,300,Biryani
11918,Rolls Factory,"HSR,Bangalore",4.3,20,250,"Healthy Food,Snacks"
11921,Harilal Ka Bihari Dhaba,"HSR,Bangalore",3.9,20,150,"North Indian,Chinese"
11922,DRAGON'S KITCHEN CHINESE CUISINE,"HSR,Bangalore",3.8,50,400,Chinese
11926,The Momo Lab,"HSR,Bangalore",4.3,50,250,"Chinese,Indian"
11927,Juice and Lassi Bar,"HSR,Bangalore",3.0,20,140,"Juices,Beverages"
11928,Hearty Treats,"HSR,Bangalore",4.4,20,300,"Healthy Food,Desserts"
11931,Toping Twist,"HSR,Bangalore",4.4,50,199,"Chinese,Continental"
11933,Momo Monk,"HSR,Bangalore",4.2,50,350,"Pan-Asian,Chinese"
11935,Siro's Grillhouse,"HSR,Bangalore",2.9,20,250,"Arabian,Turkish"
11937,The Sugar Free Keto Kafe - By Artinci,"HSR,Bangalore",4.2,100,200,"Ice Cream,Healthy Food"
11940,GOOD FETTLE HEALTHY ICE CREAM,"HSR,Bangalore",4.8,20,190,"Ice Cream,Desserts"
11943,Big Bowl Company,"HSR,Bangalore",3.4,100,250,"North Indian,Chinese"
11946,Paratha Envy,"HSR,Bangalore",4.4,100,249,North Indian
11947,Chandni Chowk,"HSR,Bangalore",3.4,20,150,"Fast Food,Chaat"
11948,Pind Da Paratha,"HSR,Bangalore",4.3,50,250,"North Indian,Desserts"
11950,Andhra Gunpowder,"HSR,Bangalore",4.1,500,350,"Andhra,Biryani"
11952,The Thick Shake Factory,"HSR,Bangalore",4.5,100,200,"Ice Cream,Beverages"
11954,Prowl Foods By Tiger Shroff,"HSR,Bangalore",4.0,50,500,"North Indian,Continental"
11955,Smoodies & Juices: Yours Fruitfully,"HSR,Bangalore",4.1,50,140,"Snacks,Healthy Food"
11957,Marwar's,"HSR,Bangalore",3.8,50,150,North Indian
11959,Ghee and Turmeric,"HSR,Bangalore",3.9,50,500,"North Indian,Tandoor"
11961,Kachori Chowk,"HSR,Bangalore",4.3,50,150,"Chaat,Street Food"
11965,Punjabi Nawabi,"HSR,Bangalore",4.0,1000,400,"Punjabi,North Indian"
11966,Cream Zone,"HSR,Bangalore",3.8,50,150,"Desserts,Ice Cream"
11967,KFC,"HSR,Bangalore",4.1,500,400,"American,Snacks"
11969,Rolls & Bowls Company,"HSR,Bangalore",3.8,20,250,"North Indian,Chinese"
11970,rolling momos,"HSR,Bangalore",4.9,20,250,Chinese
11972,Arogya Ahaara,"HSR,Bangalore",4.2,100,300,"South Indian,North Indian"
11973,Asha tiffins,"HSR,Bangalore",4.4,1000,200,"Indian,South Indian"
11975,Grameen Kulfi,"HSR,Bangalore",4.6,50,120,"Ice Cream,Desserts"
11977,Cuppa Redefined,"HSR,Bangalore",4.2,20,300,"American,Continental"
11978,Dil Tiffins,"HSR,Bangalore",4.4,20,200,"South Indian,Street Food"
11979,Indiana Burgers,"HSR,Bangalore",4.0,100,150,"American,Beverages"
11980,The Himalayan Momo Company,"HSR,Bangalore",4.3,100,300,"Chinese,Tibetan"
11981,chikpet donne biryani,"HSR,Bangalore",3.1,20,250,"Biryani,North Indian"
11982,Breakfast Junction,"HSR,Bangalore",4.8,20,250,"Chinese,Snacks"
11983,Blue Tokai Coffee Roasters,"HSR,Bangalore",4.7,50,600,"Healthy Food,Beverages"
11984,Ramji Chole Bhature Center,"HSR,Bangalore",3.4,20,100,"North Indian,Chaat"
11985,Go italia,"HSR,Bangalore",4.0,20,500,"Pizzas,Pastas"
11988,Meraki,"HSR,Bangalore",3.9,100,300,"Chinese,Asian"
11990,Go Native,"HSR,Bangalore",4.1,100,600,"Healthy Food,Jain"
11994,MATHSYA DARSHINI,"HSR,Bangalore",3.8,20,300,"Seafood,Biryani"
11997,NIC Natural Ice Creams,"HSR,Bangalore",4.5,500,120,"Ice Cream,Desserts"
12000,HSR Food Point,"HSR,Bangalore",3.8,20,200,"North Indian,Chinese"
12003,HISLERIM,"HSR,Bangalore",4.2,20,299,"North Indian,Chinese"
12005,Cake Express,"HSR,Bangalore",3.8,100,300,"Desserts,Bakery"
12008,Kerala Ithaas,"HSR,Bangalore",3.6,100,250,"Biryani,South Indian"
12010,BANGARPET CHATS,"HSR,Bangalore",3.8,50,100,Chaat
12012,IceBreakers Ice Cream,"HSR,Bangalore",3.4,20,200,"Ice Cream,Desserts"
12013,Wow! China,"HSR,Bangalore",3.9,1000,300,"Tibetan,Chinese"
12014,Chaat Street,"HSR,Bangalore",4.0,500,200,"Fast Food,Snacks"
12015,Juice Junction Food Court,"HSR,Bangalore",4.2,100,200,"Chinese,North Indian"
12016,Curry On Tikka,"HSR,Bangalore",3.9,100,350,"North Indian,Punjabi"
12018,Seedha Saada Samosa,"HSR,Bangalore",3.9,20,200,"Snacks,Fast Food"
12021,Retro the vintage cafe,"HSR,Bangalore",3.9,50,200,"Beverages,Ice Cream"
12024,McDonald's Gourmet Burger Collection,"HSR,Bangalore",3.8,20,600,"Burgers,Beverages"
12026,Cafe Soy,"HSR,Bangalore",4.1,50,450,"Chinese,Pan-Asian"
12027,Faasos - Wraps & Rolls,"HSR,Bangalore",4.2,100,200,"Fast Food,Snacks"
12029,FALOODA PALACE,"HSR,Bangalore",3.9,50,360,"Beverages,Desserts"
12030,Mallu House,"HSR,Bangalore",3.0,20,230,"Kebabs,South Indian"
12034,Bong Bhoj,"HSR,Bangalore",3.6,20,350,"Bengali,Biryani"
12037,Khichdi Paradise,"Arekere,Bangalore",4.2,20,250,"Home Food,Desserts"
12038,Home Plate by EatFit,"Arekere,Bangalore",3.8,100,160,"North Indian,Home Food"
12040,555 Darjeeling Unique Asian Cuisine,"Arekere,Bangalore",4.4,100,300,Asian
12041,Momo Guy,"Arekere,Bangalore",4.7,20,200,"Asian,Tibetan"
12043,Domino's Pizza,"Arekere,Bangalore",3.9,500,400,Pizzas
12044,UDTA PUNJABI SWAD,"Arekere,Bangalore",3.9,20,250,"Indian,Tandoor"
12045,Samosa Singh,"Arekere,Bangalore",4.1,100,150,"Snacks,North Indian"
12046,HUNGER TREATS,"Arekere,Bangalore",5.0,50,300,"Burgers,Snacks"
12053,Sandos 'n Grills - Gourmet Burgers,"Arekere,Bangalore",4.1,100,450,"American,Continental"
12054,Subway,"Arekere,Bangalore",4.3,100,350,"Salads,Snacks"
12055,New Kabab Zone,"Arekere,Bangalore",3.8,100,250,"North Indian,Chinese"
12058,Chai Point,"Arekere,Bangalore",4.3,500,150,"Bakery,Beverages"
12060,Crown Restaurant,"Arekere,Bangalore",4.5,20,300,"Indian,Chinese"
12063,BRAHMINS CHATS And FAST FOOD,"Arekere,Bangalore",4.2,50,150,Chaat
12067,Just Delicious,"Arekere,Bangalore",4.2,500,300,"North Indian,Snacks"
12068,Thakkali Kitchens,"Arekere,Bangalore",3.7,100,399,"Kerala,South Indian"
12069,Iyengar Amma Pastries,"Arekere,Bangalore",3.4,20,300,"Bakery,Snacks"
12070,Snack Ride,"Arekere,Bangalore",5.0,20,250,"Snacks,Chaat"
12074,PAWAN SWEETS,"Arekere,Bangalore",4.1,100,360,Sweets
12075,NAALNAAD MANE,"Arekere,Bangalore",4.8,100,438,"Indian,South Indian"
12077,GOWHEY- HEALTHY DESSERT COMPANY,"Arekere,Bangalore",4.1,20,200,"Ice Cream,Healthy Food"
12079,Chavadi,"Arekere,Bangalore",4.0,50,450,"Continental,Pizzas"
12080,The Brooklyn Creamery - Healthy Ice Cream,"Arekere,Bangalore",4.2,20,200,"Desserts,Ice Cream"
12081,Amul Ice Cream Parlour (DLF Main Road),"Arekere,Bangalore",4.4,100,99,"Desserts,Ice Cream"
12082,Sandwich Guru,"Arekere,Bangalore",4.0,100,150,"Snacks,Beverages"
12087,Mealful Rolls - Meals in a Roll,"Arekere,Bangalore",4.2,20,250,"Fast Food,North Indian"
12088,Ishta Cafe - Millet Pizzas,"Arekere,Bangalore",3.7,20,400,"Pizzas,Salads"
12090,Paratha Envy,"Arekere,Bangalore",4.2,100,249,North Indian
12092,Green Cravings,"Arekere,Bangalore",4.0,100,250,"Healthy Food,Continental"
12093,New Udupi Veg,"Arekere,Bangalore",3.8,20,200,"South Indian,Chinese"
12098,GUNDU PALAV SGS NON VEG - ORIGINAL,"Arekere,Bangalore",4.1,50,200,Indian
12101,Dindigul Thalappakatti,"Arekere,Bangalore",3.9,100,650,"Biryani,Barbecue"
12104,Prashanth Gowdru Badoota,"Arekere,Bangalore",4.1,50,400,"Indian,Tandoor"
12105,KFC,"Arekere,Bangalore",3.9,100,400,"American,Snacks"
12107,Soup Station,"Arekere,Bangalore",3.8,500,300,"Continental,Healthy Food"
12108,The Dessert Zone,"Arekere,Bangalore",3.7,50,200,"Bakery,Desserts"
12109,GURU PALACE,"Arekere,Bangalore",4.3,50,500,"Chinese,Indian"
12110,Chaatimes,"Arekere,Bangalore",4.3,100,150,"Chaat,Beverages"
12112,The Bowl Company,"Arekere,Bangalore",4.1,500,300,"Continental,Indian"
12113,homely,"Arekere,Bangalore",4.1,500,200,"Home Food,North Indian"
12114,Just Shawarma,"Arekere,Bangalore",3.6,50,150,Lebanese
12115,NAMANA GARDEN,"Arekere,Bangalore",3.7,20,140,"South Indian,North Indian"
12116,Iyengars Bakery,"Arekere,Bangalore",3.9,100,100,Bakery
12117,Food Court By Kitchens@,"Arekere,Bangalore",3.5,20,300,"Biryani,Mughlai"
12119,Amma's Pastries,"Arekere,Bangalore",3.9,100,350,"Bakery,Desserts"
12120,DESI CHOWK,"Arekere,Bangalore",3.8,50,299,"Chinese,Continental"
12122,Oven Story Pizza,"Arekere,Bangalore",3.7,100,400,"Pizzas,Italian"
12126,Superman Momos,"Arekere,Bangalore",4.3,20,800,"Chinese,Tibetan"
12128,Zomoz - The Momo Company,"Arekere,Bangalore",4.3,100,250,"Tibetan,Chinese"
12130,Chakka Manga Thenga,"Arekere,Bangalore",4.0,500,250,"Kerala,Seafood"
12132,NOTO - Healthy Ice Cream,"Arekere,Bangalore",4.3,50,300,"Ice Cream,Healthy Food"
12134,cafe kanthari,"Arekere,Bangalore",4.1,100,250,"Kerala,South Indian"
12135,Madras Meal Company,"Arekere,Bangalore",3.7,50,250,"Chettinad,South Indian"
12136,ZAZA 22 Spice Biryani,"Arekere,Bangalore",3.9,20,250,"Biryani,North Indian"
12137,Maa Reddy's Hyderabadi Biryani House,"Arekere,Bangalore",3.4,100,400,"Biryani,Indian"
12138,Wow! Momo,"Arekere,Bangalore",4.2,100,250,"Tibetan,Healthy Food"
12140,UDUPI UPAHAR,"Arekere,Bangalore",4.4,20,100,"Chinese,South Indian"
12142,Juice Shop,"Arekere,Bangalore",4.0,100,150,"Juices,Ice Cream"
12144,SRI RADHE RASOI,"Arekere,Bangalore",4.5,50,250,"North Indian,Desserts"
12145,Noodle King Asian Bowls,"Arekere,Bangalore",3.8,20,500,"Thai,Chinese"
12146,Maa Ki Khichdi,"Arekere,Bangalore",4.4,20,250,"Home Food,Desserts"
12147,Tuckshop Cafe,"Arekere,Bangalore",4.2,100,200,"American,Fast Food"
12148,Estaa Sweets,"Arekere,Bangalore",4.3,100,300,"Sweets,Snacks"
12149,Delhi Swad,"Arekere,Bangalore",3.8,50,200,"North Indian,Chinese"
12151,FreshMenu,"Arekere,Bangalore",4.0,1000,250,"Chinese,Continental"
12153,Pizza Hut,"Arekere,Bangalore",3.8,100,350,Pizzas
12155,Habibi Falafel,"Arekere,Bangalore",4.1,100,300,"Lebanese,Arabian"
12156,Davanagere benne dosa corner,"Arekere,Bangalore",3.9,20,250,South Indian
12159,Donne Biriyani House,"Arekere,Bangalore",4.0,500,250,Biryani
12162,BIG MISHRA PEDHA,"Arekere,Bangalore",4.1,100,200,"Desserts,Snacks"
12163,Panda Momos,"Arekere,Bangalore",4.6,20,200,"Asian,Tibetan"
12164,Big Pitcher,"Arekere,Bangalore",3.9,100,400,"Chinese,Desserts"
12168,Lissys Taste Buds,"Arekere,Bangalore",4.6,20,200,"South Indian,Combo"
12171,Dairy Day Ice Creams,"Arekere,Bangalore",4.6,50,200,"Ice Cream,Desserts"
12172,Maharaja Military Canteen,"Arekere,Bangalore",3.8,500,350,South Indian
12174,Vishal Foods,"Arekere,Bangalore",3.8,50,280,North Indian
12177,TASTY THINDI,"Arekere,Bangalore",4.1,20,300,"Biryani,Combo"
12179,Waffle Walle,"Arekere,Bangalore",3.7,20,250,"Waffle,Desserts"
12180,Kanti Sweets,"Arekere,Bangalore",4.5,20,100,Desserts
12181,SLV REDDY MILITARY HOTEL,"Arekere,Bangalore",4.2,100,300,"Biryani,Indian"
12183,"Bombay Kulfi- Kulfis,Desserts, Icecream","Arekere,Bangalore",4.4,20,100,"Desserts,Ice Cream"
12184,Dosa Vilas,"Arekere,Bangalore",4.2,20,200,"Andhra,South Indian"
12185,Leon Grill,"Arekere,Bangalore",4.3,1000,300,"American,Snacks"
12186,MOMO JUNCTION,"Arekere,Bangalore",3.5,20,150,"Fast Food,Snacks"
12187,LunchBox - Meals and Thalis,"Arekere,Bangalore",4.1,100,200,"North Indian,Punjabi"
12188,The cake chef,"Arekere,Bangalore",3.9,100,300,"Bakery,Desserts"
12189,Meghana Foods,"Arekere,Bangalore",4.5,1000,500,"Biryani,Andhra"
12194,Adiga's,"Arekere,Bangalore",4.0,500,200,"South Indian,North Indian"
12196,Kwality Walls Frozen Dessert and Ice Cream Shop,"Arekere,Bangalore",4.4,100,300,"Ice Cream,Desserts"
12197,The Good Bowl,"Arekere,Bangalore",3.9,20,400,"North Indian,Punjabi"
12207,Lassi Shop,"Arekere,Bangalore",4.2,100,200,Beverages
12208,Juicy&spicy,"Arekere,Bangalore",3.8,100,150,"Chinese,South Indian"
12211,Southly Healthy,"Arekere,Bangalore",3.6,20,200,"South Indian,Healthy Food"
12214,Holige Mane Kuruk Thindi,"Arekere,Bangalore",4.5,50,200,Sweets
12215,SLAY Coffee,"Arekere,Bangalore",4.4,100,200,"Beverages,Desserts"
12216,ITC Fabelle Chocolates,"Arekere,Bangalore",4.8,20,600,"Bakery,Desserts"
12221,Shanghai Court VB Layout,"Arekere,Bangalore",4.5,100,450,"Chinese,Thai"
12223,"Frozen Bottle - Milkshakes, Desserts And Ice Cream","Arekere,Bangalore",4.2,50,250,"Beverages,Desserts"
12225,Rotti Mane (Uttara Karnataka Food Store),"Arekere,Bangalore",4.1,100,200,South Indian
12228,Food Affair,"Arekere,Bangalore",4.2,100,350,"North Indian,Tandoor"
12229,Buzz A Pizza-Wood Fired Pizzas,"Arekere,Bangalore",3.7,100,400,"Pizzas,Beverages"
12230,Kaati Zone Rolls & Wraps,"Arekere,Bangalore",4.2,100,150,"Fast Food,Beverages"
12231,Paratha Junction,"Arekere,Bangalore",3.1,20,150,North Indian
12234,Andhra Gunpowder,"Arekere,Bangalore",4.0,500,350,"Andhra,Biryani"
12235,A2B Veg,"Arekere,Bangalore",4.1,500,300,"South Indian,North Indian"
12239,McDonald's,"Arekere,Bangalore",4.3,1000,400,"Burgers,Beverages"
12241,Five Star Chicken Bilekahalli,"Arekere,Bangalore",3.4,20,100,American
12243,Veruthe Oru Thattukada,"Arekere,Bangalore",3.8,500,350,"Biryani,Seafood"
12244,RICE NOODLES,"Arekere,Bangalore",4.3,500,200,"Chinese,Pan-Asian"
12245,Chinese Bowl Company,"Arekere,Bangalore",4.8,20,800,"Chinese,Asian"
12247,Mani's Dum Biryani,"Arekere,Bangalore",4.2,1000,483,Indian
12249,White Mountain - Ice Cream and Sundaes,"Arekere,Bangalore",4.4,50,250,"Ice Cream,Beverages"
12250,Hyderabad Biryaani House,"Arekere,Bangalore",4.0,500,600,"North Indian,Chinese"
12252,Thalaivars Biryani,"Arekere,Bangalore",4.1,100,200,"Andhra,Biryani"
12253,Kakal Kai Ruchi Dlf,"Arekere,Bangalore",4.2,100,300,Indian
12255,Chowman,"Arekere,Bangalore",4.2,500,800,"Thai,Asian"
12257,Sri Bhagya Grand,"Arekere,Bangalore",4.1,1000,150,"South Indian,North Indian"
12258,ITC Sunfeast Baked Creations,"Arekere,Bangalore",4.6,100,600,"Bakery,Desserts"
12259,iSiri Cafe,"Arekere,Bangalore",4.4,100,250,"Chinese,Snacks"
12260,Sundae Everyday Ice Creams,"Arekere,Bangalore",4.0,50,150,"Desserts,Ice Cream"
12261,ITC Master Chef Creations,"Arekere,Bangalore",4.3,500,650,"North Indian,Biryani"
12265,Eating Love Pizzeria,"Arekere,Bangalore",4.5,20,500,"Pizzas,Pastas"
12267,Polar Bear,"Arekere,Bangalore",4.6,100,300,"Ice Cream,Desserts"
12268,WarmOven Cakes & Desserts,"Arekere,Bangalore",4.3,100,200,"Bakery,Desserts"
12269,Krishna Kuteera,"Arekere,Bangalore",4.3,1000,200,"South Indian,Chinese"
12270,Behrouz Biryani,"Arekere,Bangalore",4.0,100,500,"Biryani,Mughlai"
12272,MBA In Khichdi,"Arekere,Bangalore",4.3,20,250,"Home Food,Desserts"
12277,BaHa Superfoods,"Arekere,Bangalore",4.4,20,200,"Healthy Food,Juices"
12278,Starbucks Coffee,"Arekere,Bangalore",4.3,100,400,Beverages
12281,Bombay Brasserie,"Arekere,Bangalore",4.1,50,900,"North Indian,Biryani"
12282,Beijing Bites,"Arekere,Bangalore",4.2,500,450,"Chinese,Thai"
12283,Simar's Kitchen,"Arekere,Bangalore",4.2,100,200,"Chinese,North Indian"
12284,ROTTI MANE,"Arekere,Bangalore",4.2,100,300,Indian
12285,Goli Vada Pav No .1,"Arekere,Bangalore",4.3,100,100,"Maharashtrian,North Indian"
12286,Jenny's Brownies,"Arekere,Bangalore",4.6,20,250,"Desserts,Beverages"
12287,The Punjabi Rasoi,"Arekere,Bangalore",4.1,1000,400,"North Indian,Punjabi"
12289,Sanskari Paratha,"Arekere,Bangalore",4.7,20,250,"North Indian,Desserts"
12293,IYENGAR CAKE PALACE,"Arekere,Bangalore",3.6,20,150,"Bakery,Snacks"
12295,Biryani Trip,"Arekere,Bangalore",4.1,50,400,"Biryani,Hyderabadi"
12296,Taco Bell,"Arekere,Bangalore",4.2,500,300,Mexican
12297,Budapest Bake Inn,"Arekere,Bangalore",4.0,50,250,"Desserts,Ice Cream"
12300,Nasi and Mee,"Arekere,Bangalore",4.3,100,800,"Asian,Chinese"
12301,Kabab Magic,"Arekere,Bangalore",4.0,500,300,"North Indian,Chinese"
12305,Anand Sweets and Savouries,"Arekere,Bangalore",4.4,1000,300,"Sweets,Chaat"
12306,Absolute Shawarma,"Arekere,Bangalore",3.8,20,250,Indian
12308,Sri Banasankri Military Hotel,"Arekere,Bangalore",3.1,20,200,"North Indian,Biryani"
12309,Brahma Brews,"Arekere,Bangalore",4.4,100,1400,Indian
12310,Mother's Rasoi,"Arekere,Bangalore",4.4,100,150,North Indian
12311,Dawg Haus - Loaded Hotdogs,"Arekere,Bangalore",4.3,50,450,"American,Continental"
12312,Ice Corner,"Arekere,Bangalore",3.6,50,200,"Fast Food,Ice Cream"
12315,Chow San,"Arekere,Bangalore",4.2,50,300,"Chinese,Seafood"
12318,Momo Monk,"Arekere,Bangalore",4.0,20,350,"Pan-Asian,Chinese"
12319,Snack House,"Arekere,Bangalore",4.0,20,300,Street Food
12320,Wendy's,"Arekere,Bangalore",3.9,1000,200,"American,Burgers"
12321,Tikka Kebab,"Arekere,Bangalore",3.8,100,300,"Arabian,Biryani"
12322,Boma Rang Thai & Chainese Kitchen,"Arekere,Bangalore",4.4,20,400,Chinese
12326,Street Foods By Punjab Grill,"Arekere,Bangalore",3.8,100,350,"North Indian,Indian"
12327,Crazy Bao,"Arekere,Bangalore",3.3,20,600,"Chinese,Asian"
12328,SGS Non Veg - Gundu Pulav,"Arekere,Bangalore",2.8,20,400,"Indian,Biryani"
12329,Beycam malabar restaurent,"Arekere,Bangalore",3.8,100,400,"Kerala,Seafood"
12331,NH1 Bowls - Highway To North,"Arekere,Bangalore",4.2,20,250,"North Indian,Punjabi"
12332,Bombay Kulfi,"Arekere,Bangalore",4.1,50,100,"Desserts,Ice Cream"
12333,Rolls On Wheels,"Arekere,Bangalore",4.4,500,200,Snacks
12334,The Village Kitchen,"Arekere,Bangalore",3.7,100,300,"South Indian,North Indian"
12336,Brahmasree Anna kuteera,"Arekere,Bangalore",3.3,20,120,"South Indian,North Indian"
12337,The Empire Juice Shop,"Arekere,Bangalore",4.0,50,200,"Juices,Ice Cream"
12338,Basmati Express,"Arekere,Bangalore",2.6,20,300,"Biryani,Andhra"
12340,SHREE GURU KOTTURESHWARA DAVANAGERE BENNE DOSE HOT,"Arekere,Bangalore",4.3,20,129,South Indian
12341,Punjabi Food Corner,"Arekere,Bangalore",3.6,50,350,"North Indian,Chinese"
12343,Badmash Biryani,"Arekere,Bangalore",4.5,20,300,"Desserts,Beverages"
12344,ROTI BASKET,"Arekere,Bangalore",4.0,20,200,Indian
12346,Cupcake Bliss Cakes & Desserts,"Arekere,Bangalore",3.9,50,200,"Bakery,Desserts"
12347,Slurpy Shakes,"Arekere,Bangalore",3.7,20,150,"Bakery,Desserts"
12351,Shefali's Kitchen,"Arekere,Bangalore",4.1,100,200,"Bengali,North Indian"
12353,TANDOOR FACTORY BY BIG PITCHER,"Arekere,Bangalore",3.9,50,300,"Desserts,North Indian"
12354,Simply Indian,"Arekere,Bangalore",4.3,100,500,"Coastal,Chinese"
12357,Baker's Talent,"Arekere,Bangalore",3.5,20,200,"Bakery,Desserts"
12358,THARAVADU MALABAR BIRYANI,"Arekere,Bangalore",3.4,100,230,"Biryani,Kerala"
12359,Savi Ruchi,"Arekere,Bangalore",4.2,100,200,"South Indian,Chinese"
12365,Mugs N Burgers,"Arekere,Bangalore",4.1,100,350,"Beverages,Continental"
12366,Curry On Tikka,"Arekere,Bangalore",3.9,100,350,"North Indian,Punjabi"
12368,Momo Zone - The Momo Company,"Arekere,Bangalore",3.9,20,150,"Chinese,Tibetan"
12369,Baskin Robbins,"Arekere,Bangalore",4.4,100,250,"Desserts,Ice Cream"
12370,Great Indian Khichdi by EatFit,"Arekere,Bangalore",4.1,100,200,"Home Food,Indian"
12372,Taaza Chats,"Arekere,Bangalore",3.9,20,200,"Chaat,Street Food"
12373,Kolkata famous Kathi roll,"Arekere,Bangalore",4.0,100,100,"Fast Food,Snacks"
12375,Fattoush Restaurant,"Arekere,Bangalore",4.0,100,300,"North Indian,Arabian"
12376,Itminaan Biryani - Dum Pukht,"Arekere,Bangalore",3.9,20,400,"Biryani,North Indian"
12381,Singh Da Punjabi Dhaba,"Arekere,Bangalore",3.9,100,200,"Punjabi,Tandoor"
12383,Celebrate Biryani,"Arekere,Bangalore",4.0,50,399,Biryani
12387,Seedha Saada Samosa,"Arekere,Bangalore",4.2,20,200,"Snacks,Fast Food"
12389,BELLI SHREE BANGARPET CHATS,"Arekere,Bangalore",4.2,100,100,Chaat
12390,Adda The Restaurant,"Arekere,Bangalore",4.0,100,400,"Chinese,North Indian"
12391,Manjushree Veg,"Arekere,Bangalore",4.4,500,100,"Chinese,South Indian"
12392,Bengali Food Hotel,"Arekere,Bangalore",3.5,100,200,Bengali
12397,The Momo Co.,"Arekere,Bangalore",3.2,20,250,"Chinese,Asian"
12399,AMRITSARI ZAIKA,"Arekere,Bangalore",3.8,20,250,"Chinese,Tandoor"
12400,BOX8 - Desi Meals,"Arekere,Bangalore",3.9,100,250,"North Indian,Biryani"
12401,Grameen Kulfi,"Arekere,Bangalore",4.6,50,120,"Ice Cream,Desserts"
12405,Chicking,"Arekere,Bangalore",3.7,100,400,"Fast Food,American"
12407,Pallavi Restaurant (Authentic taste from Gulbarga),"Arekere,Bangalore",4.1,500,250,"North Indian,Chinese"
12408,Hakuna Matata,"Arekere,Bangalore",4.4,500,1200,"Chinese,Indian"
12410,Third Wave Coffee,"Arekere,Bangalore",4.2,100,400,"Beverages,Bakery"
12411,Hotel Empire,"Arekere,Bangalore",3.9,1000,450,"North Indian,Kebabs"
12420,Big Bowl Company,"Arekere,Bangalore",3.7,100,250,"North Indian,Chinese"
12421,The Looney Wok,"Arekere,Bangalore",4.1,100,250,"Chinese,Pan-Asian"
12423,Faasos - Wraps & Rolls,"Arekere,Bangalore",4.1,100,200,"Fast Food,Snacks"
12430,Wow Desserts and More,"Arekere,Bangalore",3.7,20,250,"Ice Cream,Desserts"
12435,GUNDU PULAV SGS - ORIGINAL,"Arekere,Bangalore",4.1,100,250,"Biryani,South Indian"
12440,Paratha Plaza,"Arekere,Bangalore",4.7,20,250,North Indian
12442,Sanskari Biryani,"Arekere,Bangalore",4.3,20,300,"Biryani,Mughlai"
12443,Punjabi Zaica,"Arekere,Bangalore",3.7,20,200,"Biryani,North Indian"
12444,PRATYUSH'S FOOD PLAZA,"Arekere,Bangalore",4.2,100,200,"Oriya,Indian"
12445,Chicken County Restaurant,"Arekere,Bangalore",4.1,500,320,"North Indian,Chinese"
12446,Ambara Gardenia,"Arekere,Bangalore",4.0,100,300,"Andhra,Coastal"
12447,PRATYUSH'S KITCHEN,"Arekere,Bangalore",4.1,20,350,"Oriya,North Indian"
12448,Omleterian,"Arekere,Bangalore",4.4,20,300,"Continental,American"
12451,Chaat Street,"Arekere,Bangalore",3.9,500,200,"Fast Food,Snacks"
12459,Kanti Bakes And Flakes,"Arekere,Bangalore",4.4,100,200,Sweets
12468,Wingsta,"Arekere,Bangalore",3.7,20,300,"Street Food,Continental"
12469,SAN - Davanagere Benne Dose,"Arekere,Bangalore",4.1,20,100,Indian
12472,Firangi Bake,"Arekere,Bangalore",4.0,20,400,"Italian,Mexican"
12475,SHREE MADHVAS UPAHARA,"Arekere,Bangalore",4.3,100,75,South Indian
12476,Onesta,"Arekere,Bangalore",4.1,500,200,"Italian,Desserts"
12479,Saucy Wok,"Arekere,Bangalore",4.1,100,350,"Indian,Chinese"
12481,Cake book,"Arekere,Bangalore",4.2,20,200,"Desserts,Ice Cream"
12485,Bengali Babu Sweets,"Arekere,Bangalore",4.4,50,200,"Snacks,Sweets"
12486,Sharma's Kitchen (Rajasthani Home Food),"Arekere,Bangalore",4.0,100,200,North Indian
12489,Shiv Sai hotel,"Arekere,Bangalore",3.6,100,250,"North Indian,Desserts"
12490,NIC Natural Ice Creams,"Arekere,Bangalore",4.6,100,120,"Ice Cream,Desserts"
12492,Grow Fit,"Arekere,Bangalore",4.3,100,350,"Healthy Food,Keto"
12493,"Wraps, Rolls & Bowls","Arekere,Bangalore",3.3,20,250,"North Indian,Chinese"
12494,Sri SLV Bhavan,"Arekere,Bangalore",4.3,50,200,"South Indian,Chinese"
12495,Nandanam Restaurant,"Arekere,Bangalore",4.0,500,250,"Kerala,Biryani"
12499,ROYAL COUNTY,"Arekere,Bangalore",4.1,20,300,Indian
12501,Burger It Up,"Arekere,Bangalore",4.4,50,150,"American,Fast Food"
12504,Ghee and Turmeric,"Arekere,Bangalore",3.6,50,250,"North Indian,Tandoor"
12505,Chandni Chowk,"Arekere,Bangalore",3.3,20,150,"North Indian,Fast Food"
12506,New York Waffles & Dinges,"Arekere,Bangalore",4.8,20,250,Beverages
12507,Mane oota,"Arekere,Bangalore",4.4,50,200,South Indian
12509,JUGAAD,"Arekere,Bangalore",4.2,20,220,"North Indian,Thalis"
12511,Bowl Wise - Healthy N' Wholesome,"Arekere,Bangalore",3.9,50,400,"Healthy Food,Salads"
12513,Nasco Restaurant And Kebab Centre,"Arekere,Bangalore",3.9,50,400,"Indian,Chinese"
12514,Parathas & More,"Arekere,Bangalore",4.3,500,200,"North Indian,Chinese"
12515,Chaayos Chai+Snacks=Relax,"Arekere,Bangalore",4.4,100,250,"Bakery,Beverages"
12516,Combo 4u,"Arekere,Bangalore",3.5,20,300,"Biryani,Hyderabadi"
12518,Indiana Burgers,"Arekere,Bangalore",4.2,100,150,"American,Fast Food"
12521,Sri Sai 99 Variety Dosa,"Arekere,Bangalore",4.3,50,150,Indian
12524,IMPERIO COMBO KING,"Arekere,Bangalore",3.9,50,250,"Biryani,North Indian"
12526,Biryani Hazir Ho,"Arekere,Bangalore",4.5,20,300,"Biryani,Mughlai"
12527,Lo! - Low Carb and Keto Foods,"Arekere,Bangalore",4.4,500,150,"Healthy Food,Keto"
12530,Cake N Chef,"Arekere,Bangalore",4.0,100,200,Bakery
12532,Sorbetto,"Arekere,Bangalore",4.7,50,300,"Desserts,Ice Cream"
12533,CREAMS & BITES,"Arekere,Bangalore",3.9,20,250,Ice Cream
12537,Coast at JP Nagar,"Arekere,Bangalore",4.1,100,500,"Coastal,Mangalorean"
12540,Apsara Ice Creams,"Arekere,Bangalore",4.7,100,150,"Ice Cream,Desserts"
12541,Lunch Wise - Meal for All,"Arekere,Bangalore",4.1,50,300,"Thalis,Maharashtrian"
12543,Garma Garam,"Arekere,Bangalore",4.0,100,250,"Biryani,Mughlai"
12544,Cafe Coffee Day,"Arekere,Bangalore",4.1,100,300,"Beverages,Snacks"
12545,HUNGRY CHANG,"Arekere,Bangalore",3.7,20,280,"Chinese,Pan-Asian"
12548,Spurthi Foods,"Arekere,Bangalore",4.5,100,300,Andhra
12553,Miami Shakes & More,"Arekere,Bangalore",4.5,20,200,"Desserts,Beverages"
12555,SLV IYENGAR BAKERY,"Arekere,Bangalore",4.3,100,200,"Bakery,Snacks"
12557,Breakfast Express,"Arekere,Bangalore",4.1,50,200,"Continental,North Indian"
12558,Irani Chai Point - DLF,"Arekere,Bangalore",4.1,20,150,Beverages
12559,California Burrito,"Arekere,Bangalore",4.3,1000,250,"Mexican,American"
12560,Natural Ice Cream,"Arekere,Bangalore",4.6,500,150,Ice Cream
12561,Shanghai Chef Chinese,"Arekere,Bangalore",4.5,20,300,Chinese
12562,The Baker's Dozen,"Arekere,Bangalore",4.2,50,350,"Bakery,Desserts"
12563,Mallu House,"Arekere,Bangalore",3.3,20,230,"Chinese,Snacks"
12564,World On A Swirl: Ice Cream and Desserts,"Arekere,Bangalore",4.4,100,180,"Ice Cream,Bakery"
12565,Kakal Kairuchi (RBI Layout) DanaPani,"Arekere,Bangalore",4.3,100,140,"South Indian,North Indian"
12566,Frosty Crumble,"Arekere,Bangalore",4.5,20,450,"Desserts,Ice Cream"
12568,Sweet Chariot,"Arekere,Bangalore",3.9,100,50,"Bakery,Desserts"
12569,Punjabi Nawabi,"Arekere,Bangalore",3.5,100,400,"Punjabi,North Indian"
12572,Jain Food Court,"Arekere,Bangalore",4.5,20,500,"Indian,Chinese"
12573,Raju Gari Biryani,"Arekere,Bangalore",3.8,50,400,"Indian,Biryani"
12575,Hungry Panda - Deliciously Chinese,"Arekere,Bangalore",3.0,20,600,"Chinese,Asian"
12577,DILLI CHAT DESI SWAD,"Arekere,Bangalore",3.9,20,150,"Chaat,Beverages"
12579,Curryosity,"Arekere,Bangalore",4.1,100,250,"North Indian,South Indian"
12580,EatFit,"Arekere,Bangalore",4.1,100,270,"Healthy Food,Pizzas"
12581,Biggies Burger,"Arekere,Bangalore",4.5,50,300,"American,Beverages"
12582,Urban Curries,"Arekere,Bangalore",4.0,50,250,"North Indian,Desserts"
12583,Artinci - Indulge Guilt Free!,"Arekere,Bangalore",4.4,100,200,"Ice Cream,Healthy Food"
12584,Nadan Pothichoru,"Arekere,Bangalore",3.8,50,200,"South Indian,Kerala"
12585,The Desi Cafe,"Arekere,Bangalore",3.8,20,300,"North Indian,Chinese"
12586,BIB - English Breakfast in The Box,"Arekere,Bangalore",4.1,100,350,American
12589,THE PAROTTA COMBO,"Arekere,Bangalore",3.2,20,250,"North Indian,Punjabi"
12590,S Square multicusine restaurant.,"Arekere,Bangalore",3.5,50,250,"Kerala,Seafood"
12598,McDonald's Gourmet Burger Collection,"Arekere,Bangalore",4.0,20,600,"Burgers,Beverages"
12603,Cakebuy,"Arekere,Bangalore",4.2,100,400,"Desserts,Bakery"
12605,Kwality Walls Frozen Dessert and Ice Cream Shop,"Arekere,Bangalore",4.1,20,400,Ice Cream
12606,Burger King,"Arekere,Bangalore",4.1,1000,350,"American,Fast Food"
12610,The Biryani Life,"Arekere,Bangalore",3.9,50,250,"Biryani,Hyderabadi"
12611,CORNER HOUSE ICE CREAMS,"Arekere,Bangalore",4.6,50,250,"Ice Cream,Desserts"
12615,UDUPI VEG,"Arekere,Bangalore",4.4,500,200,South Indian
12617,Drunken Monkey,"Arekere,Bangalore",4.2,50,250,"Healthy Food,Beverages"
12624,Sai Samosa and chat center,"Arekere,Bangalore",4.1,20,150,Chaat
12625,Manoj Gowdru Mane Mudde Oota,"Arekere,Bangalore",4.0,20,199,"Biryani,South Indian"
12626,Chinese Wok (Wok Express),"Arekere,Bangalore",3.9,100,250,"Chinese,Asian"
12627,Sri Bhagya Sagar.,"Arekere,Bangalore",4.1,100,200,"South Indian,North Indian"
12629,The Betel Leaf Co,"Arekere,Bangalore",4.6,100,200,"Paan,Desserts"
12630,MIRCHI MANDAKKI MANE,"Arekere,Bangalore",4.0,20,100,Snacks
12631,Gud Dhani,"Arekere,Bangalore",4.1,100,300,Indian
12632,AL-BEK,"Arekere,Bangalore",3.8,100,400,"Tandoor,Mughlai"
12635,Keventers - Milkshakes and Desserts,"Arekere,Bangalore",3.7,100,300,"Beverages,Ice Cream"
12637,Samosa Camp,"Arekere,Bangalore",4.5,20,69,"Snacks,Street Food"
12638,Rajdhani,"Arekere,Bangalore",3.7,100,800,"Rajasthani,Thalis"
12641,Sardarji Londonwaley,"Arekere,Bangalore",3.6,100,300,"North Indian,Chinese"
12645,Gupshup,"Arekere,Bangalore",3.5,20,500,Chinese
12648,Aligarh House by EatFit,"Arekere,Bangalore",4.2,50,400,"Biryani,Mughlai"
12649,Thalassery Restaurant,"Arekere,Bangalore",3.7,100,300,"South Indian,Kerala"
12652,Paratha Box by EatFit,"Arekere,Bangalore",4.3,50,250,"North Indian,Punjabi"
12656,Khan Saheb Grills and Rolls,"Arekere,Bangalore",4.2,100,200,"Fast Food,Kebabs"
12661,Kerala Note Book,"Arekere,Bangalore",2.9,20,350,"Kerala,Biryani"
12663,The Sugar Free Keto Kafe - By Artinci,"Arekere,Bangalore",4.3,100,200,"Ice Cream,Healthy Food"
12667,Paratha Corner,"Arekere,Bangalore",4.0,20,150,North Indian
12668,Punjabi Unplugged,"Arekere,Bangalore",3.2,50,300,"North Indian,Chinese"
12671,Chandni Chowk 2 Bangalore,"Arekere,Bangalore",3.8,50,300,"Mughlai,Punjabi"
12675,Rishika Foods,"Arekere,Bangalore",4.2,50,550,"Tandoor,Biryani"
12677,Yum Pizza 'N' More,"Arekere,Bangalore",4.1,50,300,"Pizzas,Snacks"
12679,Moghal Biryani,"Arekere,Bangalore",3.7,20,300,Biryani
12681,Glen's Bakehouse,"Arekere,Bangalore",4.3,500,600,"Desserts,Bakery"
12687,IMPERIO RESTAURANT,"Arekere,Bangalore",3.4,100,300,"Biryani,Mughlai"
12691,The Almighty Biryani,"Arekere,Bangalore",4.6,20,300,"Biryani,Mughlai"
12692,Art Of Delight,"Arekere,Bangalore",4.4,100,300,"Desserts,Ice Cream"
12696,San Churro,"Arekere,Bangalore",3.3,20,400,"Italian,Pizzas"
12697,Davangere mirchi mandakki,"Arekere,Bangalore",4.4,100,150,Snacks
12701,Sri Udupi Park,"Arekere,Bangalore",4.0,1000,200,"South Indian,North Indian"
12707,Davanagere benne dose,"Arekere,Bangalore",4.0,50,200,South Indian
12709,The Dessert Heaven - Pure Veg,"Arekere,Bangalore",4.9,20,200,"Bakery,Desserts"
12712,GOPIZZA,"Arekere,Bangalore",3.6,20,250,"Pizzas,Snacks"
12715,Just Shawarma,"Indiranagar,Bangalore",4.1,100,180,Arabian
12717,The Dessert Zone,"Indiranagar,Bangalore",4.4,20,200,"Bakery,Desserts"
12719,Yumlane Pizza,"Indiranagar,Bangalore",4.0,100,300,"Pizzas,Beverages"
12720,The Congee Concept,"Indiranagar,Bangalore",4.6,100,200,"South Indian,Healthy Food"
12722,FlyingKombucha,"Indiranagar,Bangalore",4.6,20,200,"American,Beverages"
12723,FreshMenu,"Indiranagar,Bangalore",3.9,500,250,"Chinese,Continental"
12725,ZAMA,"Indiranagar,Bangalore",4.1,100,250,Turkish
12727,Sree Spicy Hub - Andhra Style Restaurant,"Indiranagar,Bangalore",3.9,50,250,"Andhra,Biryani"
12728,EatFit,"Indiranagar,Bangalore",4.3,1000,270,"Healthy Food,Pizzas"
12729,YUM YUM KOLKATA,"Indiranagar,Bangalore",4.2,100,400,"Bengali,Indian"
12731,New Plantain Leaf,"Indiranagar,Bangalore",4.3,500,250,"Biryani,Andhra"
12735,Candice's Gourmet Sandwiches,"Indiranagar,Bangalore",4.3,100,650,"Continental,American"
12737,Bakingo,"Indiranagar,Bangalore",4.2,100,300,"Bakery,Desserts"
12738,Bheemavarma's Biryani,"Indiranagar,Bangalore",4.0,100,400,"Biryani,Hyderabadi"
12739,"Rice, Spice & That Thing Nice","Indiranagar,Bangalore",4.3,50,350,"Kerala,Indian"
12740,Earthen Delights,"Indiranagar,Bangalore",4.2,20,240,Kerala
12742,Nando's,"Indiranagar,Bangalore",4.1,100,600,"Portuguese,African"
12743,ATH - All Things Healthy!,"Indiranagar,Bangalore",4.2,100,200,"Healthy Food,Indian"
12746,The Grill House - Steaks & Sizzlers,"Indiranagar,Bangalore",4.3,100,1100,"American,Steakhouse"
12749,Sardarji Londonwaley,"Indiranagar,Bangalore",3.8,100,200,"North Indian,Chinese"
12751,SRI UDUPI VAIBHAV,"Indiranagar,Bangalore",4.3,100,199,"South Indian,North Indian"
12754,Pastas By Pizza Hut,"Indiranagar,Bangalore",4.1,50,300,"Pastas,Pizzas"
12755,Cafe Grill,"Indiranagar,Bangalore",4.0,500,300,North Indian
12758,Plan B,"Indiranagar,Bangalore",4.2,100,1200,American
12759,Peppa Hotdog And Sandwiches,"Indiranagar,Bangalore",3.8,20,300,"American,Mexican"
12760,Artinci - Indulge Guilt Free!,"Indiranagar,Bangalore",4.5,50,200,"Ice Cream,Healthy Food"
12761,Mood for Food,"Indiranagar,Bangalore",4.3,50,300,"North Indian,Indian"
12763,McDonald's,"Indiranagar,Bangalore",4.4,100,400,"Burgers,Beverages"
12765,Cafe Max,"Indiranagar,Bangalore",4.6,50,700,"European,Continental"
12766,IDC Kitchen,"Indiranagar,Bangalore",4.3,1000,200,"South Indian,Beverages"
12768,Zomoz - The Momo Company,"Indiranagar,Bangalore",4.2,100,250,"Tibetan,Chinese"
12770,Tandoori Pizza,"Indiranagar,Bangalore",4.4,20,500,"Pizzas,Kebabs"
12771,Khan Saheb Grills and Rolls,"Indiranagar,Bangalore",4.2,500,300,"Tandoor,Mughlai"
12773,Popat,"Indiranagar,Bangalore",4.4,100,200,North Indian
12779,Wok China,"Indiranagar,Bangalore",3.7,20,300,Chinese
12780,Noto Healthy Ice Cream,"Indiranagar,Bangalore",4.3,100,250,"Desserts,Ice Cream"
12781,Goli Vada Pav No .1,"Indiranagar,Bangalore",4.2,100,100,"Maharashtrian,North Indian"
12783,Lucknowee,"Indiranagar,Bangalore",4.0,50,600,"North Indian,Biryani"
12784,DELICIOUS MOMOS,"Indiranagar,Bangalore",4.6,100,300,Chinese
12785,Sendhoor Coffee,"Indiranagar,Bangalore",4.2,500,200,"South Indian,Indian"
12792,Burger It Up,"Indiranagar,Bangalore",4.3,50,150,"American,Fast Food"
12793,Cupcake Noggins - Vintage Patisserie,"Indiranagar,Bangalore",4.4,20,200,"Desserts,Snacks"
12795,Maven Kitchen,"Indiranagar,Bangalore",4.5,500,199,"Naga,Chinese"
12796,CakeZone,"Indiranagar,Bangalore",4.3,100,200,"Desserts,Bakery"
12797,Thali 99,"Indiranagar,Bangalore",4.3,20,250,Thalis
12798,Taco Street,"Indiranagar,Bangalore",4.4,50,250,"Mexican,Desserts"
12799,Imperial Restaurant,"Indiranagar,Bangalore",3.9,100,400,"Tandoor,Biryani"
12800,Zaitoon,"Indiranagar,Bangalore",4.2,1000,500,"Arabian,Biryani"
12801,BHAGATRAM SWEETS,"Indiranagar,Bangalore",3.5,100,300,"Sweets,Indian"
12805,Nagarjuna,"Indiranagar,Bangalore",4.4,1000,600,"Andhra,South Indian"
12806,Wingman by Chefkraft,"Indiranagar,Bangalore",4.4,100,250,"Continental,American"
12809,The Dessert Heaven - Pure Veg,"Indiranagar,Bangalore",4.5,50,200,"Bakery,Desserts"
12813,KOLKOTA CHAT CENTRE,"Indiranagar,Bangalore",4.6,20,300,"Beverages,Fast Food"
12815,Auntie Fung's,"Indiranagar,Bangalore",4.2,500,600,"Chinese,Thai"
12816,Pathaan Sir,"Indiranagar,Bangalore",4.1,100,200,Fast Food
12817,Thunder Fried Chicken,"Indiranagar,Bangalore",4.0,50,350,"Mughlai,North Indian"
12818,Sampurna Andhra Restaurant,"Indiranagar,Bangalore",4.2,100,200,"South Indian,Hyderabadi"
12820,Bombay Kulfis,"Indiranagar,Bangalore",4.6,100,100,"Desserts,Ice Cream"
12821,Kerala Pavilion,"Indiranagar,Bangalore",4.0,100,300,"Kerala,Seafood"
12822,Cafe Coffee Day,"Indiranagar,Bangalore",3.7,20,300,"Beverages,Snacks"
12823,homely,"Indiranagar,Bangalore",4.3,500,200,"Home Food,North Indian"
12824,Xero degrees,"Indiranagar,Bangalore",4.3,20,500,"Pizzas,American"
12825,The Sugar Free Keto Kafe - By Artinci,"Indiranagar,Bangalore",4.3,50,200,"Ice Cream,Healthy Food"
12826,Leon Grill,"Indiranagar,Bangalore",4.3,100,300,"American,Snacks"
12828,Paris Waffle Co.,"Indiranagar,Bangalore",3.9,20,200,"Bakery,Desserts"
12829,69 DACKER'S LANE,"Indiranagar,Bangalore",4.1,100,250,"Bengali,Biryani"
12831,LunchBox - Meals and Thalis,"Indiranagar,Bangalore",3.8,100,200,"North Indian,Punjabi"
12835,Sri Krishna Sweets,"Indiranagar,Bangalore",4.6,100,200,Sweets
12838,JUST CREAMERY - Artisanal Healthy Ice Cream,"Indiranagar,Bangalore",5.0,20,200,"Ice Cream,Desserts"
12839,Green G Juice Bar,"Indiranagar,Bangalore",4.0,20,200,"Beverages,Continental"
12841,The Bowl Company,"Indiranagar,Bangalore",4.4,1000,300,"Continental,North Indian"
12842,Chefkraft,"Indiranagar,Bangalore",4.5,500,650,"Continental,Pan-Asian"
12843,SMOOR,"Indiranagar,Bangalore",4.5,500,600,"Asian,Desserts"
12846,Swamy's Naati Kitchen,"Indiranagar,Bangalore",3.2,20,750,"Biryani,Indian"
12847,Coastal Delight,"Indiranagar,Bangalore",4.1,20,800,"North Indian,Chinese"
12850,Kitchen of Joy,"Indiranagar,Bangalore",4.3,100,250,"Bengali,Chinese"
12851,Beijing Bites,"Indiranagar,Bangalore",4.3,100,400,"Chinese,Thai"
12852,Soul Rasa,"Indiranagar,Bangalore",4.5,500,400,"Indian,Healthy Food"
12855,Sri Udupi Food Hub,"Indiranagar,Bangalore",4.3,100,199,"South Indian,North Indian"
12858,SNACKS CORNER,"Indiranagar,Bangalore",3.9,100,350,"Snacks,North Indian"
12863,Lazy Suzy,"Indiranagar,Bangalore",4.3,20,1000,"American,Asian"
12864,Dr.Gelato,"Indiranagar,Bangalore",4.4,50,300,Desserts
12866,Vegan kitchen - By Infinitea,"Indiranagar,Bangalore",3.9,20,600,"Continental,Italian"
12867,A1 Chips,"Indiranagar,Bangalore",4.4,100,250,"Snacks,Sweets"
12870,Hyderabad Biryaani House,"Indiranagar,Bangalore",4.1,1000,600,"North Indian,Chinese"
12873,Home Plate by EatFit,"Indiranagar,Bangalore",4.2,50,160,"North Indian,Home Food"
12874,Great Indian Khichdi by EatFit,"Indiranagar,Bangalore",4.3,100,200,"Home Food,Indian"
12877,Street Storyss,"Indiranagar,Bangalore",4.3,50,1200,"Continental,Italian"
12878,Gowdru Hotel,"Indiranagar,Bangalore",4.0,100,149,South Indian
12879,Ketogenic Foods - By Infinitea,"Indiranagar,Bangalore",4.5,50,1200,"Continental,Desserts"
12880,Thalaivars Biryani,"Indiranagar,Bangalore",4.1,500,300,"Andhra,Biryani"
12881,Waffl'd,"Indiranagar,Bangalore",3.9,100,200,"Bakery,Desserts"
12883,Donne Biriyani Mane,"Indiranagar,Bangalore",3.8,100,700,Indian
12884,Spicy Corner,"Indiranagar,Bangalore",3.9,100,150,Chinese
12886,Chaipatty,"Indiranagar,Bangalore",3.0,20,200,"Beverages,Pizzas"
12887,The Burger Craft,"Indiranagar,Bangalore",4.2,50,600,Continental
12888,Smoke House Deli,"Indiranagar,Bangalore",4.2,100,800,"Italian,Continental"
12889,Chettinese,"Indiranagar,Bangalore",4.4,20,400,"Biryani,Chinese"
12890,Chilli & Chives,"Indiranagar,Bangalore",3.5,20,750,"Asian,Chinese"
12894,Absolute Shawarma,"Indiranagar,Bangalore",4.1,100,150,Arabian
12896,Le Fromage,"Indiranagar,Bangalore",4.4,20,225,Desserts
12898,Cafe Soy,"Indiranagar,Bangalore",4.4,100,600,"Pan-Asian,Thai"
12899,Chinese Monk (NO MSG),"Indiranagar,Bangalore",4.5,50,300,"Chinese,Thai"
12902,Sri Ganesh Juice Center,"Indiranagar,Bangalore",4.1,100,200,Beverages
12903,Crusto's - Cheese Burst Pizza,"Indiranagar,Bangalore",4.1,100,300,"Pizzas,Italian"
12904,Breakfast Express,"Indiranagar,Bangalore",4.4,100,200,"Continental,North Indian"
12905,Olio - The Wood Fired Pizzeria,"Indiranagar,Bangalore",4.0,100,300,"Pizzas,Italian"
12909,Hotel Empire,"Indiranagar,Bangalore",4.1,1000,450,"North Indian,Kebabs"
12913,The Chinese Story,"Indiranagar,Bangalore",4.4,20,400,Chinese
12914,SVSS Biryani,"Indiranagar,Bangalore",3.9,100,500,"Hyderabadi,Andhra"
12916,Baskin Robbins,"Indiranagar,Bangalore",4.4,100,300,Ice Cream
12917,Krispy Kreme,"Indiranagar,Bangalore",4.6,100,170,"Desserts,Beverages"
12919,Bangalore Mandarin,"Indiranagar,Bangalore",4.3,100,800,Chinese
12921,Giani Ice Cream,"Indiranagar,Bangalore",3.8,20,300,"Ice Cream,Beverages"
12922,Tandoor and Tadka,"Indiranagar,Bangalore",3.1,20,250,"North Indian,Tandoor"
12924,Calcutta Victoria Chat House,"Indiranagar,Bangalore",4.0,100,150,"North Indian,Chaat"
12925,Chung Wah Express,"Indiranagar,Bangalore",4.4,100,350,"Chinese,Pan-Asian"
12926,China Bistro,"Indiranagar,Bangalore",4.2,50,750,"Chinese,Asian"
12927,Pizza Stop,"Indiranagar,Bangalore",4.1,20,400,"Italian,Pizzas"
12928,Momo Monk,"Indiranagar,Bangalore",4.2,100,350,"Pan-Asian,Chinese"
12929,Five star chicken,"Indiranagar,Bangalore",4.0,20,200,Italian
12933,NATRAJ Chole bhature,"Indiranagar,Bangalore",4.3,500,200,Indian
12935,mahifoodcorner,"Indiranagar,Bangalore",3.2,20,200,"Snacks,South Indian"
12936,A NAIDU'S OOTADA MANE,"Indiranagar,Bangalore",3.1,20,250,Indian
12940,Bob's Bar,"Indiranagar,Bangalore",4.4,100,300,"South Indian,North Indian"
12943,Heaven In a Jar,"Indiranagar,Bangalore",3.9,20,300,"Bakery,Desserts"
12944,Delhi Highway,"Indiranagar,Bangalore",3.5,20,1100,"Indian,Jain"
12945,Portland Steak House,"Indiranagar,Bangalore",4.0,100,1500,"American,European"
12947,CREAMS & BITES,"Indiranagar,Bangalore",4.2,20,150,"Ice Cream,Desserts"
12949,Shree Ganesha Fruits Juice Centre,"Indiranagar,Bangalore",4.0,50,100,Juices
12953,Kund Indian Barbeque,"Indiranagar,Bangalore",4.3,100,200,"Mughlai,North Indian"
12955,Skoosh Bubble Tea - No Tapioca,"Indiranagar,Bangalore",4.2,20,300,Beverages
12956,Flax - Healthy Living,"Indiranagar,Bangalore",4.3,500,700,"Salads,Healthy Food"
12957,Faasos - Wraps & Rolls,"Indiranagar,Bangalore",4.2,100,200,"Fast Food,Snacks"
12958,Fresh crunch pizza,"Indiranagar,Bangalore",5.0,20,400,"Pizzas,Burgers"
12959,Andhra Mess,"Indiranagar,Bangalore",3.5,100,250,"Andhra,South Indian"
12960,Goli Vada Pav No .1,"Indiranagar,Bangalore",4.0,50,100,"Maharashtrian,North Indian"
12961,The Baker's Dozen,"Indiranagar,Bangalore",4.4,100,300,"Bakery,Desserts"
12964,"Oki Poki - Sushi, Dimsums & More","Indiranagar,Bangalore",4.9,20,900,"Chinese,Asian"
12965,Sanchez,"Indiranagar,Bangalore",4.3,20,1200,Mexican
12968,Sriracha,"Indiranagar,Bangalore",4.3,50,1000,"Asian,Chinese"
12970,Mad Over Donuts,"Indiranagar,Bangalore",3.8,50,200,"Desserts,Sweets"
12973,BIB -  English Breakfast in the Box,"Indiranagar,Bangalore",3.9,100,350,"American,Continental"
12978,The Handi Crust,"Indiranagar,Bangalore",4.5,50,350,"Indian,Chaat"
12980,Cabinet of confucius,"Indiranagar,Bangalore",4.3,20,300,Chinese
12982,Behrouz Biryani,"Indiranagar,Bangalore",4.4,100,500,"Biryani,Mughlai"
12983,Big Chow,"Indiranagar,Bangalore",3.9,100,300,"Asian,Chinese"
12985,Crazy Bao,"Indiranagar,Bangalore",3.7,20,600,"Indian,Asian"
12986,Lot Like Crepes Indiranagar,"Indiranagar,Bangalore",4.3,100,500,"French,American"
12988,limelight-Royal Orchid Hotel,"Indiranagar,Bangalore",4.0,20,250,"North Indian,Indian"
12990,World On A Swirl: Ice Cream and Desserts,"Indiranagar,Bangalore",4.3,100,200,"Ice Cream,Bakery"
12991,Southly Healthy,"Indiranagar,Bangalore",3.5,20,200,"South Indian,Healthy Food"
12992,Rotti Walla,"Indiranagar,Bangalore",3.9,1000,200,"North Indian,Chinese"
12993,Savoury by 18th Street,"Indiranagar,Bangalore",4.0,20,200,"North Indian,Punjabi"
12994,ROYCE' Chocolate,"Indiranagar,Bangalore",4.9,20,750,Desserts
12996,Myfroyoland,"Indiranagar,Bangalore",4.4,50,500,"Desserts,Ice Cream"
12998,SLAY Coffee,"Indiranagar,Bangalore",4.2,50,200,"Beverages,Desserts"
12999,Cravisthan,"Indiranagar,Bangalore",4.2,100,300,"North Indian,Biryani"
13000,MiMi Takeout by Taiki,"Indiranagar,Bangalore",3.9,50,900,"Chinese,Asian"
13001,Sugar Cane Fresh,"Indiranagar,Bangalore",4.3,20,120,"Beverages,Chaat"
13003,ARS JUICE JUNCTION,"Indiranagar,Bangalore",3.9,50,200,"Beverages,Snacks"
13004,Anjappar,"Indiranagar,Bangalore",3.9,500,600,"Chettinad,Thalis"
13005,SUCHITHRA BIRIYANI HOUSE,"Indiranagar,Bangalore",4.1,100,450,"Biryani,North Indian"
13006,Kim Lee,"Indiranagar,Bangalore",4.2,50,650,Chinese
13007,The Brooklyn Creamery - Healthy Ice Cream,"Indiranagar,Bangalore",4.3,50,200,"Desserts,Ice Cream"
13008,New Punjabi Hotel,"Indiranagar,Bangalore",3.8,100,250,"North Indian,Punjabi"
13009,NH8,"Indiranagar,Bangalore",3.9,100,350,"Rajasthani,Gujarati"
13010,The IceCream Zone,"Indiranagar,Bangalore",4.7,20,250,"Ice Cream,Desserts"
13013,Ooty Chocolates,"Indiranagar,Bangalore",4.8,20,300,Desserts
13015,GRILL AND THE GOAT,"Indiranagar,Bangalore",4.1,50,600,"North Indian,Mughlai"
13016,Pizza Hut,"Indiranagar,Bangalore",3.9,100,300,"Pizzas,Fast Food"
13023,Omleterian,"Indiranagar,Bangalore",3.8,20,300,"Continental,American"
13026,Tadka Singh,"Indiranagar,Bangalore",4.0,100,300,"Punjabi,North Indian"
13027,Art of Delight,"Indiranagar,Bangalore",4.4,100,300,"Desserts,Ice Cream"
13028,Treat,"Indiranagar,Bangalore",4.3,100,800,"Mughlai,North Indian"
13029,Yogisthaan,"Indiranagar,Bangalore",4.2,100,600,"Healthy Food,North Indian"
13030,THE DECCAN BIRYANI,"Indiranagar,Bangalore",3.9,20,300,"Biryani,North Indian"
13031,Chinita Real Mexican Food,"Indiranagar,Bangalore",4.4,100,1000,Mexican
13032,Qmin,"Indiranagar,Bangalore",4.2,500,200,"Beverages,Bakery"
13034,Rang De Basanti Dhaba,"Indiranagar,Bangalore",4.3,500,300,"North Indian,Kebabs"
13036,Paratha Plaza,"Indiranagar,Bangalore",4.5,100,250,North Indian
13038,Joey's pizza express delivery,"Indiranagar,Bangalore",4.2,20,250,Italian
13040,The Khichadi Factory,"Indiranagar,Bangalore",3.9,100,300,North Indian
13041,Anand Sweets and Savouries,"Indiranagar,Bangalore",4.5,1000,300,"Sweets,Chaat"
13044,UBQ by Barbeque Nation,"Indiranagar,Bangalore",3.7,100,300,"North Indian,Barbecue"
13045,Yauatcha,"Indiranagar,Bangalore",4.3,50,1800,Chinese
13046,Tea Brew,"Indiranagar,Bangalore",4.2,100,350,"American,Italian"
13047,Mani's Dum Biryani,"Indiranagar,Bangalore",4.3,1000,400,Biryani
13048,The Bangalore Creamery,"Indiranagar,Bangalore",4.0,100,250,"Bakery,Desserts"
13049,Homelike,"Indiranagar,Bangalore",3.5,20,200,"Home Food,North Indian"
13051,Paratha Envy,"Indiranagar,Bangalore",4.4,100,249,North Indian
13055,Sinful Desserts,"Indiranagar,Bangalore",4.0,100,250,"Bakery,Desserts"
13056,Boozy Bakes,"Indiranagar,Bangalore",4.2,20,350,"Bakery,Desserts"
13059,Kanpur Ki Kachauri,"Indiranagar,Bangalore",4.3,20,275,North Indian
13060,Peppy Bowl,"Indiranagar,Bangalore",4.2,50,500,"Healthy Food,Continental"
13062,Kingsmen Coffee,"Indiranagar,Bangalore",4.3,100,250,"French,Continental"
13063,"Lubov Patisserie - Cakes, Macarons and Desserts","Indiranagar,Bangalore",4.3,20,500,"Bakery,Desserts"
13064,The Kolkata Katiroll,"Indiranagar,Bangalore",3.5,20,200,"Snacks,Beverages"
13065,Little Black Choux,"Indiranagar,Bangalore",4.4,50,300,"Italian,Continental"
13066,Shanti Sagar,"Indiranagar,Bangalore",4.3,1000,600,Chinese
13068,Blue Tokai Coffee Roasters,"Indiranagar,Bangalore",4.5,100,600,"Beverages,Desserts"
13069,Polar Bear The Ice Cream Sundae Zone,"Indiranagar,Bangalore",4.5,100,180,Desserts
13070,Marzipan Cafe & Bakery,"Indiranagar,Bangalore",4.5,20,400,"Desserts,Greek"
13071,Firangi Bake,"Indiranagar,Bangalore",4.3,20,400,"Italian,Mexican"
13072,Meghana Foods,"Indiranagar,Bangalore",4.4,1000,500,"Biryani,Andhra"
13073,La Fresca Pasta,"Indiranagar,Bangalore",4.5,20,600,"Italian,Pastas"
13074,Malabar,"Indiranagar,Bangalore",3.9,100,500,South Indian
13075,Chinese Wok (Wok Express),"Indiranagar,Bangalore",3.9,500,250,"Chinese,Asian"
13078,Basil Spice,"Indiranagar,Bangalore",4.2,50,350,"Asian,Chinese"
13081,Amma Mess,"Indiranagar,Bangalore",4.5,20,100,South Indian
13083,Cafe Nature,"Indiranagar,Bangalore",4.1,50,300,"Beverages,Snacks"
13084,Smith's Authentic Fish N 'Chips,"Indiranagar,Bangalore",4.3,50,650,"British,American"
13088,NIC Natural Ice Creams,"Indiranagar,Bangalore",4.6,500,120,"Ice Cream,Desserts"
13090,Akss - Modern Indian,"Indiranagar,Bangalore",4.7,100,700,"North Indian,Chaat"
13094,Little Italy,"Indiranagar,Bangalore",4.4,100,1200,"Italian,Pizzas"
13095,Milano Ice Cream,"Indiranagar,Bangalore",4.6,100,200,"Ice Cream,Desserts"
13096,The Himalayan Momo Company,"Indiranagar,Bangalore",4.2,100,200,"Snacks,Beverages"
13100,Singhs Desi Swad,"Indiranagar,Bangalore",4.2,50,400,"Indian,Snacks"
13104,Sri Udupi Park,"Indiranagar,Bangalore",4.3,1000,150,"South Indian,Chinese"
13108,Biriyani Hub,"Indiranagar,Bangalore",3.8,20,250,"Andhra,Hyderabadi"
13109,Gawky Goose,"Indiranagar,Bangalore",4.2,20,650,"North Indian,South Indian"
13111,Ibaco,"Indiranagar,Bangalore",4.6,50,800,Desserts
13115,PODHI KITCHEN,"Indiranagar,Bangalore",4.0,20,300,"Biryani,Indian"
13116,INOX,"Indiranagar,Bangalore",4.3,20,400,Fast Food
13118,Momoz,"Indiranagar,Bangalore",3.9,100,350,"Chinese,Thai"
13120,Chopstick,"Indiranagar,Bangalore",4.0,500,350,"Chinese,Thai"
13121,Laali Da Dhaba,"Indiranagar,Bangalore",4.0,20,300,"Punjabi,North Indian"
13123,Domino's Pizza,"Indiranagar,Bangalore",4.4,500,400,Pizzas
13126,Nomad Pizza- Traveller Series,"Indiranagar,Bangalore",4.7,20,850,Pizzas
13127,The Red Box,"Indiranagar,Bangalore",3.8,100,400,Chinese
13130,Oven Story Pizza,"Indiranagar,Bangalore",3.9,100,400,"Pizzas,Italian"
13133,Sundae Everyday Ice Creams,"Indiranagar,Bangalore",4.0,20,150,"Desserts,Ice Cream"
13134,Gurukrupa Paratha House,"Indiranagar,Bangalore",3.7,50,250,"Chinese,North Indian"
13135,Natural Ice Cream,"Indiranagar,Bangalore",4.7,500,150,Ice Cream
13136,Suryawanshi,"Indiranagar,Bangalore",4.2,100,600,"Maharashtrian,Seafood"
13137,Amma's Pastries,"Indiranagar,Bangalore",4.2,20,350,"Bakery,Desserts"
13138,Dr.Shakes,"Indiranagar,Bangalore",4.3,20,250,Beverages
13139,THE INDIAN SAMOSA,"Indiranagar,Bangalore",5.0,20,250,"Snacks,Chaat"
13140,Chinese BAE,"Indiranagar,Bangalore",4.1,100,400,"Chinese,Thai"
13142,Say Noodles,"Indiranagar,Bangalore",4.2,100,300,"Chinese,Thai"
13143,Gourmet Men,"Indiranagar,Bangalore",3.8,20,600,"Pizzas,Beverages"
13144,Minus 30,"Indiranagar,Bangalore",5.0,20,250,Ice Cream
13146,Salad Men,"Indiranagar,Bangalore",3.7,20,500,"Salads,Healthy Food"
13151,Wow! Momo,"Indiranagar,Bangalore",4.2,100,300,"Tibetan,Healthy Food"
13153,Rocket Wok,"Indiranagar,Bangalore",3.6,20,400,"Chinese,Thai"
13154,Bharani Mixtures,"Indiranagar,Bangalore",4.4,20,200,"Snacks,Sweets"
13156,Juice Therapy,"Indiranagar,Bangalore",4.4,100,200,Beverages
13159,LASSI SHOP,"Indiranagar,Bangalore",4.0,50,300,"Ice Cream,Beverages"
13160,China Garten,"Indiranagar,Bangalore",4.1,20,250,Chinese
13161,Magnolia Bakery,"Indiranagar,Bangalore",4.6,1000,500,"Bakery,Desserts"
13163,Davanagere Benne Dosa,"Indiranagar,Bangalore",4.3,50,150,South Indian
13165,California Burrito,"Indiranagar,Bangalore",4.5,1000,250,"Mexican,American"
13166,Sendhoor Nataraaj Restaurant,"Indiranagar,Bangalore",4.0,20,400,"Snacks,Biryani"
13170,Third Wave Coffee,"Indiranagar,Bangalore",4.4,100,400,"Beverages,Bakery"
13171,Frooze,"Indiranagar,Bangalore",5.0,20,250,"Ice Cream,Desserts"
13173,THE OB'ROK,"Indiranagar,Bangalore",3.8,50,250,"Arabian,Street Food"
13174,Dilli Wali Thali,"Indiranagar,Bangalore",3.3,20,250,Indian
13175,La Pino'z Pizza,"Indiranagar,Bangalore",3.9,500,500,"Pizzas,Fast Food"
13176,Dum Biryani Adda,"Indiranagar,Bangalore",4.3,20,200,Biryani
13177,The Bengal Club,"Indiranagar,Bangalore",4.1,100,500,Bengali
13179,Sicily,"Indiranagar,Bangalore",4.6,20,800,"Pastas,Italian"
13180,Chole Bhature Wale,"Indiranagar,Bangalore",3.7,20,250,"North Indian,Chaat"
13182,Chai Days,"Indiranagar,Bangalore",4.3,100,200,"Beverages,Snacks"
13184,Starbucks Coffee,"Indiranagar,Bangalore",4.2,100,400,Beverages
13185,"Bhartiya Jalpan - Sweets, Dry Fruit and Savouries","Indiranagar,Bangalore",4.5,50,300,"North Indian,Sweets"
13188,Big Bowl Company,"Indiranagar,Bangalore",3.8,500,250,"North Indian,Chinese"
13189,Sagar Delicacy,"Indiranagar,Bangalore",4.4,100,300,"North Indian,South Indian"
13190,Khichdi Express,"Indiranagar,Bangalore",4.3,100,300,North Indian
13191,Biryani Trip,"Indiranagar,Bangalore",4.1,100,400,"Biryani,Hyderabadi"
13192,High Ultra Express Pizza,"Indiranagar,Bangalore",4.3,20,200,Pizzas
13193,Burma Burma,"Indiranagar,Bangalore",4.5,100,1300,"Asian,Burmese"
13194,India Sweet House,"Indiranagar,Bangalore",4.6,20,150,"Sweets,Snacks"
13195,Hungry B,"Indiranagar,Bangalore",3.2,20,250,"North Indian,Indian"
13196,ITC Sunfeast Baked Creations,"Indiranagar,Bangalore",4.6,50,600,"Bakery,Desserts"
13197,The Momo Co.,"Indiranagar,Bangalore",4.0,50,250,"Chinese,Asian"
13198,Cupcake Bliss Cakes & Desserts,"Indiranagar,Bangalore",4.1,100,200,"Bakery,Desserts"
13202,Nandhana Palace,"Indiranagar,Bangalore",4.2,500,500,"Biryani,Andhra"
13204,Dong Fu's Chinese Kitchen,"Indiranagar,Bangalore",4.1,100,300,"Chinese,Asian"
13205,Simpli Namdhari's,"Indiranagar,Bangalore",4.3,20,500,"Italian,Salads"
13208,A2B Veg,"Indiranagar,Bangalore",4.2,1000,300,"South Indian,North Indian"
13210,Cafe Terra,"Indiranagar,Bangalore",4.3,100,299,Continental
13211,Sante Spa Cuisine,"Indiranagar,Bangalore",4.2,100,1000,"Healthy Food,Continental"
13212,SHREE CHAT POINT BANGARPET PANI PURI,"Indiranagar,Bangalore",3.5,20,200,Snacks
13213,Sly Granny,"Indiranagar,Bangalore",4.3,100,1000,"Continental,Salads"
13215,The Good Bowl,"Indiranagar,Bangalore",3.9,50,400,"North Indian,Punjabi"
13216,Momo's Corner,"Indiranagar,Bangalore",4.0,100,150,Chinese
13219,BOBA TREE,"Indiranagar,Bangalore",4.3,100,300,"Snacks,Italian"
13220,Punjabi Bowl,"Indiranagar,Bangalore",4.1,20,300,"Home Food,North Indian"
13221,Dairy Day Ice Creams,"Indiranagar,Bangalore",4.8,20,200,"Ice Cream,Desserts"
13222,Sip and Bite Kitchen,"Indiranagar,Bangalore",4.8,20,200,"North Indian,Chinese"
13223,Esplanade,"Indiranagar,Bangalore",4.1,100,1200,"Bengali,Indian"
13224,Cupcake Noggins - Vintage Patisserie,"Indiranagar,Bangalore",3.8,20,200,"Desserts,Snacks"
13230,Hatti Kaapi - Coffee and more,"Indiranagar,Bangalore",3.9,50,120,"Beverages,South Indian"
13232,The Cake mart,"Indiranagar,Bangalore",3.8,20,300,Desserts
13233,Breakfast Wala,"Indiranagar,Bangalore",3.8,100,150,North Indian
13235,The Hole in the Wall Cafe,"Indiranagar,Bangalore",4.3,500,300,American
13237,Momomia,"Indiranagar,Bangalore",3.9,20,250,"Chinese,Fast Food"
13239,Karachi Bakery,"Indiranagar,Bangalore",4.4,100,400,"Bakery,Pizzas"
13243,Om Sai Ram Food Junction,"Indiranagar,Bangalore",4.1,20,5,"North Indian,Bengali"
13248,Palki,"Indiranagar,Bangalore",4.1,20,500,"Chinese,North Indian"
13249,Nuage,"Indiranagar,Bangalore",4.2,20,800,"Continental,Desserts"
13250,The Greedy Man Pizzeria,"Indiranagar,Bangalore",4.5,20,500,"Pizzas,Italian"
13251,Thattukad Tea and Snacks,"Indiranagar,Bangalore",3.5,20,200,"Beverages,Snacks"
13252,Chakum Chukum,"Indiranagar,Bangalore",4.2,1000,300,"Fast Food,North Indian"
13253,Waffle Magic,"Indiranagar,Bangalore",4.4,100,200,"Beverages,Desserts"
13254,Chandni Chowk,"Indiranagar,Bangalore",3.3,20,150,"North Indian,Sweets"
13255,Singh Da Punjabi Dhaba,"Indiranagar,Bangalore",3.8,500,200,"Punjabi,Tandoor"
13259,Chinese Panda,"Indiranagar,Bangalore",4.2,100,350,"Chinese,Thai"
13260,KUBO,"Indiranagar,Bangalore",4.3,20,1000,"Japanese,Indonesian"
13261,The SnackStop(Eswaris Homemade snacks),"Indiranagar,Bangalore",4.3,100,150,"Snacks,Indian"
13263,Between The Bread,"Indiranagar,Bangalore",3.9,500,250,"Healthy Food,Beverages"
13264,Desi Biryani Cafe,"Indiranagar,Bangalore",3.9,20,300,"Beverages,Continental"
13268,Punjabi Unplugged,"Indiranagar,Bangalore",3.8,100,200,"North Indian,Chinese"
13270,Punjabi Zaika,"Indiranagar,Bangalore",4.0,50,300,"Continental,Italian"
13271,The Punjabi Rasoi,"Indiranagar,Bangalore",4.2,1000,800,North Indian
13273,Dofu,"Indiranagar,Bangalore",4.0,100,700,"Korean,Asian"
13276,Mahesh Lunch Home,"Indiranagar,Bangalore",4.0,100,1000,"Indian,Seafood"
13278,Indiana Burgers,"Indiranagar,Bangalore",4.3,100,150,"American,Fast Food"
13279,Burger King,"Indiranagar,Bangalore",4.2,1000,350,American
13280,Bangalore Thindies,"Indiranagar,Bangalore",4.1,100,80,South Indian
13281,GOWHEY- HEALTHY DESSERT COMPANY,"Indiranagar,Bangalore",4.6,20,200,"Ice Cream,Healthy Food"
13285,Paratha Box by EatFit,"Indiranagar,Bangalore",4.0,100,250,"North Indian,Punjabi"
13286,Wat-a-Burger! India Ka Burger,"Indiranagar,Bangalore",4.4,50,250,Snacks
13287,Sabari Juice Junction,"Indiranagar,Bangalore",4.3,1000,200,Beverages
13288,Varanasi Paratha house,"Indiranagar,Bangalore",4.7,20,250,"Indian,North Indian"
13291,Angel mutton leg soup,"Indiranagar,Bangalore",4.6,20,250,"South Indian,North Indian"
13293,Sri Ram Bhojanalay,"Indiranagar,Bangalore",4.7,20,5,"North Indian,Bengali"
13294,The Punjabi kitchen,"Indiranagar,Bangalore",4.7,20,5,"North Indian,Bengali"
13295,TEXAS BURGERS,"Indiranagar,Bangalore",4.1,50,400,"American,Snacks"
13296,Avanthi - Aromas of Andhra,"Indiranagar,Bangalore",4.0,100,700,"Chinese,South Indian"
13298,CHAI RESTO,"Indiranagar,Bangalore",4.9,20,400,"Beverages,Snacks"
13299,Samosa Singh,"Indiranagar,Bangalore",4.0,100,150,"North Indian,Snacks"
13302,KANTI'S,"Indiranagar,Bangalore",4.5,20,300,"North Indian,Sweets"
13303,Venus Biryani,"Indiranagar,Bangalore",3.8,100,200,Biryani
13305,The bake feast,"Indiranagar,Bangalore",4.4,20,200,"Bakery,Desserts"
13306,Chaayos Chai+Snacks=Relax,"Indiranagar,Bangalore",4.3,500,250,"Bakery,Beverages"
13308,Raffaele's Ristorante Pizzeria,"Indiranagar,Bangalore",4.2,100,800,"Pizzas,Continental"
13309,temperature,"Indiranagar,Bangalore",4.4,50,400,"Beverages,American"
13310,Saapad Raman,"Indiranagar,Bangalore",4.1,100,300,South Indian
13311,Aloha Drinking Chocolate,"Indiranagar,Bangalore",4.7,20,500,Indian
13312,Shahenshah Biryani,"Indiranagar,Bangalore",3.9,20,400,"Indian,Biryani"
13314,Ciro's Pizzeria,"Indiranagar,Bangalore",3.9,20,600,"Pizzas,Italian"
13315,Dhaba Estd 1986 Delhi,"Indiranagar,Bangalore",3.9,100,900,"Biryani,Hyderabadi"
13317,Veg Brooo - Chinese,"Indiranagar,Bangalore",4.4,20,300,"Chinese,North Indian"
13319,The Indian Dhaba,"Indiranagar,Bangalore",3.6,20,300,Thalis
13321,Foodism.in,"Indiranagar,Bangalore",3.5,50,250,"Home Food,North Indian"
13323,Chinese Trail,"Indiranagar,Bangalore",3.9,100,350,"Chinese,Thai"
13324,Millet Express,"Indiranagar,Bangalore",4.6,50,150,"South Indian,Healthy Food"
13325,Srinathji's Restaurant ( Taste the Nectar ),"Indiranagar,Bangalore",4.3,100,500,"North Indian,Indian"
13326,Cream Stone Ice Cream,"Indiranagar,Bangalore",4.5,100,250,"Ice Cream,Desserts"
13327,Rolls On Wheels,"Indiranagar,Bangalore",4.2,500,300,Snacks
13328,Cheese Meets Bread,"Indiranagar,Bangalore",4.4,100,300,"Snacks,Beverages"
13329,Punjabi Dhaba,"Indiranagar,Bangalore",3.5,500,200,"North Indian,Punjabi"
13330,Phobidden Fruit,"Indiranagar,Bangalore",4.7,100,1500,"Vietnamese,Asian"
13332,The Daily Meal,"Indiranagar,Bangalore",4.2,20,250,Indian
13334,The Lassi Pub,"Indiranagar,Bangalore",5.0,20,100,Juices
13336,Srinidhi Sagar,"Indiranagar,Bangalore",3.9,100,200,"South Indian,North Indian"
13337,The table,"Indiranagar,Bangalore",4.4,20,300,"Sweets,Ice Cream"
13338,Barbeque Nation,"Indiranagar,Bangalore",3.9,50,600,"North Indian,Barbecue"
13339,Srinidhi Sagar Deluxe,"Indiranagar,Bangalore",4.1,100,200,"South Indian,North Indian"
13340,Dindigul Thalappakatti,"Indiranagar,Bangalore",3.8,100,650,"Biryani,Barbecue"
13341,Chai Point,"Indiranagar,Bangalore",4.4,500,150,"Bakery,Beverages"
13342,Cream N Cha,"Indiranagar,Bangalore",4.2,20,200,"Desserts,Ice Cream"
13344,Kanti Sweets,"Indiranagar,Bangalore",4.4,100,100,Desserts
13345,ODIA KHAIBA,"Indiranagar,Bangalore",4.0,500,200,"Indian,Seafood"
13346,Madras Meal Company,"Indiranagar,Bangalore",4.0,100,350,"South Indian,Chettinad"
13348,Apsara Ice Creams,"Indiranagar,Bangalore",4.6,50,150,"Ice Cream,Desserts"
13350,Sichuan,"Indiranagar,Bangalore",4.3,100,500,"Chinese,Pan-Asian"
13356,Desi Chinese Kitchen,"Indiranagar,Bangalore",4.4,100,300,Chinese
13357,Burger Seigneur,"Indiranagar,Bangalore",4.1,100,1300,"American,Continental"
13358,Glen's Bakehouse,"Indiranagar,Bangalore",4.4,500,500,"Desserts,Bakery"
13362,Fresh Bites,"Indiranagar,Bangalore",4.1,500,200,"North Indian,South Indian"
13364,Paakashala,"Indiranagar,Bangalore",4.2,500,500,"South Indian,North Indian"
13367,Luru Sandwich Company,"Indiranagar,Bangalore",4.0,20,300,"Fast Food,American"
13369,Misu,"Indiranagar,Bangalore",4.2,100,1300,"Asian,Chinese"
13372,Halli Mane Rotti,"Indiranagar,Bangalore",3.9,20,200,South Indian
13374,Truffles,"Indiranagar,Bangalore",4.5,1000,450,"American,Desserts"
13376,MMA Kabab & Rolls,"Indiranagar,Bangalore",3.7,100,200,"Biryani,Chinese"
13378,Slurpy Shakes,"Indiranagar,Bangalore",4.0,20,150,"Beverages,Ice Cream"
13379,The Bengaluru Brasserie by Hyatt Centric - Bangalore,"Indiranagar,Bangalore",3.2,20,600,"Indian,Asian"
13382,Istah - Shawarma & Biryani,"Indiranagar,Bangalore",4.2,500,250,"Biryani,Arabian"
13383,BENGALI KHABAR,"Indiranagar,Bangalore",4.0,100,250,Bengali
13384,Namma Madurai,"Indiranagar,Bangalore",4.2,100,150,South Indian
13387,Hanoi,"Indiranagar,Bangalore",4.3,50,1000,"Asian,Pan-Asian"
13389,Punjabi Chaap Corner,"Indiranagar,Bangalore",3.8,100,350,"Indian,North Indian"
13390,The Brekkie Shop - All Day Menu,"Indiranagar,Bangalore",4.3,100,200,"British,Italian"
13391,Laddoos,"Indiranagar,Bangalore",4.2,500,200,"North Indian,Chaat"
13392,Chowman,"Indiranagar,Bangalore",4.3,500,800,"Asian,Chinese"
13393,Moochwala Paratha Co,"Indiranagar,Bangalore",4.5,20,400,"North Indian,Punjabi"
13396,Chianti,"Indiranagar,Bangalore",4.4,100,1250,"Italian,Pizzas"
13399,Brik Oven,"Indiranagar,Bangalore",4.3,500,1000,"Italian,Pizzas"
13402,Donne Biryani Adda,"Indiranagar,Bangalore",3.0,50,200,"Biryani,South Indian"
13403,HomeSe Just Veg,"Indiranagar,Bangalore",3.7,20,200,"South Indian,North Indian"
13405,Side dish,"Indiranagar,Bangalore",3.7,20,200,"Tandoor,North Indian"
13407,Smoodies & Juices: Yours Fruitfully,"Indiranagar,Bangalore",4.1,20,140,"Snacks,Healthy Food"
13408,Fresh Bowls,"Indiranagar,Bangalore",3.7,20,200,"North Indian,Chinese"
13409,PIZZAAJ,"Indiranagar,Bangalore",3.9,50,150,Pizzas
13410,Biryani Khazana,"Indiranagar,Bangalore",3.8,50,250,Biryani
13411,Kaati Zone Rolls & Wraps,"Indiranagar,Bangalore",4.1,100,150,"Fast Food,Beverages"
13413,Bite Me Cupcakes,"Indiranagar,Bangalore",4.1,100,150,"Bakery,Desserts"
13416,New Udupi Grand,"Indiranagar,Bangalore",4.3,100,200,"South Indian,Chinese"
13417,Citrus - The Leela Palace Bengaluru,"Indiranagar,Bangalore",3.9,20,800,"Indian,Chinese"
13418,Tandoori Taal,"Indiranagar,Bangalore",4.3,500,900,"North Indian,Biryani"
13420,BOX8 - Desi Meals,"Indiranagar,Bangalore",3.6,100,250,"North Indian,Biryani"
13422,Subbudus The SnackStop ( Eswaris Homemade snacks ),"Indiranagar,Bangalore",4.5,20,150,"Sweets,Snacks"
13426,Corner House Ice Cream,"Indiranagar,Bangalore",4.6,1000,250,"Ice Cream,Desserts"
13427,Mamaji PavBhaji,"Indiranagar,Bangalore",5.0,20,250,"Street Food,Snacks"
13429,Ludos Pizza,"Indiranagar,Bangalore",4.1,100,300,"Italian,Pizzas"
13430,Maalgaadi by Dhaba Estd 1986 Delhi,"Indiranagar,Bangalore",4.1,1000,300,"North Indian,Indian"
13431,Banashankari Donne Biryani,"Indiranagar,Bangalore",3.8,20,300,Biryani
13433,Chinese Daily,"Indiranagar,Bangalore",4.2,100,400,"Chinese,Pan-Asian"
13436,Hyderabadi Biryani Paradise,"Indiranagar,Bangalore",2.7,20,300,"Biryani,Chinese"
13438,Meat and Eat,"Indiranagar,Bangalore",4.1,100,300,Biryani
13439,Old Delhi Tandoor,"Indiranagar,Bangalore",3.5,20,400,"North Indian,Kebabs"
13443,Fritoburger,"Indiranagar,Bangalore",4.6,50,250,"Burgers,American"
13444,Fullyfilled,"Indiranagar,Bangalore",4.0,20,200,Street Food
13446,MAGGINATION,"Indiranagar,Bangalore",4.1,50,200,Indian
13447,Dal Roti Sabji,"Indiranagar,Bangalore",4.5,500,150,North Indian
13448,The Chaap Factory,"Indiranagar,Bangalore",3.6,20,350,"Kebabs,North Indian"
13449,Biryani Blues,"Indiranagar,Bangalore",4.3,100,400,"Biryani,Hyderabadi"
13451,Samosa Party,"Indiranagar,Bangalore",4.2,500,150,"Chaat,North Indian"
13453,Maison Du Brownie and Cheese Cake,"Indiranagar,Bangalore",4.3,50,200,Desserts
13455,BaHa Superfoods,"Indiranagar,Bangalore",3.5,20,200,"Healthy Food,Juices"
13456,Curry On Tikka,"Indiranagar,Bangalore",4.0,100,300,"North Indian,Punjabi"
13458,Bhartiya Jalpan,"Indiranagar,Bangalore",4.1,1000,300,"North Indian,Sweets"
13459,Punjabi Nawabi,"Indiranagar,Bangalore",3.8,500,250,North Indian
13460,Coast N Kebabs,"Indiranagar,Bangalore",2.3,20,400,"Seafood,Kebabs"
13461,Habibi Falafel,"Indiranagar,Bangalore",4.1,100,300,"Arabian,Mediterranean"
13463,Burgers & More,"Indiranagar,Bangalore",4.8,20,300,"American,Mexican"
13468,Art Of Dum,"Indiranagar,Bangalore",4.3,100,750,"North Indian,Biryani"
13472,Coffee Mechanics,"Indiranagar,Bangalore",4.8,20,400,"Bakery,American"
13474,Kawaii Mochi Bar,"Indiranagar,Bangalore",4.0,50,240,"Ice Cream,Desserts"
13475,Dil Punjabi,"Indiranagar,Bangalore",4.1,100,300,"North Indian,Punjabi"
13478,Midnight Pizza And Food,"Indiranagar,Bangalore",3.7,20,200,"Pizzas,Chinese"
13481,WarmOven Cakes & Desserts,"Indiranagar,Bangalore",4.0,100,200,"Bakery,Desserts"
13483,Big Pitcher,"Indiranagar,Bangalore",4.3,50,650,"North Indian,Mediterranean"
13485,Crusty's by Chefkraft,"Indiranagar,Bangalore",4.3,20,250,"Pizzas,Pastas"
13486,The Daily Bowl,"Indiranagar,Bangalore",4.0,20,250,Indian
13487,Sri Udupi Park (100ft Road),"Indiranagar,Bangalore",4.3,1000,100,"South Indian,North Indian"
13489,Shanghai Social,"Indiranagar,Bangalore",4.2,20,350,"Chinese,Fast Food"
13491,Senoritas Mexican kitchen by Little Italy,"Indiranagar,Bangalore",4.8,100,500,"Mexican,Desserts"
13492,DVG Benne Dosa,"Indiranagar,Bangalore",4.0,100,100,South Indian
13493,Pasta Street,"Indiranagar,Bangalore",4.3,100,900,"Italian,Pizzas"
13495,RUMI,"Indiranagar,Bangalore",4.1,100,500,"Indian,North Indian"
13496,UTHRA,"Indiranagar,Bangalore",4.2,50,350,"North Indian,Chinese"
13498,Social,"Indiranagar,Bangalore",4.2,100,500,"North Indian,Chinese"
13499,Lucky Chan,"Indiranagar,Bangalore",4.1,50,1800,"Asian,Chinese"
13500,Happy Belly Bakes- Cakes and Desserts,"Indiranagar,Bangalore",4.6,100,500,"Desserts,Bakery"
13502,Chung's Pavilion,"Indiranagar,Bangalore",4.2,100,600,Chinese
13503,Madurai Idly Shop (80 ft. Road),"Indiranagar,Bangalore",4.1,1000,150,South Indian
13506,O4H - Order For Health,"Indiranagar,Bangalore",4.6,50,400,"Healthy Food,Salads"
13507,Adiga's,"Indiranagar,Bangalore",4.3,500,200,"South Indian,North Indian"
13509,Bombay 2 Delhi,"Indiranagar,Bangalore",4.5,20,400,"Indian,Fast Food"
13510,BOSS Burger,"Indiranagar,Bangalore",4.2,500,500,"American,Continental"
13512,Marwar's,"Indiranagar,Bangalore",4.3,50,150,"North Indian,Rajasthani"
13513,Bekal,"Indiranagar,Bangalore",3.9,100,400,"Kerala,Mangalorean"
13514,ARAKU Coffee,"Indiranagar,Bangalore",4.2,20,500,"Bakery,Beverages"
13515,Chobi's Magic Snacks,"Indiranagar,Bangalore",4.6,20,150,"Snacks,Street Food"
13517,Asha Sweet Center,"Indiranagar,Bangalore",4.3,500,100,"Sweets,Desserts"
13518,GetAWhey - Healthy Ice creams.,"Indiranagar,Bangalore",4.6,20,250,"Ice Cream,Healthy Food"
13520,TAPAS HIDEOUT,"Indiranagar,Bangalore",3.7,20,300,"North Indian,Snacks"
13521,BurgerMan,"Indiranagar,Bangalore",4.7,50,400,"American,Continental"
13522,Brownie Heaven,"Indiranagar,Bangalore",4.2,50,300,"Desserts,Snacks"
13523,Shawarma Indiah,"Indiranagar,Bangalore",5.0,20,400,"Arabian,Fast Food"
13524,Puliyogare Palace,"Indiranagar,Bangalore",3.6,50,250,"South Indian,Desserts"
13526,Coastal Home Food,"Indiranagar,Bangalore",4.0,20,249,"Indian,Seafood"
13527,Tomba kitchen,"Indiranagar,Bangalore",4.2,500,300,Chinese
13529,Achayyan's,"Indiranagar,Bangalore",3.6,100,400,"Kerala,South Indian"
13530,Kota Kachori And Falahaar,"Indiranagar,Bangalore",3.8,100,150,"Chaat,North Indian"
13531,Sultan dum biryani,"Indiranagar,Bangalore",3.8,20,300,"Biryani,Desserts"
13534,Thin Tony's Pizza,"Indiranagar,Bangalore",4.2,50,300,"Pizzas,Italian-American"
13535,The Blue bawarchi restaurant(odia and Bengali food,"Indiranagar,Bangalore",3.8,20,300,"Bengali,Oriya"
13536,NEW ROOTI MANE,"Indiranagar,Bangalore",4.3,50,160,South Indian
13538,HRX by Eatfit,"Indiranagar,Bangalore",5.0,20,270,"Healthy Food,Pizzas"
13540,Sweet Truth - Cake and Desserts,"Indiranagar,Bangalore",3.8,20,450,"Ice Cream,Bakery"
13543,Sri Krishna Nanda Gokula Veg,"Indiranagar,Bangalore",4.2,50,149,"South Indian,Chinese"
13544,Toit,"Indiranagar,Bangalore",4.3,100,1000,"American,Italian"
13546,Sardarji Da Dhaba,"Indiranagar,Bangalore",4.2,20,500,"Indian,Chinese"
13547,Taco Bell,"Indiranagar,Bangalore",4.2,500,300,Mexican
13548,Once Upon A Flame,"Indiranagar,Bangalore",4.1,20,800,"Continental,Steakhouse"
13550,"Thalis , Bowls & More","Indiranagar,Bangalore",2.7,20,350,"Pizzas,North Indian"
13551,JUST BAKE (INDIRA NAGAR),"Indiranagar,Bangalore",3.5,20,400,"Bakery,Desserts"
13554,Kadamba Foodline,"Indiranagar,Bangalore",4.2,20,400,South Indian
13556,Peetuk,"Indiranagar,Bangalore",4.1,500,500,"Bengali,Chinese"
13561,The Salad Studio,"Indiranagar,Bangalore",4.3,100,300,"Healthy Food,Salads"
13562,"Frozen Bottle - Milkshakes, Desserts And Ice Cream","Indiranagar,Bangalore",3.9,50,250,"Beverages,Desserts"
13564,Watson's,"Indiranagar,Bangalore",3.7,20,450,"North Indian,South Indian"
13565,Neeta's Kitchen,"Indiranagar,Bangalore",3.6,20,350,"North Indian,Punjabi"
13571,Sarposh,"Indiranagar,Bangalore",4.1,100,1200,"North Indian,Kashmiri"
13574,Theobroma,"Indiranagar,Bangalore",4.5,1000,800,"Bakery,Desserts"
13577,Savoury Restaurant,"Indiranagar,Bangalore",4.1,500,600,"Biryani,Mughlai"
13579,Sharief Bhai,"Indiranagar,Bangalore",4.0,1000,400,"Biryani,North Indian"
13580,RNR Biryani - Taste of 1953,"Indiranagar,Bangalore",4.2,500,350,"Biryani,South Indian"
13582,Moti's Kitchen,"Indiranagar,Bangalore",4.3,1000,200,"Kerala,South Indian"
13587,THAI BASIL,"Indiranagar,Bangalore",3.8,100,1200,Thai
13588,Piazza pizza by Little Italy,"Indiranagar,Bangalore",4.4,100,500,"Pizzas,Salads"
13589,Buffalo Wild Wings,"Indiranagar,Bangalore",3.7,50,1200,"American,Continental"
13592,Good Fettle - Healthy Ice Cream,"Indiranagar,Bangalore",4.8,20,300,"Ice Cream,Desserts"
13594,New Udupi Garden Veg,"Indiranagar,Bangalore",4.2,500,200,"Chinese,Chaat"
13596,Bidadi thatte Idli,"Indiranagar,Bangalore",3.1,50,200,South Indian
13598,Roti Curry and Co,"Indiranagar,Bangalore",4.4,20,200,Indian
13600,New Krishna Sagar,"Indiranagar,Bangalore",3.9,100,200,"South Indian,North Indian"
13601,The Paramount Hotel,"Indiranagar,Bangalore",4.0,100,300,"Indian,Biryani"
13603,Odia dine,"Indiranagar,Bangalore",4.2,500,300,"North Indian,Thalis"
13606,North Indian spice,"Indiranagar,Bangalore",3.7,20,200,North Indian
13608,Khaomomo,"Indiranagar,Bangalore",4.2,50,250,"Tibetan,Nepalese"
13614,McDonald's Gourmet Burger Collection,"Indiranagar,Bangalore",4.0,20,600,"Burgers,Beverages"
13615,SAI RAM HOT CHIPS,"Indiranagar,Bangalore",4.3,20,300,Snacks
13618,Taiki,"Indiranagar,Bangalore",4.0,100,1000,"Pan-Asian,Japanese"
13622,Lavonne,"Indiranagar,Bangalore",4.3,100,1000,"Bakery,Desserts"
13623,Bologna Italian Restaurant,"Indiranagar,Bangalore",4.5,100,600,Italian
13627,Pradhan's kitchen,"Indiranagar,Bangalore",4.3,50,220,"Continental,Salads"
13628,Momo Zone - The Momo Company,"Indiranagar,Bangalore",4.2,20,150,"Chinese,Tibetan"
13631,The Golden Bowl,"Indiranagar,Bangalore",4.0,20,200,"Indian,North Indian"
13632,Le Gateau - The Cake Shop,"Indiranagar,Bangalore",3.8,100,400,Desserts
13633,Chai Central,"Indiranagar,Bangalore",3.8,50,150,"Beverages,Bakery"
13634,Kathi Rolls Co.,"Indiranagar,Bangalore",3.6,20,200,"Fast Food,Beverages"
13635,Sri Udupi Park - Kodihalli,"Indiranagar,Bangalore",4.3,100,150,"South Indian,Chaat"
13638,"Panditji - ras bana rahe( Pooris, Samosas, Kachori","Indiranagar,Bangalore",4.2,100,200,"Fast Food,Snacks"
13641,Lucknow Express,"Indiranagar,Bangalore",4.2,20,10,"North Indian,Bengali"
13645,Shaan-e-Punjab,"Indiranagar,Bangalore",4.2,100,400,"Tandoor,North Indian"
13648,Spiga,"Indiranagar,Bangalore",4.0,50,300,"Continental,Mediterranean"
13649,Onesta,"Indiranagar,Bangalore",3.8,1000,200,"Italian,Desserts"
13650,Paris Panini - French Street Food,"Indiranagar,Bangalore",4.5,500,450,"French,Continental"
13652,Andhra Meal Company,"Indiranagar,Bangalore",4.2,20,200,"South Indian,Home Food"
13653,The Meals Junction,"Indiranagar,Bangalore",4.6,20,5,"North Indian,Bengali"
13655,Burger and Beyond,"Indiranagar,Bangalore",4.0,20,250,"American,Beverages"
13657,The Biryani Zone - By Kouzina,"Indiranagar,Bangalore",3.5,20,150,Biryani
13661,Shaap,"Indiranagar,Bangalore",4.1,100,500,Kerala
13663,Status Fine Dine,"Indiranagar,Bangalore",3.8,20,400,"Chinese,South Indian"
13665,Subway,"Indiranagar,Bangalore",4.1,500,350,"Salads,Snacks"
13668,Ghar Ki Rasoi,"Indiranagar,Bangalore",3.7,100,300,"Chinese,Italian"
13669,BurgerHaus Gourmet Burgers,"Indiranagar,Bangalore",4.0,20,600,"American,Continental"
13670,Shanghai House,"Indiranagar,Bangalore",4.3,100,400,"Chinese,Thai"
13671,Fiero! Pizzeria,"Indiranagar,Bangalore",4.1,100,300,"Pizzas,Italian"
13672,Uncle Peter's Pancakes,"Indiranagar,Bangalore",4.1,500,300,"Desserts,Continental"
13674,Maravanthe,"Indiranagar,Bangalore",4.2,100,800,Seafood
13675,The Empire Juice Shop,"Indiranagar,Bangalore",4.1,20,200,"Ice Cream,Juices"
13677,Biryani Bowl Company,"Indiranagar,Bangalore",4.9,50,400,"Biryani,Hyderabadi"
13678,QISSA,"Indiranagar,Bangalore",3.9,100,600,"Arabian,Lebanese"
13679,The Fatty Bao,"Indiranagar,Bangalore",4.3,100,1300,"Asian,Japanese"
13680,NEW SHAHI KABAB ROLL CENTER,"Indiranagar,Bangalore",4.2,100,250,Fast Food
13682,Green Pepper,"Indiranagar,Bangalore",4.1,1000,200,"Kerala,Seafood"
13684,Chainaama,"Indiranagar,Bangalore",3.5,20,100,Beverages
13685,Sri Krishna Bhavan,"Indiranagar,Bangalore",4.1,100,200,"South Indian,North Indian"
13688,The Biryani Life,"Indiranagar,Bangalore",3.5,20,250,"Biryani,Hyderabadi"
13690,Chakh Le,"Indiranagar,Bangalore",3.8,100,400,"Bengali,Biryani"
13691,Kaayal,"Indiranagar,Bangalore",4.1,100,300,"Kerala,Seafood"
13692,Chaatimes,"Indiranagar,Bangalore",3.7,20,150,"Chaat,Beverages"
13693,Avocado cafe,"Indiranagar,Bangalore",4.6,50,500,"Continental,Snacks"
13695,Rosy Roti,"Indiranagar,Bangalore",4.4,100,200,"Home Food,North Indian"
13699,Shakeshack,"Indiranagar,Bangalore",4.2,50,300,"Bakery,Desserts"
13700,Chef's Cap,"Indiranagar,Bangalore",4.2,50,400,Chinese
13701,WOWFFLES,"Indiranagar,Bangalore",3.5,20,400,"Desserts,Bakery"
13702,Mamagoto,"Indiranagar,Bangalore",4.2,100,900,"Chinese,Asian"
13703,Roll Bol,"Indiranagar,Bangalore",4.4,20,200,"Fast Food,Indian"
13704,Chandni Chowk 2 Bangalore,"Indiranagar,Bangalore",3.7,50,300,"Mughlai,Punjabi"
13706,Kailash Parbat,"Indiranagar,Bangalore",3.9,500,300,"Street Food,Indian"
13709,Prowl Foods By Tiger Shroff,"Indiranagar,Bangalore",4.0,100,500,"North Indian,Continental"
13710,The Thick Shake Factory,"Indiranagar,Bangalore",4.4,100,200,"Ice Cream,Beverages"
13713,Ghee and Turmeric,"Indiranagar,Bangalore",4.0,100,500,"North Indian,Tandoor"
13714,New Taj Dum Biryani,"Indiranagar,Bangalore",2.7,20,400,"North Indian,Continental"
13715,Bombay Brasserie,"Indiranagar,Bangalore",4.3,50,900,"North Indian,Biryani"
13717,Snack House,"Indiranagar,Bangalore",4.1,100,300,"Fast Food,Street Food"
13719,Potful - Claypot Biryanis,"Indiranagar,Bangalore",4.3,500,500,"Biryani,Kebabs"
13721,crunch pizza express delivery,"Indiranagar,Bangalore",4.3,20,300,"Italian,Pizzas"
13722,Lakeview Milkbar,"Indiranagar,Bangalore",4.3,100,450,"Desserts,Ice Cream"
13724,ROLLING DOUGH CAFE,"Indiranagar,Bangalore",3.6,20,700,"Italian,Seafood"
13726,The Pizza Bakery,"Indiranagar,Bangalore",4.4,500,700,"Pizzas,Pastas"
13727,Big Wong,"Indiranagar,Bangalore",4.3,50,800,"Asian,Chinese"
13728,Sandys Sandwiches,"Indiranagar,Bangalore",4.7,20,250,"Fast Food,Snacks"
13729,Vegan Vogue,"Indiranagar,Bangalore",4.2,20,1000,"Healthy Food,Mexican"
13733,The Biryanis,"Indiranagar,Bangalore",3.5,50,400,"Andhra,Biryani"
13735,Grameen Kulfi,"Indiranagar,Bangalore",4.7,100,120,"Ice Cream,Desserts"
13736,Ambur Star Briyani Since 1890,"Indiranagar,Bangalore",4.3,1000,600,"Biryani,Chettinad"
13737,Lo! - Low Carb and Keto Foods,"Indiranagar,Bangalore",4.5,500,150,"Healthy Food,Keto"
13739,Infinitea,"Indiranagar,Bangalore",4.6,100,1000,"Italian,French"
13740,Barbeque Basket,"Indiranagar,Bangalore",4.1,20,400,"American,Arabian"
13741,Bangalore Dessert Company,"Indiranagar,Bangalore",3.4,50,349,"Desserts,Beverages"
13742,Kurrymeen,"Indiranagar,Bangalore",3.9,20,450,"Indian,Coastal"
13743,MTR,"Indiranagar,Bangalore",4.4,1000,300,South Indian
13744,Donne Biriyani House,"Indiranagar,Bangalore",3.4,100,250,Biryani
13746,Thatte Idli Corner,"Indiranagar,Bangalore",3.1,20,150,South Indian
13747,Shree Taaza Thindi,"Indiranagar,Bangalore",3.7,100,150,"South Indian,Snacks"
13753,Nevermind Bar & Social,"Indiranagar,Bangalore",3.8,50,600,"Asian,Italian"
13754,Brahmins Tiffin Center,"Indiranagar,Bangalore",4.2,1000,150,"South Indian,North Indian"
13755,Salt Mango Tree,"Indiranagar,Bangalore",3.9,100,300,"Kerala,South Indian"
13760,Aligarh House by EatFit,"Indiranagar,Bangalore",4.1,100,270,"Biryani,Mughlai"
13763,New Life Kerala Mess,"Indiranagar,Bangalore",4.0,100,200,South Indian
13765,Chaat Street,"Indiranagar,Bangalore",4.2,50,200,"Chaat,Snacks"
13767,Fanoos Xpress,"Indiranagar,Bangalore",3.7,100,250,"Biryani,Tandoor"
13774,Basco And Fry,"Indiranagar,Bangalore",4.3,500,800,"American,Mexican"
13778,Andhra Gunpowder,"Indiranagar,Bangalore",4.2,1000,350,"Andhra,Biryani"
13780,Ayodhya vihar,"Indiranagar,Bangalore",4.3,1000,250,"Chinese,South Indian"
13782,New Karavali Hotel,"Indiranagar,Bangalore",4.1,100,300,"Indian,Seafood"
13785,Imli,"Indiranagar,Bangalore",4.0,100,400,"North Indian,Punjabi"
13786,Cafe Grey By Dongle & Co,"Indiranagar,Bangalore",4.2,20,450,"Beverages,Pizzas"
13787,jai bhavani dhaba,"Indiranagar,Bangalore",3.5,50,250,Indian
13788,Lalaji Ki Kulfi,"Indiranagar,Bangalore",4.3,20,250,"Desserts,Ice Cream"
13789,AL- Arabic Shawarma,"Indiranagar,Bangalore",3.9,20,200,"Arabian,Snacks"
13790,Louis Burger,"Indiranagar,Bangalore",4.4,500,600,American
14154,Third Wave Coffee,"Whitefield,Bangalore",4.2,100,400,"Beverages,Bakery"
14157,LAKEVIEW MILK BAR,"Whitefield,Bangalore",4.2,100,300,"Bakery,Desserts"
14158,ZAZA 22 Spice Biryani,"Whitefield,Bangalore",2.5,20,250,"Biryani,North Indian"
14160,Suvai Factory,"Whitefield,Bangalore",3.4,20,230,"Beverages,Chettinad"
14161,Zomoz - The Momo Company,"Whitefield,Bangalore",4.2,100,250,"Tibetan,Chinese"
14162,Canteen Central by Eatfit,"Whitefield,Bangalore",4.3,20,350,"Pizzas,American"
14164,Omm Nom Nomm,"Whitefield,Bangalore",4.8,100,600,"Ice Cream,Desserts"
14165,Taco Bell,"Whitefield,Bangalore",3.9,500,300,Mexican
14166,Kerala Note Book,"Whitefield,Bangalore",3.3,20,350,"Kerala,Biryani"
14167,Up Bhavan Sweets,"Whitefield,Bangalore",3.5,20,300,"Sweets,Snacks"
14169,AB s-Absolute Barbecues,"Whitefield,Bangalore",3.8,20,400,"Barbecue,Biryani"
14170,Si Pizza,"Whitefield,Bangalore",3.8,20,300,"Italian,Pizzas"
14171,Keventers Ice Cream,"Whitefield,Bangalore",4.0,20,200,"Ice Cream,Desserts"
14173,chickpet donne biriyani house,"Whitefield,Bangalore",4.1,100,180,"Biryani,Indian"
14176,Kurtosshhh,"Whitefield,Bangalore",4.1,20,500,"Mexican,Italian"
14177,Uncle Peters Pancakes,"Whitefield,Bangalore",4.0,100,300,"American,Continental"
14180,ATH - All Things Healthy!,"Whitefield,Bangalore",4.3,100,200,"Healthy Food,Indian"
14187,Herbs And Spices,"Whitefield,Bangalore",3.8,20,600,"Desserts,Continental"
14188,The Baker's Dozen,"Whitefield,Bangalore",4.3,100,300,"Bakery,Desserts"
14190,Mad Over Donuts,"Whitefield,Bangalore",4.1,100,200,"Desserts,Sweets"
14191,Broasted Chicken Hut,"Whitefield,Bangalore",3.2,20,200,"Continental,Snacks"
14193,Bangalore Mandarin,"Whitefield,Bangalore",4.2,500,800,Chinese
14194,Big Bowl Company,"Whitefield,Bangalore",3.3,100,250,"North Indian,Chinese"
14195,Treat,"Whitefield,Bangalore",4.4,50,600,North Indian
14196,The Sandwich Station,"Whitefield,Bangalore",3.8,100,150,"Continental,Beverages"
14202,SMS EVENING FAST FOOD,"Whitefield,Bangalore",4.0,100,400,North Indian
14203,Burger It Up,"Whitefield,Bangalore",4.3,100,150,"American,Fast Food"
14205,BLD Restaurant,"Whitefield,Bangalore",3.2,20,200,Thalis
14207,Bawarchi,"Whitefield,Bangalore",2.6,20,450,Indian
14208,Paradise Biryani,"Whitefield,Bangalore",3.7,1000,400,"Biryani,Kebabs"
14211,Purani Dilli,"Whitefield,Bangalore",3.1,20,300,"Indian,Tandoor"
14212,Kolkata Kitchen,"Whitefield,Bangalore",3.5,20,300,"Bengali,Thalis"
14215,A2B Veg,"Whitefield,Bangalore",3.8,1000,300,"South Indian,North Indian"
14217,Dilli Darbar,"Whitefield,Bangalore",4.0,1000,300,"Biryani,Tandoor"
14218,Pastas By Pizza Hut,"Whitefield,Bangalore",3.3,20,300,"Pastas,Pizzas"
14219,Trattoria by Toscano,"Whitefield,Bangalore",4.0,100,600,"Italian,Pizzas"
14220,LunchBox - Meals and Thalis,"Whitefield,Bangalore",3.8,100,200,"North Indian,Punjabi"
14223,EatFit,"Whitefield,Bangalore",4.2,1000,270,"Healthy Food,Pizzas"
14225,BAY LEAVES,"Whitefield,Bangalore",3.8,100,300,"Indian,Seafood"
14226,Punjabi Tasty Khana,"Whitefield,Bangalore",3.7,20,400,"North Indian,Chinese"
14227,Five Star Chicken,"Whitefield,Bangalore",3.7,20,200,Snacks
14228,The Coffee House,"Whitefield,Bangalore",4.1,500,200,Indian
14232,New Punjabi Tasty Khana,"Whitefield,Bangalore",3.7,100,300,"North Indian,Chinese"
14234,ITC Fabelle Chocolates,"Whitefield,Bangalore",4.9,20,600,"Bakery,Desserts"
14235,Barbeque Nation,"Whitefield,Bangalore",3.8,100,600,"North Indian,Barbecue"
14236,Andhra Kafe,"Whitefield,Bangalore",3.7,20,550,"Mughlai,North Indian"
14237,Refresh,"Whitefield,Bangalore",4.3,50,250,"Indian,Chinese"
14244,Nizam's Kitchens,"Whitefield,Bangalore",3.9,20,450,"Biryani,Andhra"
14247,Kuttanadu Homely Food,"Whitefield,Bangalore",4.0,100,200,Indian
14250,cakes wagon,"Whitefield,Bangalore",3.7,20,200,"Desserts,Bakery"
14253,Domino's Pizza,"Whitefield,Bangalore",4.4,500,400,Pizzas
14255,Millet Express,"Whitefield,Bangalore",4.1,500,200,"Healthy Food,North Indian"
14257,Kartik s Mithai,"Whitefield,Bangalore",4.4,100,250,"Sweets,Snacks"
14258,Burger King,"Whitefield,Bangalore",4.2,1000,350,American
14259,Lo! - Low Carb and Keto Foods,"Whitefield,Bangalore",4.4,100,150,"Healthy Food,Keto"
14261,Madurai Idly Shop,"Whitefield,Bangalore",4.0,1000,150,South Indian
14264,Subway,"Whitefield,Bangalore",4.1,500,350,"Fast Food,Salads"
14265,Baskin Robbins,"Whitefield,Bangalore",4.4,100,150,Desserts
14266,Kapoor's Cafe,"Whitefield,Bangalore",4.2,1000,400,North Indian
14268,NH8,"Whitefield,Bangalore",3.9,100,500,"North Indian,Rajasthani"
14269,Moriz Restaurant,"Whitefield,Bangalore",3.7,500,500,"North Indian,Chinese"
14270,Alpha Biryani,"Whitefield,Bangalore",3.8,100,600,"Biryani,Tandoor"
14271,Potful - Claypot Biryanis,"Whitefield,Bangalore",4.1,500,500,"Biryani,Kebabs"
14273,Hakkachow,"Whitefield,Bangalore",4.2,20,500,"Thai,Chinese"
14274,CAKE N CAKE DELICE,"Whitefield,Bangalore",4.0,50,400,"Bakery,Desserts"
14276,Home Plate by EatFit,"Whitefield,Bangalore",3.6,100,160,"North Indian,Home Food"
14278,INDIKHANA.COM,"Whitefield,Bangalore",3.7,20,400,"North Indian,South Indian"
14281,Sanatani,"Whitefield,Bangalore",3.9,100,250,"Bengali,North Indian"
14282,Chandini Chowk,"Whitefield,Bangalore",3.5,50,300,"Kebabs,Indian"
14284,Meghana Foods,"Whitefield,Bangalore",4.2,1000,500,"Biryani,Andhra"
14285,Toscano's Crafted Cakes and Desserts,"Whitefield,Bangalore",4.4,100,600,"Desserts,Bakery"
14290,Mr. Shawarma,"Whitefield,Bangalore",4.0,20,200,"Arabian,Snacks"
14291,Rolls & Bowls,"Whitefield,Bangalore",4.1,50,200,"Chinese,Street Food"
14294,Chinese Wok (Wok Express),"Whitefield,Bangalore",3.5,500,250,"Chinese,Asian"
14296,New Paratha Corner,"Whitefield,Bangalore",4.2,100,350,North Indian
14297,Imperio Juice and Cafe,"Whitefield,Bangalore",4.0,50,250,"Cafe,Juices"
14298,Kerala Tiffin,"Whitefield,Bangalore",3.7,1000,400,"South Indian,Desserts"
14299,Seheru's Kitchen,"Whitefield,Bangalore",4.0,100,200,"North Indian,Kashmiri"
14302,Easy Bites by Hotel Empire,"Whitefield,Bangalore",3.9,100,200,"Snacks,Fast Food"
14303,The Dessert Heaven - Pure Veg,"Whitefield,Bangalore",4.2,100,200,"Bakery,Desserts"
14306,Kwality Walls Frozen Dessert and Ice Cream Shop,"Whitefield,Bangalore",4.6,100,300,Ice Cream
14310,Kheer Kadamb,"Whitefield,Bangalore",3.9,100,300,"Sweets,Snacks"
14311,153 Biere Street,"Whitefield,Bangalore",3.8,20,1000,"Asian,Chinese"
14312,Kerala Homely Food,"Whitefield,Bangalore",4.1,100,360,"Indian,South Indian"
14313,FOX IN THE FIELD,"Whitefield,Bangalore",4.3,20,950,"Indian,Chinese"
14314,New Udupi Delicacy Veg,"Whitefield,Bangalore",4.0,100,300,"Chinese,Desserts"
14315,Sundae Everyday Ice Creams,"Whitefield,Bangalore",3.8,50,150,"Desserts,Ice Cream"
14317,Beijing Bites,"Whitefield,Bangalore",4.1,500,450,"Chinese,Thai"
14318,Birbal Ki Biryani,"Whitefield,Bangalore",3.9,50,300,"Indian,Chinese"
14319,Ciro's Pizzeria,"Whitefield,Bangalore",4.7,20,600,"Pizzas,Italian"
14320,Paratha Box by EatFit,"Whitefield,Bangalore",4.3,20,250,"North Indian,Punjabi"
14322,Paratha Platform,"Whitefield,Bangalore",4.1,20,250,"North Indian,Desserts"
14324,Noodle King Asian Bowls,"Whitefield,Bangalore",3.9,50,500,"Thai,Asian"
14327,Bengali Dhekur,"Whitefield,Bangalore",3.5,20,300,Bengali
14328,Puff & Curries,"Whitefield,Bangalore",4.4,20,300,"North Indian,Snacks"
14333,Andhra Biryanis,"Whitefield,Bangalore",3.8,100,480,"Andhra,Biryani"
14335,Roti Curry Junction,"Whitefield,Bangalore",3.8,20,250,"Indian,North Indian"
14336,Momo Zone - The Momo Company,"Whitefield,Bangalore",3.9,20,150,"Chinese,Tibetan"
14337,Sanctum Kitchen,"Whitefield,Bangalore",3.9,20,200,Indian
14339,Yumlane Pizza,"Whitefield,Bangalore",4.4,50,300,"Pizzas,Beverages"
14340,HOPSHAUS,"Whitefield,Bangalore",3.9,20,1000,"American,Asian"
14341,Bombay Kulfis,"Whitefield,Bangalore",4.4,100,300,"South Indian,North Indian"
14342,Momo Monk,"Whitefield,Bangalore",3.3,20,350,"Pan-Asian,Chinese"
14343,Ludos Pizza,"Whitefield,Bangalore",3.9,100,300,"Italian,Fast Food"
14344,SMOOR,"Whitefield,Bangalore",4.4,100,350,"Desserts,Bakery"
14345,Chaat Street,"Whitefield,Bangalore",3.9,500,200,"Snacks,Chaat"
14350,Dil se Dilli,"Whitefield,Bangalore",4.0,500,400,"Mughlai,North Indian"
14352,Begum Paan,"Whitefield,Bangalore",4.9,50,100,"Paan,Desserts"
14353,Chalo chai,"Whitefield,Bangalore",3.0,20,150,"Beverages,Street Food"
14354,Srinidhi Signature,"Whitefield,Bangalore",4.0,500,200,"South Indian,Chinese"
14356,Paratha Envy,"Whitefield,Bangalore",4.0,100,249,North Indian
14360,Andhra Gunpowder,"Whitefield,Bangalore",3.8,500,350,"Andhra,Biryani"
14363,Nu.Tree,"Whitefield,Bangalore",4.0,100,300,"Chinese,Healthy Food"
14364,The Belgian Waffle Co.,"Whitefield,Bangalore",4.2,100,200,"Desserts,Ice Cream"
14365,Amma's Pastries,"Whitefield,Bangalore",4.0,50,350,"Bakery,Desserts"
14367,GOWHEY- HEALTHY DESSERT COMPANY,"Whitefield,Bangalore",4.8,20,200,"Desserts,Beverages"
14368,homely,"Whitefield,Bangalore",4.3,1000,200,"Home Food,North Indian"
14369,Desi Khana,"Whitefield,Bangalore",3.8,500,200,"North Indian,Thalis"
14370,The Bowl Company,"Whitefield,Bangalore",4.3,1000,300,"Continental,North Indian"
14371,Marigold - Fine Dine Restaurant,"Whitefield,Bangalore",3.8,20,1200,"North Indian,Chinese"
14373,NH1 Bowls - Highway To North,"Whitefield,Bangalore",4.1,20,250,"North Indian,Punjabi"
14374,Chinese Chaska,"Whitefield,Bangalore",3.8,100,300,"Biryani,Chinese"
14375,Chai Central -ITPL,"Whitefield,Bangalore",3.5,100,100,"Beverages,North Indian"
14377,Wow! China,"Whitefield,Bangalore",3.9,100,300,"Tibetan,Chinese"
14379,Chinese Monk (NO MSG),"Whitefield,Bangalore",3.8,100,300,"Chinese,Thai"
14381,Paris Panini - French Street Food,"Whitefield,Bangalore",4.3,100,450,"French,Continental"
14382,UBQ by Barbeque Nation,"Whitefield,Bangalore",3.8,100,300,"North Indian,Barbecue"
14383,Biryani Mafias,"Whitefield,Bangalore",3.4,50,300,"Biryani,Chinese"
14384,Snack House,"Whitefield,Bangalore",3.8,50,300,"Fast Food,Street Food"
14385,Jubli Biryani,"Whitefield,Bangalore",3.7,20,258,"Biryani,Indian"
14388,Nadan Pothichoru,"Whitefield,Bangalore",3.6,50,200,"South Indian,Kerala"
14390,Pizza Hut,"Whitefield,Bangalore",3.9,100,300,Pizzas
14392,Fresh Paratha Menu,"Whitefield,Bangalore",4.3,50,200,North Indian
14393,Roj ka Khana(Daily Meals),"Whitefield,Bangalore",4.0,500,200,North Indian
14394,Mega Biryani,"Whitefield,Bangalore",3.8,20,400,"Biryani,Hyderabadi"
14396,"Lubov Patisserie - Cakes, Macarons and Desserts","Whitefield,Bangalore",4.3,20,500,"Bakery,Desserts"
14400,Samosa Party,"Whitefield,Bangalore",4.1,500,150,"Chaat,North Indian"
14404,Kidilum Grand,"Whitefield,Bangalore",3.9,100,500,Chinese
14408,Flying Kombucha,"Whitefield,Bangalore",4.6,20,200,"American,Beverages"
14410,Sorse,"Whitefield,Bangalore",4.1,500,300,"Bengali,Mughlai"
14418,Biryani Trip,"Whitefield,Bangalore",3.9,100,400,"Biryani,Hyderabadi"
14422,The Bake Feast,"Whitefield,Bangalore",4.0,500,200,"Bakery,Desserts"
14426,The Fat Chef,"Whitefield,Bangalore",3.9,20,1400,"North Indian,Italian"
14428,aditya sweets,"Whitefield,Bangalore",4.0,50,200,"Sweets,Snacks"
14429,Indian Burrito Company,"Whitefield,Bangalore",3.2,20,300,"Tex-Mex,Salads"
14430,McDonald's Gourmet Burger Collection,"Whitefield,Bangalore",4.4,20,600,"Burgers,Beverages"
14431,Sabzi Aur Roti,"Whitefield,Bangalore",3.3,20,200,"Indian,Thalis"
14432,Orbis Restaurant,"Whitefield,Bangalore",3.6,500,400,"North Indian,Biryani"
14433,Wall Street Shack,"Whitefield,Bangalore",4.3,20,250,"Arabian,Mughlai"
14434,Ghee and Turmeric,"Whitefield,Bangalore",4.1,100,250,"North Indian,Tandoor"
14435,M Cafe at Marriott Whitefield,"Whitefield,Bangalore",4.0,20,1000,"Indian,Continental"
14437,NOTO - Healthy Ice Cream,"Whitefield,Bangalore",4.4,50,300,"Ice Cream,Healthy Food"
14438,Marwadi Tadka Wala,"Whitefield,Bangalore",2.7,20,300,Indian
14443,Mallusingh Cook House,"Whitefield,Bangalore",3.8,50,250,"Biryani,Indian"
14444,Pakka Mane Uta,"Whitefield,Bangalore",3.6,50,200,"South Indian,Indian"
14448,Estaa Sweets,"Whitefield,Bangalore",4.3,100,250,"Sweets,Desserts"
14449,ONESTA,"Whitefield,Bangalore",3.5,20,200,"Pizzas,Italian"
14450,WarmOven Cakes & Desserts,"Whitefield,Bangalore",3.9,100,200,"Bakery,Desserts"
14451,punjab time,"Whitefield,Bangalore",3.5,20,300,Indian
14455,UDUPI VEG,"Whitefield,Bangalore",3.9,50,300,South Indian
14457,Sri Alok Park,"Whitefield,Bangalore",4.2,100,200,"South Indian,North Indian"
14465,California Burrito,"Whitefield,Bangalore",4.4,1000,250,"Mexican,American"
14466,Sonar Bangla,"Whitefield,Bangalore",4.1,20,250,"Bengali,North Indian"
14468,KFC,"Whitefield,Bangalore",3.7,1000,400,"American,Snacks"
14469,RC EASY SNACKS,"Whitefield,Bangalore",3.0,20,300,Beverages
14470,Bodypower cafe,"Whitefield,Bangalore",4.9,20,500,"Healthy Food,Pizzas"
14471,BASMATI'S BRIYANI NATION,"Whitefield,Bangalore",2.7,20,300,"Biryani,Andhra"
14472,Dil Tiffins,"Whitefield,Bangalore",4.8,20,200,"South Indian,Street Food"
14473,SRI VENKATESHWARA NELLORE MESS,"Whitefield,Bangalore",4.0,100,300,"Indian,Biryani"
14474,The Betel Leaf Co,"Whitefield,Bangalore",4.7,50,200,"Paan,Desserts"
14475,Khichdi Express,"Whitefield,Bangalore",4.3,50,300,North Indian
14476,Backwater Bliss,"Whitefield,Bangalore",4.2,100,200,"Kerala,South Indian"
14477,Cupcake Bliss Cakes & Desserts,"Whitefield,Bangalore",3.4,100,200,"Bakery,Desserts"
14479,The Dessert Zone,"Whitefield,Bangalore",3.8,20,200,"Bakery,Desserts"
14481,Best in Klass,"Whitefield,Bangalore",4.0,50,200,"North Indian,South Indian"
14484,Breakfast Express,"Whitefield,Bangalore",4.2,1000,200,"Continental,North Indian"
14485,Raithula Ruchi,"Whitefield,Bangalore",3.7,20,300,"South Indian,Andhra"
14486,Hyderabadi Handi Biryani,"Whitefield,Bangalore",3.5,100,300,"Biryani,North Indian"
14488,HUNGRY CHANG,"Whitefield,Bangalore",3.6,50,280,"Chinese,Pan-Asian"
14489,Cafe Coffee Day,"Whitefield,Bangalore",4.4,100,300,"Beverages,Snacks"
14490,Hyderabadi Kitchen,"Whitefield,Bangalore",3.0,20,300,Biryani
14491,TN 81,"Whitefield,Bangalore",3.7,100,200,"Chettinad,South Indian"
14492,Bakingo,"Whitefield,Bangalore",3.9,20,299,"Bakery,Desserts"
14493,Gunttor Mirchi,"Whitefield,Bangalore",3.2,20,300,"Andhra,Chinese"
14494,Polar Bear,"Whitefield,Bangalore",4.5,100,400,"Ice Cream,Desserts"
14496,Bedouin's Shawarma And More,"Whitefield,Bangalore",1.9,20,250,"Arabian,Fast Food"
14497,Bengali Flavours,"Whitefield,Bangalore",3.2,20,500,Bengali
14500,Call Me Chow,"Whitefield,Bangalore",4.6,100,400,"Chinese,Pan-Asian"
14502,Kerala Kitchen,"Whitefield,Bangalore",3.7,500,200,"Kerala,Seafood"
14503,CakeZone,"Whitefield,Bangalore",4.2,500,200,"Desserts,Bakery"
14506,Marwar's,"Whitefield,Bangalore",3.8,50,150,"Rajasthani,North Indian"
14507,SRI BASAVESHWARA KHANAVALI,"Whitefield,Bangalore",4.2,50,150,Indian
14508,Simpli Namdhari's,"Whitefield,Bangalore",3.6,20,500,"Desserts,Italian"
14509,dhaba square,"Whitefield,Bangalore",4.0,500,300,"Tandoor,Biryani"
14510,Mayura Sagar,"Whitefield,Bangalore",4.3,500,100,"Indian,Chinese"
14512,Dhaba Downtown,"Whitefield,Bangalore",3.9,100,300,"North Indian,Tandoor"
14513,Madras Meal Company,"Whitefield,Bangalore",3.8,100,350,"South Indian,Chettinad"
14514,Lalaji Ki Kulfi,"Whitefield,Bangalore",4.3,20,250,"Ice Cream,Desserts"
14516,Punjabi Unplugged,"Whitefield,Bangalore",2.8,20,400,"North Indian,Punjabi"
14518,Roti Express,"Whitefield,Bangalore",4.0,20,200,"Healthy Food,North Indian"
14519,Rolls On Wheels,"Whitefield,Bangalore",4.2,500,300,Fast Food
14522,The Foody Station,"Whitefield,Bangalore",4.1,20,200,"American,Continental"
14523,marwadi chaat tiffin services,"Whitefield,Bangalore",2.9,20,300,"North Indian,Chinese"
14524,The Momo Co.,"Whitefield,Bangalore",3.7,100,250,"Chinese,Asian"
14526,The Pallet,"Whitefield,Bangalore",4.0,100,800,"North Indian,Continental"
14530,Rajasthani Tadka Wala,"Whitefield,Bangalore",3.0,20,300,North Indian
14531,Kanti Sweets,"Whitefield,Bangalore",4.4,500,200,Sweets
14532,"Frozen Bottle - Milkshakes, Desserts And Ice Cream","Whitefield,Bangalore",3.9,100,250,"Beverages,Desserts"
14533,AL-BEK,"Whitefield,Bangalore",4.0,500,400,"Tandoor,Mughlai"
14536,Bhojanashala,"Whitefield,Bangalore",3.8,50,500,South Indian
14537,Punjabi Nawabi,"Whitefield,Bangalore",3.0,100,400,"Chinese,North Indian"
14541,Keshari Sweets and Snacks,"Whitefield,Bangalore",3.0,20,100,"Sweets,Snacks"
14542,Lavonne,"Whitefield,Bangalore",4.3,100,1000,"Bakery,Desserts"
14543,Burger Seigneur,"Whitefield,Bangalore",4.3,100,800,"American,Continental"
14545,The Sugar Free Keto Kafe - By Artinci,"Whitefield,Bangalore",4.0,50,200,"Ice Cream,Healthy Food"
14546,Brik Oven,"Whitefield,Bangalore",4.1,100,800,"Italian,Pizzas"
14547,Kachori Chowk,"Whitefield,Bangalore",3.8,20,400,"North Indian,Rajasthani"
14550,Biryani Blues,"Whitefield,Bangalore",4.0,500,400,"Biryani,Hyderabadi"
14558,Biryani By Kilo,"Whitefield,Bangalore",4.0,500,500,"Biryani,Hyderabadi"
14559,Via Milano,"Whitefield,Bangalore",4.0,20,800,"Pizzas,Italian"
14560,Chaayos Chai+Snacks=Relax,"Whitefield,Bangalore",4.2,500,250,"Bakery,Beverages"
14564,Wow! Momo,"Whitefield,Bangalore",4.2,100,250,"Tibetan,Healthy Food"
14566,Whitefield Dum Biriyani,"Whitefield,Bangalore",3.9,50,500,Biryani
14568,Smoodies & Juices: Yours Fruitfully,"Whitefield,Bangalore",3.4,20,140,"Snacks,Healthy Food"
14569,Preethis Biryani Hub,"Whitefield,Bangalore",3.7,50,200,Biryani
14574,Vaigai Vilas,"Whitefield,Bangalore",3.4,100,280,"Biryani,Andhra"
14576,Curry On Tikka,"Whitefield,Bangalore",3.8,100,350,"North Indian,Punjabi"
14577,Arabain Shawarma,"Whitefield,Bangalore",4.1,100,300,"Arabian,Snacks"
14579,The Farmhouse Kitchen and Bakery,"Whitefield,Bangalore",3.3,20,900,"European,American"
14580,Sendhoor Coffee,"Whitefield,Bangalore",4.3,100,150,"Indian,Beverages"
14583,Great Indian Khichdi by EatFit,"Whitefield,Bangalore",4.0,100,200,"Home Food,Indian"
14584,Cookie Man,"Whitefield,Bangalore",4.3,20,140,"Desserts,Ice Cream"
14585,Oven Story Pizza,"Whitefield,Bangalore",3.9,100,400,"Pizzas,Italian"
14586,Firangi Bake,"Whitefield,Bangalore",3.9,50,400,"Italian,Mexican"
14587,The Master's Thali,"Whitefield,Bangalore",4.1,20,250,"Thalis,North Indian"
14589,PETUK,"Whitefield,Bangalore",4.2,20,400,"Bengali,North Indian"
14590,Slurpy Shakes,"Whitefield,Bangalore",4.1,50,150,"Beverages,Ice Cream"
14591,Toscano,"Whitefield,Bangalore",4.1,100,600,"Italian,Indian"
14592,CANDICE'S GOURMET SANDWICHES,"Whitefield,Bangalore",4.3,20,650,"Continental,American"
14594,EXPRESS BY AB'S,"Whitefield,Bangalore",3.8,20,400,"Biryani,North Indian"
14599,Vinu Green chilli,"Whitefield,Bangalore",3.6,20,150,Indian
14602,The Andhra Bhojanam,"Whitefield,Bangalore",3.3,20,300,"Andhra,South Indian"
14603,Chai Point,"Whitefield,Bangalore",4.2,500,150,"Bakery,Beverages"
14607,HOTEL NALAMAHARAJA,"Whitefield,Bangalore",4.1,50,200,"South Indian,Chinese"
14608,Grameen Kulfi,"Whitefield,Bangalore",4.7,100,120,"Ice Cream,Desserts"
14610,Sardarji Londonwaley,"Whitefield,Bangalore",3.3,20,400,"Biryani,Chinese"
14611,Artinci - Indulge Guilt Free!,"Whitefield,Bangalore",4.6,50,200,"Ice Cream,Healthy Food"
14613,Khichdi Kahani,"Whitefield,Bangalore",3.7,20,200,"Indian,North Indian"
14616,Dande's Hyderabad Biryani,"Whitefield,Bangalore",3.2,20,400,"Andhra,Biryani"
14618,KickStarter,"Whitefield,Bangalore",4.1,50,300,"Kebabs,Tandoor"
14620,Oota Bangalore,"Whitefield,Bangalore",4.1,50,1100,"South Indian,Coastal"
14621,SRINIDHI SAGAR,"Whitefield,Bangalore",3.9,100,200,"Indian,Chinese"
14623,McDonald's,"Whitefield,Bangalore",4.1,1000,400,"Burgers,Beverages"
14625,Sri Laksmi Vaibhava,"Whitefield,Bangalore",4.2,1000,100,"Chinese,Desserts"
14628,Istah Shawarma,"Whitefield,Bangalore",4.2,500,250,"Arabian,Lebanese"
14629,Smoke House Deli,"Whitefield,Bangalore",4.2,100,800,"Italian,Continental"
14632,Biryani Mount,"Whitefield,Bangalore",3.7,20,400,"Biryani,North Indian"
14636,Behrouz Biryani,"Whitefield,Bangalore",3.7,100,500,"Biryani,Mughlai"
14638,THE BANGALORE PIZZA HOUSE,"Whitefield,Bangalore",3.3,20,400,"Italian-American,Desserts"
14639,Paris Waffle Co.,"Whitefield,Bangalore",3.6,50,300,"Desserts,Snacks"
14641,Meat and Eat- Immadihalli,"Whitefield,Bangalore",3.7,20,300,Fast Food
14644,Starbucks Coffee,"Whitefield,Bangalore",4.2,100,400,"Beverages,Ice Cream"
14645,Shaan-e-Punjab,"Whitefield,Bangalore",4.0,100,359,"North Indian,Punjabi"
14646,Mainland China,"Whitefield,Bangalore",4.2,100,850,"Chinese,Asian"
14648,The Master'S Bowl,"Whitefield,Bangalore",3.4,20,250,"Indian,North Indian"
14649,Chole Bhatura And Parathas,"Whitefield,Bangalore",1.9,20,300,"North Indian,Chinese"
14650,Ghar Ke Phulke,"Whitefield,Bangalore",4.0,100,300,"Thalis,Biryani"
14654,Windmills,"Whitefield,Bangalore",3.9,50,500,"Continental,Indian"
14655,Chai Resto,"Whitefield,Bangalore",3.8,50,150,Beverages
14656,Khan Saheb Grills and Rolls,"Whitefield,Bangalore",3.9,100,300,"Mughlai,Biryani"
14657,Sushi Deli Japan by Azuki,"Whitefield,Bangalore",4.0,20,1000,Japanese
14666,The Brooklyn Creamery - Healthy Ice Cream,"Whitefield,Bangalore",4.5,50,200,"Desserts,Ice Cream"
14668,Qmin,"Whitefield,Bangalore",3.9,50,200,"Beverages,Desserts"
14669,RUSBURY FRESH SWEET & SAVOURIES,"Whitefield,Bangalore",4.3,50,100,"Sweets,Desserts"
14670,Haka,"Whitefield,Bangalore",4.2,100,500,"Chinese,Asian"
14671,Element3,"Whitefield,Bangalore",3.9,20,600,"Indian,Chinese"
14673,Basmati Express,"Whitefield,Bangalore",3.4,20,300,"Biryani,Andhra"
14674,Green Gobbles,"Whitefield,Bangalore",4.1,100,300,"Healthy Food,North Indian"
14675,Kaati Zone Rolls & Wraps,"Whitefield,Bangalore",4.1,100,150,"Fast Food,Beverages"
14676,Yumm Roll Mania,"Whitefield,Bangalore",3.4,50,150,Indian
14678,Namma Chickpet Donne Biryani,"Whitefield,Bangalore",3.8,100,350,"Biryani,Kebabs"
14680,Chef Bakers,"Whitefield,Bangalore",3.2,50,300,"Bakery,Desserts"
14681,Delhi Darbar Restaurant,"Whitefield,Bangalore",4.0,20,200,"North Indian,Biryani"
14684,Chaishala-Chuski Chaiwali,"Whitefield,Bangalore",4.4,100,200,"Indian,Beverages"
14685,THARAVADU MALABAR BIRYANI,"Whitefield,Bangalore",3.4,100,230,"Biryani,Kerala"
14687,HRX by Eatfit,"Whitefield,Bangalore",5.0,20,270,"Healthy Food,Pizzas"
14688,Solis kitchen,"Whitefield,Bangalore",3.0,20,300,"Chinese,Indian"
14691,GHAR WALA KHANA,"Whitefield,Bangalore",2.9,20,300,"Chinese,South Indian"
14692,SUSHILA THALI WALI,"Whitefield,Bangalore",3.5,20,300,"North Indian,Combo"
14693,The Tea Brewery,"Whitefield,Bangalore",4.4,500,100,"Beverages,Snacks"
14694,Sweet Truth - Cake and Desserts,"Whitefield,Bangalore",3.9,20,450,"Ice Cream,Bakery"
14695,Natural Ice Cream,"Whitefield,Bangalore",4.1,100,150,Ice Cream
14698,Biryani Bluez,"Whitefield,Bangalore",3.2,100,450,"Biryani,Indian"
14699,Krispy Kreme,"Whitefield,Bangalore",4.5,100,170,"Desserts,Beverages"
14700,Biriyani Zone,"Whitefield,Bangalore",4.0,500,600,"Biryani,Andhra"
14701,Crusto's - Cheese Burst Pizza,"Whitefield,Bangalore",4.9,20,300,"Pizzas,Italian"
14702,Olio - The Wood Fired Pizzeria,"Whitefield,Bangalore",4.4,20,300,"Pizzas,Italian"
14704,Mast Momos,"Whitefield,Bangalore",3.8,50,150,"Tibetan,Chinese"
14706,Biryani Plate,"Whitefield,Bangalore",2.8,20,149,"Biryani,North Indian"
14710,HOTEL KARAVALI,"Whitefield,Bangalore",3.8,20,100,"South Indian,Biryani"
14712,Chhapan Bhog,"Whitefield,Bangalore",4.2,100,100,"Sweets,Snacks"
14715,Faasos - Wraps & Rolls,"Whitefield,Bangalore",4.1,100,200,"Fast Food,Snacks"
14716,GOWDRU HOTEL,"Whitefield,Bangalore",3.9,50,300,Indian
14719,BOX8 - Desi Meals,"Whitefield,Bangalore",3.9,100,250,"North Indian,Biryani"
14724,ITC Sunfeast Baked Creations,"Whitefield,Bangalore",4.6,100,600,"Bakery,Desserts"
14725,Shanghai Social,"Whitefield,Bangalore",3.9,20,350,"Chinese,Fast Food"
14729,Imperio Restaurant,"Whitefield,Bangalore",3.8,1000,500,"North Indian,Chinese"
14732,Feast At Sheraton Grand Whitefield,"Whitefield,Bangalore",3.5,20,1000,"Continental,Pan-Asian"
14733,Chaat Street Express,"Whitefield,Bangalore",4.1,100,200,"Snacks,Chaat"
14734,Chicking,"Whitefield,Bangalore",3.6,500,400,"Fast Food,American"
14735,Keventers - Milkshakes and Desserts,"Whitefield,Bangalore",3.8,100,300,"Beverages,Ice Cream"
14736,Adiga's,"Whitefield,Bangalore",3.3,20,250,"South Indian,North Indian"
14738,Roti Ghar Ki,"Whitefield,Bangalore",3.7,500,300,"North Indian,Thalis"
14739,Dil Punjabi,"Whitefield,Bangalore",4.2,100,300,"North Indian,Indian"
14740,Between The Bread,"Whitefield,Bangalore",3.9,100,300,"Beverages,Snacks"
14741,Abooz- Eat n Meet Restaurant,"Whitefield,Bangalore",4.0,50,500,"North Indian,South Indian"
14743,Karnataka Donne Biryani,"Whitefield,Bangalore",3.5,20,200,"Biryani,Chinese"
14744,Tadka Punjabi,"Whitefield,Bangalore",3.9,100,300,"North Indian,Chinese"
14746,SLAY Coffee,"Whitefield,Bangalore",4.3,100,200,"Beverages,Desserts"
14747,Naan King,"Whitefield,Bangalore",3.9,50,300,"Punjabi,Indian"
14748,Suryawanshi,"Whitefield,Bangalore",4.0,100,450,"Maharashtrian,Thalis"
14751,Burgerama,"Whitefield,Bangalore",4.3,100,600,"Burgers,Beverages"
14753,Asia Live,"Whitefield,Bangalore",3.3,20,800,"Pizzas,Pastas"
14755,The Pizza Bakery,"Whitefield,Bangalore",4.1,100,700,"Pizzas,Pastas"
14760,The IceCream Zone,"Whitefield,Bangalore",4.9,20,250,"Ice Cream,Desserts"
14761,Pandit Bhojanalaya,"Whitefield,Bangalore",3.7,1000,100,"North Indian,Punjabi"
14764,VV Briyanis,"Whitefield,Bangalore",3.3,20,300,"Biryani,South Indian"
14765,Moriz Whitefield,"Whitefield,Bangalore",3.7,500,300,"Arabian,Biryani"
14766,New Kolkata Style Famouse Kati Rolls Chinese Fast Food,"Whitefield,Bangalore",2.1,20,150,Indian
14767,The Daily Bowl,"Whitefield,Bangalore",3.9,20,250,"Indian,North Indian"
14768,BURGERITO,"Whitefield,Bangalore",3.7,100,250,"American,Fast Food"
14771,Paratha Centre,"Whitefield,Bangalore",4.2,100,200,"North Indian,Home Food"
14772,WRAP IT,"Whitefield,Bangalore",4.1,50,299,"Desserts,Mexican"
14774,Mumbai Chaat,"Whitefield,Bangalore",3.3,20,99,Fast Food
14775,Kodava Home Food,"Whitefield,Bangalore",3.2,20,280,South Indian
14776,Glen's Bakehouse,"Whitefield,Bangalore",4.2,500,800,"Desserts,Bakery"
14777,Ponnusamy Hotel,"Whitefield,Bangalore",3.5,50,300,"South Indian,Indian"
14778,The Punjabi Rasoi,"Whitefield,Bangalore",3.9,500,300,North Indian
14779,Cupcake Noggins - Vintage Patisserie,"Whitefield,Bangalore",3.6,20,200,"Desserts,Bakery"
14782,Deccan Paradise,"Whitefield,Bangalore",3.8,20,400,South Indian
14784,Ramdev Sagar,"Whitefield,Bangalore",4.1,100,85,"North Indian,South Indian"
14785,Cakesta,"Whitefield,Bangalore",3.9,100,150,"Bakery,Desserts"
14790,Juice Shop,"Whitefield,Bangalore",3.8,100,150,"Ice Cream,Desserts"
14795,The Biryani Zone - By Kouzina,"Whitefield,Bangalore",2.7,20,200,"Biryani,Mughlai"
14796,Sri Udupi Food Hub,"Whitefield,Bangalore",3.9,500,199,"South Indian,North Indian"
14799,Pind Balluchi,"Whitefield,Bangalore",3.8,100,400,North Indian
14801,Lot Like Crepes,"Whitefield,Bangalore",4.2,100,600,Continental
14803,Mayura Vaibhav,"Whitefield,Bangalore",4.3,50,100,"Chinese,South Indian"
14804,Burgers Kingdom,"Whitefield,Bangalore",3.5,20,250,Indian
14805,U.P. Dhaba,"Whitefield,Bangalore",2.4,20,300,"Biryani,North Indian"
14806,Pepe's Pizza,"Whitefield,Bangalore",3.8,100,200,"Pizzas,Italian"
14807,UDUPI	AATITHYA,"Whitefield,Bangalore",4.1,100,300,"Indian,South Indian"
14808,LAZIZ PIZZA,"Whitefield,Bangalore",3.8,20,400,"Pizzas,Italian"
14809,Darbar Chowk,"Whitefield,Bangalore",4.1,50,300,"Indian,Biryani"
14810,Rolls & Bowls Company,"Whitefield,Bangalore",3.9,20,250,"North Indian,Chinese"
14811,MANN FOOD COURT,"Whitefield,Bangalore",3.9,20,300,"Biryani,Tandoor"
14813,Oriental Majik,"Whitefield,Bangalore",3.6,20,250,"Chinese,Combo"
14816,CARRY OUT CAFE,"Whitefield,Bangalore",3.8,20,200,"Fast Food,Desserts"
14821,Bhojanam,"Whitefield,Bangalore",3.8,500,199,"Thalis,Combo"
14824,Oh! Calcutta,"Whitefield,Bangalore",4.0,100,800,Bengali
14825,Prowl Foods By Tiger Shroff,"Whitefield,Bangalore",3.9,100,500,"North Indian,Continental"
14826,Dindigul Thalappakatti,"Whitefield,Bangalore",3.9,500,600,"Biryani,Barbecue"
14827,Sorbetto,"Whitefield,Bangalore",4.3,100,300,"Desserts,Ice Cream"
14828,Rekha Restaurant,"Whitefield,Bangalore",3.9,100,400,"North Indian,Bengali"
14829,Kesar Sweets,"Whitefield,Bangalore",4.3,100,400,Sweets
14831,Soul Rasa,"Whitefield,Bangalore",4.3,500,400,"Indian,Healthy Food"
14833,Donne Biriyani House,"Whitefield,Bangalore",2.7,100,200,"Biryani,South Indian"
14834,The Good Bowl,"Whitefield,Bangalore",4.0,100,400,"North Indian,Punjabi"
14836,The Biryani Life,"Whitefield,Bangalore",3.4,50,250,"Biryani,Hyderabadi"
14838,Bombay Brasserie,"Whitefield,Bangalore",4.0,50,900,"North Indian,Biryani"
14839,Mishti sweets n snacks,"Whitefield,Bangalore",4.0,20,100,Snacks
14840,Indiana Burgers,"Whitefield,Bangalore",4.0,100,150,"American,Fast Food"
14841,Mealicious,"Whitefield,Bangalore",3.9,100,300,"Thalis,Combo"
14845,Homiez Cuisine,"Whitefield,Bangalore",4.1,20,300,"Andhra,Chinese"
14846,Chaat Cafe,"Whitefield,Bangalore",4.8,20,200,"Fast Food,Snacks"
14847,Mothi Restaurant,"Whitefield,Bangalore",3.9,20,300,"Chinese,Biryani"
14851,Aligarh House by EatFit,"Whitefield,Bangalore",3.7,100,400,"Biryani,Mughlai"
14853,NEW UDUPI VEG,"Whitefield,Bangalore",4.1,100,150,"South Indian,North Indian"
14855,COLLAGE BY TOSCANO,"Whitefield,Bangalore",3.9,100,600,"Italian,Indian"
14856,Valluvan Cafe,"Whitefield,Bangalore",3.9,20,200,"North Indian,Biryani"
14857,Mani's Dum Biryani,"Whitefield,Bangalore",4.2,1000,499,Biryani
14858,Budget Saapadu,"Whitefield,Bangalore",3.4,100,200,"South Indian,Biryani"
14860,AROGYAMRUTHAM,"Whitefield,Bangalore",3.9,20,300,South Indian
14861,Anand Sweets and Savouries,"Whitefield,Bangalore",4.4,1000,400,North Indian
14862,Nomad Rolls and Shakes,"Whitefield,Bangalore",3.5,20,350,"Chinese,Fast Food"
14863,Apsara Ice Creams,"Whitefield,Bangalore",4.7,100,150,"Ice Cream,Desserts"
14864,NIC Natural Ice Creams,"Whitefield,Bangalore",4.7,1000,120,"Ice Cream,Desserts"
14865,Kreme Delight,"Whitefield,Bangalore",3.1,20,150,"Beverages,Ice Cream"
14866,SRI chowdeshwari Mudde Hotel,"Whitefield,Bangalore",3.9,20,250,North Indian
14867,Sangam Sweets,"Whitefield,Bangalore",4.5,20,200,"Sweets,Chaat"
14868,Lassi shop,"Whitefield,Bangalore",4.1,20,100,"Desserts,Beverages"
14869,Ice Corner,"Whitefield,Bangalore",3.7,50,150,"Fast Food,Ice Cream"
14870,Punjab on Cloud,"Whitefield,Bangalore",3.7,20,399,"North Indian,Chinese"
14871,Creams and Bites,"Whitefield,Bangalore",5.0,20,250,Ice Cream
14873,Mallu House,"Whitefield,Bangalore",3.9,50,230,"Kebabs,South Indian"
14876,NEW UDUPI UPAHARA,"Whitefield,Bangalore",4.1,20,250,"South Indian,Indian"
14877,Five Star Chicken - Nallurahalli,"Whitefield,Bangalore",3.2,20,250,"Fast Food,Snacks"
14878,Saucy Wok,"Whitefield,Bangalore",3.4,20,350,"Chinese,Asian"
14879,Leon Grill,"Whitefield,Bangalore",4.3,5000,300,"American,Snacks"
14883,Louis Burger,"Whitefield,Bangalore",4.3,500,600,American
15163,Raidan- Authentic Arabian Restaurant,"Kammanahalli/Kalyan Nagar,Bangalore",4.2,100,400,"Arabian,Chinese"
15165,Desi Biryani Cafe,"Kammanahalli/Kalyan Nagar,Bangalore",4.6,20,250,"Chinese,Snacks"
15167,Indian veg House,"Kammanahalli/Kalyan Nagar,Bangalore",2.5,20,150,Indian
15169,Domino's Pizza,"Kammanahalli/Kalyan Nagar,Bangalore",4.2,500,400,Pizzas
15171,Bengali Tadka (Taste Of Bengal),"Kammanahalli/Kalyan Nagar,Bangalore",3.5,100,200,"Bengali,Thalis"
15172,The Indian Nawab,"Kammanahalli/Kalyan Nagar,Bangalore",2.9,20,150,Indian
15174,Momoz,"Kammanahalli/Kalyan Nagar,Bangalore",4.0,100,350,"Chinese,Thai"
15176,Super Maggie's kitchen,"Kammanahalli/Kalyan Nagar,Bangalore",3.5,50,200,Healthy Food
15180,Lo! - Low Carb and Keto Foods,"Kammanahalli/Kalyan Nagar,Bangalore",4.4,500,150,"Healthy Food,Keto"
15181,SIMON BURGERS,"Kammanahalli/Kalyan Nagar,Bangalore",4.3,50,500,"Snacks,Continental"
15182,Kapoor's Cafe,"Kammanahalli/Kalyan Nagar,Bangalore",4.2,500,350,North Indian
15183,Burger King,"Kammanahalli/Kalyan Nagar,Bangalore",4.0,1000,350,American
15185,La Fresca Pasta,"Kammanahalli/Kalyan Nagar,Bangalore",3.9,50,600,"Italian,Pastas"
15186,Samosa Singh,"Kammanahalli/Kalyan Nagar,Bangalore",4.0,100,150,"Snacks,North Indian"
15194,Baskin Robbins,"Kammanahalli/Kalyan Nagar,Bangalore",4.4,100,250,Desserts
15197,GOWHEY- HEALTHY DESSERT COMPANY,"Kammanahalli/Kalyan Nagar,Bangalore",3.8,20,200,"Ice Cream,Healthy Food"
15198,A2B Veg,"Kammanahalli/Kalyan Nagar,Bangalore",4.2,1000,300,"South Indian,North Indian"
15199,SNACKS & SUNDAES,"Kammanahalli/Kalyan Nagar,Bangalore",4.3,20,200,"Fast Food,Snacks"
15200,Cafe Nukkad,"Kammanahalli/Kalyan Nagar,Bangalore",4.3,100,250,Continental
15207,Rusty's,"Kammanahalli/Kalyan Nagar,Bangalore",4.2,100,450,"Pizzas,Continental"
15210,981 THE FOOD HUB,"Kammanahalli/Kalyan Nagar,Bangalore",3.8,50,400,"Indian,Chinese"
15214,MTR,"Kammanahalli/Kalyan Nagar,Bangalore",4.3,1000,300,South Indian
15215,HUNGRY CHANG,"Kammanahalli/Kalyan Nagar,Bangalore",3.8,50,280,"Chinese,Pan-Asian"
15217,AB s-Absolute Barbecues,"Kammanahalli/Kalyan Nagar,Bangalore",3.3,50,400,"Biryani,North Indian"
15220,Desi Masala,"Kammanahalli/Kalyan Nagar,Bangalore",3.0,20,798,Indian
15221,The Burger Hub,"Kammanahalli/Kalyan Nagar,Bangalore",4.2,50,199,"Combo,Beverages"
15223,The Punjabi kitchen,"Kammanahalli/Kalyan Nagar,Bangalore",4.0,20,10,"Indian,North Indian"
15225,Coffee Thindi hotel,"Kammanahalli/Kalyan Nagar,Bangalore",4.1,100,200,"Chinese,Chaat"
15227,ATH - All Things Healthy!,"Kammanahalli/Kalyan Nagar,Bangalore",4.4,100,200,"Healthy Food,Indian"
15228,homely,"Kammanahalli/Kalyan Nagar,Bangalore",4.4,1000,200,"Home Food,North Indian"
15229,RNR Biryani - Taste of 1953,"Kammanahalli/Kalyan Nagar,Bangalore",4.1,500,350,"Biryani,South Indian"
15231,Naatil Evideya,"Kammanahalli/Kalyan Nagar,Bangalore",3.5,100,250,"Kerala,Seafood"
15233,The Bowl Company,"Kammanahalli/Kalyan Nagar,Bangalore",4.3,1000,300,"Continental,North Indian"
15235,Chung Wah,"Kammanahalli/Kalyan Nagar,Bangalore",4.0,100,500,Chinese
15236,Flavoured By Wokchow,"Kammanahalli/Kalyan Nagar,Bangalore",3.9,50,300,"Continental,Italian-American"
15239,Chowman,"Kammanahalli/Kalyan Nagar,Bangalore",4.1,500,700,"Chinese,Asian"
15243,Puliyogare Palace,"Kammanahalli/Kalyan Nagar,Bangalore",4.0,20,250,"South Indian,Desserts"
15244,Matru Sagar,"Kammanahalli/Kalyan Nagar,Bangalore",4.1,500,150,South Indian
15245,Aqni,"Kammanahalli/Kalyan Nagar,Bangalore",4.2,100,400,"North Indian,Mughlai"
15246,Anu Momos Chinese Kitchen,"Kammanahalli/Kalyan Nagar,Bangalore",4.1,100,400,Chinese
15247,Daily Sushi,"Kammanahalli/Kalyan Nagar,Bangalore",4.0,100,700,"Japanese,Asian"
15249,UBQ by Barbeque Nation,"Kammanahalli/Kalyan Nagar,Bangalore",3.8,50,300,"North Indian,Barbecue"
15250,CREAMS & BITES,"Kammanahalli/Kalyan Nagar,Bangalore",4.6,20,200,Ice Cream
15251,The Bangalore Dhaba,"Kammanahalli/Kalyan Nagar,Bangalore",4.6,20,700,"Indian,Punjabi"
15253,Sikori,"Kammanahalli/Kalyan Nagar,Bangalore",4.2,500,250,"North Indian,Chaat"
15254,Thalassery Restaurant,"Kammanahalli/Kalyan Nagar,Bangalore",4.2,1000,300,"South Indian,Arabian"
15255,Bait Al Mandi,"Kammanahalli/Kalyan Nagar,Bangalore",3.4,20,400,"Arabian,Indian"
15262,Bowl 99,"Kammanahalli/Kalyan Nagar,Bangalore",3.8,50,250,Indian
15263,Great Pizzas,"Kammanahalli/Kalyan Nagar,Bangalore",3.5,20,300,"Italian,Beverages"
15265,Kitchens of china,"Kammanahalli/Kalyan Nagar,Bangalore",4.2,20,450,"Chinese,Thai"
15266,B Track,"Kammanahalli/Kalyan Nagar,Bangalore",3.7,50,600,"Indian,Naga"
15267,Food Court,"Kammanahalli/Kalyan Nagar,Bangalore",2.5,50,200,"Beverages,Biryani"
15270,Apsara Ice Creams,"Kammanahalli/Kalyan Nagar,Bangalore",4.4,100,150,"Ice Cream,Desserts"
15271,MMA Kabab & Rolls,"Kammanahalli/Kalyan Nagar,Bangalore",3.7,1000,200,"Biryani,Chinese"
15272,Nasi and Mee,"Kammanahalli/Kalyan Nagar,Bangalore",4.3,100,800,"Pan-Asian,Singaporean"
15273,NIC Natural Ice Creams,"Kammanahalli/Kalyan Nagar,Bangalore",4.5,500,120,"Ice Cream,Desserts"
15274,Hi Seoul,"Kammanahalli/Kalyan Nagar,Bangalore",4.7,100,800,Korean
15275,Chaitra Restaurant,"Kammanahalli/Kalyan Nagar,Bangalore",4.0,100,500,"Biryani,Seafood"
15276,AL BAIN RESTAURANT,"Kammanahalli/Kalyan Nagar,Bangalore",3.9,100,300,"Middle Eastern,Biryani"
15278,Sukh Sagar,"Kammanahalli/Kalyan Nagar,Bangalore",4.3,500,300,"Chinese,North Indian"
15279,SLV Food Joint,"Kammanahalli/Kalyan Nagar,Bangalore",4.2,100,150,"South Indian,Chinese"
15280,UDUPI UTSAV,"Kammanahalli/Kalyan Nagar,Bangalore",4.2,100,200,"North Indian,Chinese"
15282,99 Variety Dosa and Pav Bhaji,"Kammanahalli/Kalyan Nagar,Bangalore",4.3,50,200,"South Indian,Fast Food"
15283,Coorg Lunch Home,"Kammanahalli/Kalyan Nagar,Bangalore",4.3,50,250,Coastal
15284,HEALTHY BINGE,"Kammanahalli/Kalyan Nagar,Bangalore",4.5,20,200,"Chinese,North Indian"
15286,Wokanaka - the Casual Chinese Pitstop,"Kammanahalli/Kalyan Nagar,Bangalore",4.2,500,400,"Chinese,Asian"
15288,Giselle Resto Cafe,"Kammanahalli/Kalyan Nagar,Bangalore",4.0,20,700,"Continental,Italian"
15289,Aaru's Bake House,"Kammanahalli/Kalyan Nagar,Bangalore",4.8,20,180,Bakery
15292,Say Cheese! Pizza,"Kammanahalli/Kalyan Nagar,Bangalore",3.1,20,300,"Pizzas,Italian"
15293,Burger It Up,"Kammanahalli/Kalyan Nagar,Bangalore",3.8,50,150,"American,Fast Food"
15294,Rahhams families international,"Kammanahalli/Kalyan Nagar,Bangalore",3.9,20,700,"North Indian,Chinese"
15297,Meghduth Biryanis,"Kammanahalli/Kalyan Nagar,Bangalore",3.9,100,400,"Biryani,Andhra"
15298,Sri Bharani Mixtures,"Kammanahalli/Kalyan Nagar,Bangalore",3.8,20,200,"Snacks,Sweets"
15299,the chocolate room Kalyan Nagar,"Kammanahalli/Kalyan Nagar,Bangalore",4.2,20,700,"Snacks,Beverages"
15300,Pizza Heaven,"Kammanahalli/Kalyan Nagar,Bangalore",3.5,20,200,"Pizzas,Italian"
15301,Sri Brindavana Vaibhav,"Kammanahalli/Kalyan Nagar,Bangalore",4.2,50,100,South Indian
15304,Chai Sutta Cafe,"Kammanahalli/Kalyan Nagar,Bangalore",3.8,20,300,"Beverages,Juices"
15307,BANGARPET CHATS,"Kammanahalli/Kalyan Nagar,Bangalore",3.7,20,100,"Chaat,Snacks"
15309,Chulha Chauki Da Dhaba,"Kammanahalli/Kalyan Nagar,Bangalore",4.3,100,600,North Indian
15311,Brindavana upachar,"Kammanahalli/Kalyan Nagar,Bangalore",4.0,20,200,"South Indian,North Indian"
15312,Kanti Bakes And Flakes,"Kammanahalli/Kalyan Nagar,Bangalore",4.5,100,200,Sweets
15313,Meghana Foods,"Kammanahalli/Kalyan Nagar,Bangalore",4.4,1000,500,"Biryani,Andhra"
15314,ROLL BOL INDIAN ROLLS,"Kammanahalli/Kalyan Nagar,Bangalore",4.8,20,200,"Snacks,Biryani"
15315,Sri Ram Bhojanalay,"Kammanahalli/Kalyan Nagar,Bangalore",3.8,100,10,"North Indian,Punjabi"
15316,Kanti Sweets,"Kammanahalli/Kalyan Nagar,Bangalore",4.5,100,150,Sweets
15318,King of Taste,"Kammanahalli/Kalyan Nagar,Bangalore",4.3,100,150,"Arabian,Fast Food"
15319,Polar Bear,"Kammanahalli/Kalyan Nagar,Bangalore",4.4,100,300,"Ice Cream,Desserts"
15321,Pure Veg Meals by Lunchbox,"Kammanahalli/Kalyan Nagar,Bangalore",3.0,20,200,"North Indian,Desserts"
15322,Panda Boy,"Kammanahalli/Kalyan Nagar,Bangalore",4.2,50,400,Chinese
15324,Ismail Bhai,"Kammanahalli/Kalyan Nagar,Bangalore",4.0,50,400,"Biryani,South Indian"
15325,Pathaan Sir,"Kammanahalli/Kalyan Nagar,Bangalore",3.4,50,150,Fast Food
15326,Barbeque Nation,"Kammanahalli/Kalyan Nagar,Bangalore",3.7,100,600,"North Indian,Barbecue"
15327,Bamboo Restaurant,"Kammanahalli/Kalyan Nagar,Bangalore",4.0,100,300,"Biryani,South Indian"
15329,TrueCakes,"Kammanahalli/Kalyan Nagar,Bangalore",4.0,100,300,"Desserts,Bakery"
15330,Kekou,"Kammanahalli/Kalyan Nagar,Bangalore",4.1,100,800,Chinese
15331,BIB - English Breakfast in the Box,"Kammanahalli/Kalyan Nagar,Bangalore",4.1,100,350,American
15332,Big Bowl Company,"Kammanahalli/Kalyan Nagar,Bangalore",4.0,100,250,"North Indian,Chinese"
15338,Zamindars Biryani Durbar,"Kammanahalli/Kalyan Nagar,Bangalore",3.8,20,500,"Mughlai,Chinese"
15340,Ibaco,"Kammanahalli/Kalyan Nagar,Bangalore",4.5,50,800,Desserts
15344,Shri Nellore Mess,"Kammanahalli/Kalyan Nagar,Bangalore",3.6,100,450,Biryani
15345,The Burrito Company,"Kammanahalli/Kalyan Nagar,Bangalore",4.3,100,200,"Mexican,Salads"
15346,Breezy Cow Bar,"Kammanahalli/Kalyan Nagar,Bangalore",4.6,50,270,Desserts
15347,Amma's Pastries,"Kammanahalli/Kalyan Nagar,Bangalore",4.0,100,350,"Bakery,Desserts"
15350,Biryani Blues,"Kammanahalli/Kalyan Nagar,Bangalore",3.9,100,400,Biryani
15351,Dindigul Thalappakatti,"Kammanahalli/Kalyan Nagar,Bangalore",3.7,500,600,"Biryani,Barbecue"
15352,Shree Krishna Chaats and Fast Food,"Kammanahalli/Kalyan Nagar,Bangalore",3.4,50,200,"Chaat,Snacks"
15353,HAKKA BOX,"Kammanahalli/Kalyan Nagar,Bangalore",4.2,500,250,"Chinese,Pan-Asian"
15355,Have More,"Kammanahalli/Kalyan Nagar,Bangalore",3.9,500,600,"Punjabi,North Indian"
15356,The Empire Juice Shop,"Kammanahalli/Kalyan Nagar,Bangalore",4.0,50,200,"Juices,Ice Cream"
15358,Chandni Chowk,"Kammanahalli/Kalyan Nagar,Bangalore",3.3,20,150,"North Indian,Fast Food"
15359,Khadak Singh Ka Dhaba,"Kammanahalli/Kalyan Nagar,Bangalore",3.3,20,450,"North Indian,Tandoor"
15360,Asia Kitchen By Mainland China,"Kammanahalli/Kalyan Nagar,Bangalore",4.3,20,850,"Asian,Chinese"
15362,Hotel Kandhasamy,"Kammanahalli/Kalyan Nagar,Bangalore",4.1,100,500,"Chettinad,South Indian"
15363,Punith Food court,"Kammanahalli/Kalyan Nagar,Bangalore",3.2,50,200,"South Indian,Chinese"
15364,Food Star Restaurant,"Kammanahalli/Kalyan Nagar,Bangalore",4.2,20,200,Indian
15365,Hao Chi,"Kammanahalli/Kalyan Nagar,Bangalore",4.0,100,400,"Chinese,Thai"
15366,Cooke & Co,"Kammanahalli/Kalyan Nagar,Bangalore",3.3,20,350,"Indian,Desserts"
15369,Bismillah Kabab Center,"Kammanahalli/Kalyan Nagar,Bangalore",3.7,20,200,"Kebabs,Snacks"
15371,Goila Butter Chicken,"Kammanahalli/Kalyan Nagar,Bangalore",4.3,50,600,"North Indian,Mughlai"
15374,Popular Pizza,"Kammanahalli/Kalyan Nagar,Bangalore",2.8,20,200,Pizzas
15375,McDonald's,"Kammanahalli/Kalyan Nagar,Bangalore",4.2,1000,400,"Burgers,Beverages"
15377,Biriyani @99,"Kammanahalli/Kalyan Nagar,Bangalore",2.2,20,200,"Indian,Biryani"
15379,Peppa Zzing,"Kammanahalli/Kalyan Nagar,Bangalore",3.7,100,500,Street Food
15380,Kitchens of Punjab,"Kammanahalli/Kalyan Nagar,Bangalore",4.2,50,500,North Indian
15382,Aroma Of Bangalore,"Kammanahalli/Kalyan Nagar,Bangalore",3.3,20,400,"Indian,Chinese"
15383,BANGKOK BOWL,"Kammanahalli/Kalyan Nagar,Bangalore",3.9,50,500,"Chinese,Asian"
15384,Bhagini,"Kammanahalli/Kalyan Nagar,Bangalore",4.0,20,650,"Andhra,Chinese"
15385,BUCKET BIRYANI,"Kammanahalli/Kalyan Nagar,Bangalore",4.0,50,700,"Biryani,North Indian"
15386,O2 Juice Bar,"Kammanahalli/Kalyan Nagar,Bangalore",4.1,50,150,"Juices,Healthy Food"
15389,The Deagh,"Kammanahalli/Kalyan Nagar,Bangalore",3.9,100,500,"Chinese,North Indian"
15390,Rolls & Bowls Company,"Kammanahalli/Kalyan Nagar,Bangalore",3.6,20,250,"North Indian,Chinese"
15391,The Momo Co.,"Kammanahalli/Kalyan Nagar,Bangalore",3.6,50,250,Tibetan
15392,Punjabi Nawabi,"Kammanahalli/Kalyan Nagar,Bangalore",3.6,100,400,"North Indian,Biryani"
15393,GOPIZZA,"Kammanahalli/Kalyan Nagar,Bangalore",3.5,20,300,"Pizzas,Snacks"
15395,Sweet Truth - Cake and Desserts,"Kammanahalli/Kalyan Nagar,Bangalore",4.1,20,450,"Bakery,Desserts"
15396,Hotel Empire,"Kammanahalli/Kalyan Nagar,Bangalore",4.0,1000,450,"North Indian,Kebabs"
15397,Gowdru Hotel,"Kammanahalli/Kalyan Nagar,Bangalore",4.1,100,149,South Indian
15398,Coorg pork station,"Kammanahalli/Kalyan Nagar,Bangalore",3.8,100,400,"Biryani,Chinese"
15400,Donne Biryani @99,"Kammanahalli/Kalyan Nagar,Bangalore",3.0,100,200,"South Indian,Biryani"
15401,Al-Baik Tandoori restaurant,"Kammanahalli/Kalyan Nagar,Bangalore",4.1,500,300,"North Indian,Tandoor"
15404,Mainland China,"Kammanahalli/Kalyan Nagar,Bangalore",4.2,100,850,"Chinese,Asian"
15407,Bombay Kulfi,"Kammanahalli/Kalyan Nagar,Bangalore",4.3,100,100,"Desserts,Ice Cream"
15408,Roti Ghar Ki,"Kammanahalli/Kalyan Nagar,Bangalore",3.7,50,150,"North Indian,Chinese"
15410,Om meals and Paratha junction,"Kammanahalli/Kalyan Nagar,Bangalore",3.8,50,15,"North Indian,South Indian"
15411,Regency park,"Kammanahalli/Kalyan Nagar,Bangalore",4.2,100,600,"Mughlai,North Indian"
15414,Mani's Dum Biryani,"Kammanahalli/Kalyan Nagar,Bangalore",4.2,1000,499,Biryani
15415,HomeLike,"Kammanahalli/Kalyan Nagar,Bangalore",3.9,100,300,"Home Food,North Indian"
15416,Imperio Combo King,"Kammanahalli/Kalyan Nagar,Bangalore",4.0,20,250,"North Indian,Combo"
15418,Carols pastries and bakers,"Kammanahalli/Kalyan Nagar,Bangalore",4.6,20,500,Bakery
15419,Istah Shawarma,"Kammanahalli/Kalyan Nagar,Bangalore",4.1,100,250,"Arabian,Lebanese"
15420,Hotel New karavali,"Kammanahalli/Kalyan Nagar,Bangalore",3.6,100,450,"Chinese,North Indian"
15421,Mad Over Donuts,"Kammanahalli/Kalyan Nagar,Bangalore",4.2,100,200,"Desserts,Sweets"
15422,Karachi Bakery,"Kammanahalli/Kalyan Nagar,Bangalore",4.4,100,400,"Bakery,Desserts"
15423,WarmOven Cakes & Desserts,"Kammanahalli/Kalyan Nagar,Bangalore",4.1,500,200,"Bakery,Desserts"
15424,Fiero! Pizzeria,"Kammanahalli/Kalyan Nagar,Bangalore",4.2,500,350,"Pizzas,Italian"
15425,Cupcake Bliss Cakes & Desserts,"Kammanahalli/Kalyan Nagar,Bangalore",3.4,50,200,"Bakery,Desserts"
15429,Indiana Burgers,"Kammanahalli/Kalyan Nagar,Bangalore",4.1,100,150,"American,Beverages"
15430,Goldline Breadz,"Kammanahalli/Kalyan Nagar,Bangalore",4.6,500,200,"Bakery,Desserts"
15432,Desi Khana,"Kammanahalli/Kalyan Nagar,Bangalore",2.9,20,200,North Indian
15434,Ambur Star Briyani Since 1890,"Kammanahalli/Kalyan Nagar,Bangalore",4.2,1000,600,"Biryani,Chettinad"
15436,Keerthi Grand,"Kammanahalli/Kalyan Nagar,Bangalore",2.1,20,300,"South Indian,North Indian"
15441,New kadai,"Kammanahalli/Kalyan Nagar,Bangalore",4.2,100,300,"Chinese,North Indian"
15442,Juice Day,"Kammanahalli/Kalyan Nagar,Bangalore",4.3,100,250,Desserts
15444,LAHAB MANDI & BBQ Multi Cuisine Restaurant,"Kammanahalli/Kalyan Nagar,Bangalore",3.6,100,400,"Biryani,Chinese"
15445,Mehfil Biryani by Zakir Khan,"Kammanahalli/Kalyan Nagar,Bangalore",2.8,20,350,"Biryani,Mughlai"
15447,Anand Sweets and Savouries,"Kammanahalli/Kalyan Nagar,Bangalore",4.4,1000,200,"Sweets,Chaat"
15448,The Hole in the wall cafe,"Kammanahalli/Kalyan Nagar,Bangalore",4.4,500,300,American
15449,Frosty Crumble,"Kammanahalli/Kalyan Nagar,Bangalore",4.7,20,400,"Desserts,Ice Cream"
15450,AUNTIE FUNG'S,"Kammanahalli/Kalyan Nagar,Bangalore",4.1,100,500,"Asian,Chinese"
15453,Byli,"Kammanahalli/Kalyan Nagar,Bangalore",4.0,100,700,"Continental,Italian"
15454,COASTAL DELIGHT,"Kammanahalli/Kalyan Nagar,Bangalore",4.1,20,299,"Seafood,Coastal"
15455,Delicacy,"Kammanahalli/Kalyan Nagar,Bangalore",4.3,500,450,"Chinese,Thai"
15456,Krispy Kreme,"Kammanahalli/Kalyan Nagar,Bangalore",4.6,100,170,"Desserts,Beverages"
15457,Sri Udupi Food Hub,"Kammanahalli/Kalyan Nagar,Bangalore",4.2,500,199,"South Indian,North Indian"
15460,A hole lotta love cafe,"Kammanahalli/Kalyan Nagar,Bangalore",4.3,20,300,American
15462,Nadan Pothichoru,"Kammanahalli/Kalyan Nagar,Bangalore",3.5,50,200,"South Indian,Kerala"
15463,Faasos - Wraps & Rolls,"Kammanahalli/Kalyan Nagar,Bangalore",4.1,100,200,"Fast Food,Snacks"
15467,The Chocolate Heaven,"Kammanahalli/Kalyan Nagar,Bangalore",3.7,50,400,"Desserts,Beverages"
15468,Imperio Juice and Cafe,"Kammanahalli/Kalyan Nagar,Bangalore",4.1,100,250,Juices
15470,Dawg Haus - Loaded Hotdogs,"Kammanahalli/Kalyan Nagar,Bangalore",3.9,50,450,"American,Continental"
15471,Kannur Restaurant,"Kammanahalli/Kalyan Nagar,Bangalore",3.8,500,500,"North Indian,South Indian"
15472,50-50 Rolls,"Kammanahalli/Kalyan Nagar,Bangalore",4.3,20,300,Fast Food
15473,Habibi Falafel,"Kammanahalli/Kalyan Nagar,Bangalore",4.2,100,600,"Fast Food,Middle Eastern"
15474,Sanky's Burger House,"Kammanahalli/Kalyan Nagar,Bangalore",4.4,100,300,American
15477,Sweet Moments,"Kammanahalli/Kalyan Nagar,Bangalore",4.4,100,100,"Chaat,Desserts"
15478,khayal resturant,"Kammanahalli/Kalyan Nagar,Bangalore",3.5,50,500,"Arabian,Snacks"
15480,Just Shawarma,"Kammanahalli/Kalyan Nagar,Bangalore",3.8,100,300,Arabian
15481,South Indian Chettinad restaurant,"Kammanahalli/Kalyan Nagar,Bangalore",3.7,50,300,"Chettinad,Chinese"
15482,Dilawar,"Kammanahalli/Kalyan Nagar,Bangalore",4.3,500,400,"Chinese,North Indian"
15485,Kwality Walls Frozen Dessert and Ice Cream Shop,"Kammanahalli/Kalyan Nagar,Bangalore",4.6,20,200,"Ice Cream,Desserts"
15486,Punith Special Biriyani,"Kammanahalli/Kalyan Nagar,Bangalore",2.8,20,200,Biryani
15487,The Baklava Company,"Kammanahalli/Kalyan Nagar,Bangalore",4.2,100,250,Desserts
15489,Chaatimes,"Kammanahalli/Kalyan Nagar,Bangalore",3.7,20,150,Street Food
15490,SENDHOOR COFFEE,"Kammanahalli/Kalyan Nagar,Bangalore",4.4,1000,200,South Indian
15492,The Ganache Factory - Cakes & Desserts,"Kammanahalli/Kalyan Nagar,Bangalore",4.5,100,250,"Desserts,Bakery"
15496,Dande's Hyderabad Biryani,"Kammanahalli/Kalyan Nagar,Bangalore",2.6,20,350,"Biryani,Seafood"
15498,The Brooklyn Creamery - Healthy Ice Cream,"Kammanahalli/Kalyan Nagar,Bangalore",4.5,20,250,"Desserts,Ice Cream"
15501,Punjabi Unplugged,"Kammanahalli/Kalyan Nagar,Bangalore",3.8,100,200,"Punjabi,North Indian"
15503,Zamindar,"Kammanahalli/Kalyan Nagar,Bangalore",3.9,100,500,"Andhra,Biryani"
15504,THARAVADU MALABAR BIRYANI,"Kammanahalli/Kalyan Nagar,Bangalore",2.8,20,230,"Kerala,Biryani"
15505,Corner House Ice Cream,"Kammanahalli/Kalyan Nagar,Bangalore",4.6,1000,250,"Desserts,Ice Cream"
15508,Chinese Trail,"Kammanahalli/Kalyan Nagar,Bangalore",3.9,100,350,"Chinese,Thai"
15509,Big Chicken,"Kammanahalli/Kalyan Nagar,Bangalore",4.1,100,350,American
15510,SANDWICH BINGE,"Kammanahalli/Kalyan Nagar,Bangalore",3.9,100,200,"Snacks,Beverages"
15514,Pepes Pizza,"Kammanahalli/Kalyan Nagar,Bangalore",3.8,20,500,"Pizzas,Continental"
15516,Little Italy,"Kammanahalli/Kalyan Nagar,Bangalore",4.1,100,1200,"Italian,Pizzas"
15517,China Pearl,"Kammanahalli/Kalyan Nagar,Bangalore",4.3,100,1100,"Chinese,Asian"
15518,RIGASTO-THE INDOTALY BISTRO,"Kammanahalli/Kalyan Nagar,Bangalore",4.0,50,300,"Italian,Pastas"
15519,Srinidhi Veg Food Court,"Kammanahalli/Kalyan Nagar,Bangalore",4.3,1000,300,"Chinese,South Indian"
15523,Ministry of Ice Creams,"Kammanahalli/Kalyan Nagar,Bangalore",3.7,20,200,"Ice Cream,Desserts"
15524,ICE CORNER,"Kammanahalli/Kalyan Nagar,Bangalore",3.3,50,200,"Desserts,Beverages"
15525,Biryani Mount,"Kammanahalli/Kalyan Nagar,Bangalore",3.9,50,400,"Biryani,Indian"
15528,IFC,"Kammanahalli/Kalyan Nagar,Bangalore",4.0,500,250,Fast Food
15530,Vera Italiano,"Kammanahalli/Kalyan Nagar,Bangalore",4.1,100,600,"Italian,Continental"
15532,Royal Donne Biryani,"Kammanahalli/Kalyan Nagar,Bangalore",3.4,100,400,"Biryani,Chinese"
15534,Zinger crunch,"Kammanahalli/Kalyan Nagar,Bangalore",4.2,20,200,Indian
15536,Nizam's Kitchens,"Kammanahalli/Kalyan Nagar,Bangalore",2.5,20,450,"Indian,Biryani"
15539,The Chaap Factory,"Kammanahalli/Kalyan Nagar,Bangalore",3.2,20,350,"Kebabs,North Indian"
15540,Slurpy Shakes,"Kammanahalli/Kalyan Nagar,Bangalore",4.2,20,150,"Desserts,Beverages"
15543,Connie's Restaurant & Steakhouse,"Kammanahalli/Kalyan Nagar,Bangalore",4.2,100,1000,"American,Continental"
15544,Punjabi Zaika,"Kammanahalli/Kalyan Nagar,Bangalore",3.8,50,300,Biryani
15545,Alba Cafe,"Kammanahalli/Kalyan Nagar,Bangalore",3.8,50,400,Indian
15547,Imperio restaurant,"Kammanahalli/Kalyan Nagar,Bangalore",3.8,1000,300,"Chinese,South Indian"
15552,Madurai Muniyandi Vilas,"Kammanahalli/Kalyan Nagar,Bangalore",3.4,20,400,"North Indian,South Indian"
15553,Breakfast Express,"Kammanahalli/Kalyan Nagar,Bangalore",4.4,500,200,"Continental,North Indian"
15555,Juice Shop,"Kammanahalli/Kalyan Nagar,Bangalore",3.8,100,150,"Juices,Beverages"
15556,Curries and Pickles,"Kammanahalli/Kalyan Nagar,Bangalore",3.2,20,300,"Andhra,Chinese"
15557,Healthy Fuel,"Kammanahalli/Kalyan Nagar,Bangalore",3.8,20,350,"Desserts,Juices"
15559,Samovar Restaurant,"Kammanahalli/Kalyan Nagar,Bangalore",4.1,1000,450,"Chinese,Kerala"
15560,Sharief Bhai,"Kammanahalli/Kalyan Nagar,Bangalore",4.1,1000,400,"Biryani,North Indian"
15565,Sanju's Super Kitchen,"Kammanahalli/Kalyan Nagar,Bangalore",4.3,20,300,"Continental,American"
15566,Omleterian,"Kammanahalli/Kalyan Nagar,Bangalore",3.9,20,300,"Continental,American"
15567,Fanoos Xpress,"Kammanahalli/Kalyan Nagar,Bangalore",3.8,100,600,North Indian
15568,Donne Biriyani House,"Kammanahalli/Kalyan Nagar,Bangalore",3.3,100,300,Biryani
15569,Donne Biriyanis Junction,"Kammanahalli/Kalyan Nagar,Bangalore",3.5,50,300,Biryani
15572,Khichdi Kahani,"Kammanahalli/Kalyan Nagar,Bangalore",3.3,50,200,Indian
15573,Anjappar,"Kammanahalli/Kalyan Nagar,Bangalore",3.8,500,600,"Chettinad,Thalis"
15574,The Golden Thali,"Kammanahalli/Kalyan Nagar,Bangalore",3.9,20,200,"Indian,North Indian"
15575,Say Noodles,"Kammanahalli/Kalyan Nagar,Bangalore",4.1,20,300,"North Indian,Asian"
15576,Tandoori Hub,"Kammanahalli/Kalyan Nagar,Bangalore",3.8,100,300,"Tandoor,Indian"
15580,Thalaivars Biryani,"Kammanahalli/Kalyan Nagar,Bangalore",4.2,100,300,"Andhra,Biryani"
15581,21 Pork Street,"Kammanahalli/Kalyan Nagar,Bangalore",4.0,20,600,Indian
15582,Chinese Wok (Wok Express),"Kammanahalli/Kalyan Nagar,Bangalore",3.7,100,250,"Chinese,Asian"
15587,Subway,"Kammanahalli/Kalyan Nagar,Bangalore",4.4,100,350,"Fast Food,Salads"
15590,California Burrito,"Kammanahalli/Kalyan Nagar,Bangalore",4.4,1000,250,"Mexican,American"
15594,McRoll Express,"Kammanahalli/Kalyan Nagar,Bangalore",4.3,20,300,Fast Food
15596,Combo King,"Kammanahalli/Kalyan Nagar,Bangalore",4.0,50,200,South Indian
15597,Chopstick,"Kammanahalli/Kalyan Nagar,Bangalore",4.1,500,300,"Chinese,Asian"
15599,Singapore Street,"Kammanahalli/Kalyan Nagar,Bangalore",4.2,100,800,"Singaporean,Asian"
15601,Sizzling Momos,"Kammanahalli/Kalyan Nagar,Bangalore",4.3,20,200,Chinese
15602,Third Wave Coffee,"Kammanahalli/Kalyan Nagar,Bangalore",4.3,100,400,"Beverages,Bakery"
15605,Vinayaka 99 veriety Dosa Corner,"Kammanahalli/Kalyan Nagar,Bangalore",4.1,20,200,South Indian
15606,Sangam Mess,"Kammanahalli/Kalyan Nagar,Bangalore",4.2,1000,300,"Kerala,South Indian"
15612,Emirates Restaurant,"Kammanahalli/Kalyan Nagar,Bangalore",3.6,50,400,"Biryani,Chinese"
15613,Sundae Zone,"Kammanahalli/Kalyan Nagar,Bangalore",4.0,50,150,"Desserts,Ice Cream"
15616,Lakeview Milkbar,"Kammanahalli/Kalyan Nagar,Bangalore",4.2,100,450,"Desserts,Ice Cream"
15619,Eliza Momos,"Kammanahalli/Kalyan Nagar,Bangalore",4.0,50,450,"Chinese,Thai"
15620,CHICK BAIK,"Kammanahalli/Kalyan Nagar,Bangalore",4.2,100,300,"Snacks,Indian"
15621,Sardarji Londonwaley,"Kammanahalli/Kalyan Nagar,Bangalore",3.8,50,400,"Biryani,North Indian"
15623,Manasa Fishland,"Kammanahalli/Kalyan Nagar,Bangalore",4.0,100,399,"Seafood,Biryani"
15626,Donne Biryani Kuteera,"Kammanahalli/Kalyan Nagar,Bangalore",3.7,100,150,"Biryani,Indian"
15628,Sannidhi Grand,"Kammanahalli/Kalyan Nagar,Bangalore",4.1,1000,150,"South Indian,North Indian"
15629,Swad Restaurant,"Kammanahalli/Kalyan Nagar,Bangalore",3.5,50,20,"South Indian,Chinese"
15630,Go! GOLGAPPA,"Kammanahalli/Kalyan Nagar,Bangalore",3.8,20,250,"Fast Food,Beverages"
15632,SHAMS FAST FOODS,"Kammanahalli/Kalyan Nagar,Bangalore",3.8,100,250,Chinese
15634,Happy Sardar,"Kammanahalli/Kalyan Nagar,Bangalore",4.1,50,200,"Punjabi,Biryani"
15637,Wok Chow Chinese & Thai Restaraunt,"Kammanahalli/Kalyan Nagar,Bangalore",4.0,50,300,"Chinese,Thai"
15640,Firangi Bake,"Kammanahalli/Kalyan Nagar,Bangalore",4.1,50,400,"Italian,Mexican"
15642,Momo Kitchen,"Kammanahalli/Kalyan Nagar,Bangalore",4.2,20,250,Chinese
15644,New Kairali Restaurant,"Kammanahalli/Kalyan Nagar,Bangalore",4.2,100,355,"Kerala,Seafood"
15647,Malabar Junction Restaurant,"Kammanahalli/Kalyan Nagar,Bangalore",4.0,100,300,"Kerala,Arabian"
15648,Wow! Momo,"Kammanahalli/Kalyan Nagar,Bangalore",4.0,100,250,"Tibetan,Healthy Food"
15653,Punjabi Bowl,"Kammanahalli/Kalyan Nagar,Bangalore",4.1,20,300,"Home Food,North Indian"
15654,The Meals Junction,"Kammanahalli/Kalyan Nagar,Bangalore",3.7,100,10,"North Indian,Chinese"
15656,Hungry Panda - Deliciously Chinese,"Kammanahalli/Kalyan Nagar,Bangalore",3.8,20,600,"Chinese,Pan-Asian"
15657,Paris Panini - French Street Food,"Kammanahalli/Kalyan Nagar,Bangalore",4.4,100,450,"French,Continental"
15658,The Pizza Bakery,"Kammanahalli/Kalyan Nagar,Bangalore",4.2,100,700,"Pizzas,Pastas"
15660,Aioli Bbq and Grill,"Kammanahalli/Kalyan Nagar,Bangalore",4.0,20,999,"Continental,Italian"
15661,Mother's Kitchen,"Kammanahalli/Kalyan Nagar,Bangalore",4.3,20,250,South Indian
15662,The Filter Coffee,"Kammanahalli/Kalyan Nagar,Bangalore",4.6,1000,250,South Indian
15664,DOCTOR JUICE - Immunity Health Bar!,"Kammanahalli/Kalyan Nagar,Bangalore",4.1,100,150,"Healthy Food,Juices"
15665,Keto pizzeria,"Kammanahalli/Kalyan Nagar,Bangalore",4.2,20,200,"Pizzas,Italian"
15666,American Desserts,"Kammanahalli/Kalyan Nagar,Bangalore",4.5,50,120,"Bakery,Desserts"
15668,Chai Days,"Kammanahalli/Kalyan Nagar,Bangalore",4.5,100,200,"Beverages,Snacks"
15672,Arabian Hotspot,"Kammanahalli/Kalyan Nagar,Bangalore",4.2,100,600,"Arabian,Indian"
15676,Pizzeria Locale,"Kammanahalli/Kalyan Nagar,Bangalore",3.8,20,1000,"Italian,Pastas"
15677,ITC Sunfeast Baked Creations,"Kammanahalli/Kalyan Nagar,Bangalore",4.7,100,600,"Bakery,Desserts"
15678,Cafe Azzure,"Kammanahalli/Kalyan Nagar,Bangalore",4.1,50,1000,"American,Italian"
15679,Sweet Bake - Cake And  Desserts,"Kammanahalli/Kalyan Nagar,Bangalore",4.1,50,400,Indian
15682,Salad Grill Therapy,"Kammanahalli/Kalyan Nagar,Bangalore",4.3,100,300,"Mediterranean,Salads"
15685,Yuan,"Kammanahalli/Kalyan Nagar,Bangalore",3.2,50,500,Chinese
15686,New Udupi Upahara,"Kammanahalli/Kalyan Nagar,Bangalore",3.8,50,300,"North Indian,South Indian"
15687,Momo Zone - The Momo Company,"Kammanahalli/Kalyan Nagar,Bangalore",4.0,20,150,"Chinese,Tibetan"
15688,Savoury Restaurant,"Kammanahalli/Kalyan Nagar,Bangalore",3.9,500,600,"Biryani,Mughlai"
15689,Art Of Delight,"Kammanahalli/Kalyan Nagar,Bangalore",4.4,100,300,"Desserts,Ice Cream"
15690,The Mangalorean,"Kammanahalli/Kalyan Nagar,Bangalore",4.0,100,550,"Biryani,Coastal"
15694,Onesta,"Kammanahalli/Kalyan Nagar,Bangalore",3.6,500,200,"Italian,Desserts"
15697,"Thalis , Bowls & More","Kammanahalli/Kalyan Nagar,Bangalore",3.0,20,300,"Pizzas,North Indian"
15698,Heaven's Cakes,"Kammanahalli/Kalyan Nagar,Bangalore",4.0,20,300,"Bakery,Desserts"
15699,Bite That Sandwich,"Kammanahalli/Kalyan Nagar,Bangalore",4.3,50,350,"Continental,Snacks"
15703,Sri Banashankari Donne Biriyani,"Kammanahalli/Kalyan Nagar,Bangalore",3.4,20,200,"Biryani,Andhra"
15704,Belgian Waffle Factory,"Kammanahalli/Kalyan Nagar,Bangalore",4.2,100,300,"American,Desserts"
15705,Chikpet Donne Biriyani House,"Kammanahalli/Kalyan Nagar,Bangalore",3.8,500,200,South Indian
15706,Woodfire Pizza,"Kammanahalli/Kalyan Nagar,Bangalore",3.5,20,400,"Italian,Pizzas"
15707,Srinidhi Upachar,"Kammanahalli/Kalyan Nagar,Bangalore",4.3,500,300,South Indian
15708,Leon Grill,"Kammanahalli/Kalyan Nagar,Bangalore",4.2,1000,300,"American,Snacks"
15709,Big Bang Pizza,"Kammanahalli/Kalyan Nagar,Bangalore",4.0,50,300,"Pizzas,Continental"
15712,Chai Point,"Kammanahalli/Kalyan Nagar,Bangalore",4.4,500,150,"Bakery,Beverages"
15717,BurgerHaus Gourmet Burgers,"Kammanahalli/Kalyan Nagar,Bangalore",4.2,50,300,"American,Continental"
15718,WOWFFLES,"Kammanahalli/Kalyan Nagar,Bangalore",4.2,20,400,"Desserts,Bakery"
15719,Madurai Pandi Mess,"Kammanahalli/Kalyan Nagar,Bangalore",4.0,100,400,"South Indian,Chettinad"
15720,The Good Bowl,"Kammanahalli/Kalyan Nagar,Bangalore",4.4,50,400,"North Indian,Punjabi"
15721,Cafe Coffee Day,"Kammanahalli/Kalyan Nagar,Bangalore",3.8,20,300,"Beverages,Snacks"
15723,Haka,"Kammanahalli/Kalyan Nagar,Bangalore",4.1,100,500,"Chinese,Asian"
15725,Delicious Momos,"Kammanahalli/Kalyan Nagar,Bangalore",4.3,100,600,"Chinese,Thai"
15726,Smoodies & Juices: Yours Fruitfully,"Kammanahalli/Kalyan Nagar,Bangalore",4.1,50,140,"Snacks,Healthy Food"
15727,Crosstownjapan,"Kammanahalli/Kalyan Nagar,Bangalore",3.8,100,1200,"Japanese,Asian"
15728,Prowl Foods By Tiger Shroff,"Kammanahalli/Kalyan Nagar,Bangalore",4.0,100,500,"North Indian,Continental"
15730,The Biryani Life,"Kammanahalli/Kalyan Nagar,Bangalore",3.3,20,250,"Biryani,Hyderabadi"
15731,Natural Ice Cream,"Kammanahalli/Kalyan Nagar,Bangalore",4.6,500,150,Ice Cream
15732,Easy Bites by Hotel Empire,"Kammanahalli/Kalyan Nagar,Bangalore",3.8,100,200,"Snacks,Fast Food"
15735,The Thick Shake Factory,"Kammanahalli/Kalyan Nagar,Bangalore",4.3,100,200,"Ice Cream,Beverages"
15736,Pizza Theatre,"Kammanahalli/Kalyan Nagar,Bangalore",3.4,20,400,"Italian,American"
15737,Ahara,"Kammanahalli/Kalyan Nagar,Bangalore",4.1,100,300,"South Indian,Biryani"
15740,Maraheb Restaurant,"Kammanahalli/Kalyan Nagar,Bangalore",4.0,20,600,Arabian
15742,3 Mangos,"Kammanahalli/Kalyan Nagar,Bangalore",3.7,20,100,"Juices,Ice Cream"
15743,Skoosh Bubble Tea - No Tapioca,"Kammanahalli/Kalyan Nagar,Bangalore",4.5,20,300,Beverages
15744,Nirula's,"Kammanahalli/Kalyan Nagar,Bangalore",4.2,20,400,"Desserts,Ice Cream"
15745,Sreeraj Lassi Bar,"Kammanahalli/Kalyan Nagar,Bangalore",4.4,100,250,"Beverages,Desserts"
15746,LunchBox - Meals and Thalis,"Kammanahalli/Kalyan Nagar,Bangalore",4.0,100,200,"North Indian,Punjabi"
15747,Based On A True Story -Bistro,"Kammanahalli/Kalyan Nagar,Bangalore",4.2,100,600,"Pastas,Continental"
15751,Truffles,"Kammanahalli/Kalyan Nagar,Bangalore",4.4,5000,450,"American,Desserts"
15753,The Sugar Free Keto Kafe - By Artinci,"Kammanahalli/Kalyan Nagar,Bangalore",4.3,100,200,"Ice Cream,Healthy Food"
15755,Lucknow Express,"Kammanahalli/Kalyan Nagar,Bangalore",3.8,100,10,"North Indian,Thalis"
15758,Behrouz Biryani,"Kammanahalli/Kalyan Nagar,Bangalore",4.0,100,500,"Biryani,Mughlai"
15759,KFC,"Kammanahalli/Kalyan Nagar,Bangalore",3.9,1000,400,"American,Snacks"
15760,Artinci - Indulge Guilt Free!,"Kammanahalli/Kalyan Nagar,Bangalore",4.3,100,200,"Ice Cream,Healthy Food"
15762,Grameen Kulfi,"Kammanahalli/Kalyan Nagar,Bangalore",4.7,50,120,"Ice Cream,Desserts"
15764,The Betel Leaf Co.,"Kammanahalli/Kalyan Nagar,Bangalore",4.6,100,200,"Paan,Desserts"
15766,Ghee and Turmeric,"Kammanahalli/Kalyan Nagar,Bangalore",3.7,100,500,"North Indian,Tandoor"
15767,KUNAFA WORLD,"Kammanahalli/Kalyan Nagar,Bangalore",4.4,100,500,Desserts
15768,Oh My Shawarma,"Kammanahalli/Kalyan Nagar,Bangalore",4.1,100,200,Arabian
15769,7 Plates,"Kammanahalli/Kalyan Nagar,Bangalore",4.0,500,450,"Biryani,Chinese"
15772,BASMATI'S BRIYANI NATION,"Kammanahalli/Kalyan Nagar,Bangalore",3.1,20,300,"Biryani,Andhra"
15773,"Frozen Bottle - Milkshakes, Desserts And Ice Cream","Kammanahalli/Kalyan Nagar,Bangalore",3.9,100,250,"Beverages,Desserts"
15781,MIDDLE EAST RESTAURANT,"Kammanahalli/Kalyan Nagar,Bangalore",4.0,100,400,North Indian
15788,The Local,"Kammanahalli/Kalyan Nagar,Bangalore",4.2,100,900,"American,Biryani"
15789,Nandhana Palace,"Kammanahalli/Kalyan Nagar,Bangalore",4.1,1000,500,"Biryani,Andhra"
15798,The Dessert Zone,"Kammanahalli/Kalyan Nagar,Bangalore",3.5,50,200,"Bakery,Desserts"
15799,SMOOR,"Kammanahalli/Kalyan Nagar,Bangalore",4.5,500,600,"Asian,Desserts"
15800,Dilli Wale Parathe,"Kammanahalli/Kalyan Nagar,Bangalore",3.7,20,250,North Indian
15804,Peking Orient,"Kammanahalli/Kalyan Nagar,Bangalore",4.2,100,500,"Chinese,Continental"
15805,The Belgian Waffle Co.,"Kammanahalli/Kalyan Nagar,Bangalore",4.3,100,200,Desserts
15806,The Good Food Restaurant,"Kammanahalli/Kalyan Nagar,Bangalore",3.9,100,500,"Biryani,Indian"
15807,Thalassery Cafe,"Kammanahalli/Kalyan Nagar,Bangalore",4.0,100,100,"Kerala,Snacks"
15811,Chaat Street,"Kammanahalli/Kalyan Nagar,Bangalore",4.1,500,200,"Fast Food,Snacks"
15812,Chung's Chinese Corner,"Kammanahalli/Kalyan Nagar,Bangalore",4.2,100,350,"Chinese,Asian"
15813,Chaat Street Express,"Kammanahalli/Kalyan Nagar,Bangalore",4.1,100,200,"North Indian,Jain"
15815,Kolkatta Famous Kati Roll,"Kammanahalli/Kalyan Nagar,Bangalore",4.3,100,80,Indian
15818,McDonald's Gourmet Burger Collection,"Kammanahalli/Kalyan Nagar,Bangalore",4.0,50,600,"Burgers,Beverages"
15819,Chandni Chowk 2 Bangalore,"Kammanahalli/Kalyan Nagar,Bangalore",3.8,50,300,"Mughlai,Punjabi"
15821,Foodism.in,"Kammanahalli/Kalyan Nagar,Bangalore",3.8,100,300,"Home Food,North Indian"
15822,Chaayos Chai+Snacks=Relax,"Kammanahalli/Kalyan Nagar,Bangalore",4.4,500,250,"Bakery,Beverages"
15823,Samosa Party,"Kammanahalli/Kalyan Nagar,Bangalore",4.1,500,100,"Chaat,North Indian"
15824,The Indian Dhaba,"Kammanahalli/Kalyan Nagar,Bangalore",3.9,50,400,"Kebabs,Mughlai"
15825,The IceCream Zone,"Kammanahalli/Kalyan Nagar,Bangalore",4.7,20,250,"Ice Cream,Desserts"
15826,Al Ameen Rolls Corner,"Kammanahalli/Kalyan Nagar,Bangalore",3.4,100,200,Street Food
15827,Chinese BAE,"Kammanahalli/Kalyan Nagar,Bangalore",4.0,500,400,"Chinese,Thai"
15828,New Krishna Sagar,"Kammanahalli/Kalyan Nagar,Bangalore",4.2,100,500,"Chinese,South Indian"
15829,Biswal's Food Circle,"Kammanahalli/Kalyan Nagar,Bangalore",4.1,100,300,"Oriya,Bengali"
15830,Kaati Zone Rolls & Wraps,"Kammanahalli/Kalyan Nagar,Bangalore",4.1,500,150,"Beverages,Bengali"
15831,Angaar Resturant,"Kammanahalli/Kalyan Nagar,Bangalore",4.0,20,500,"Indian,Chinese"
15832,Madurai Idly Shop,"Kammanahalli/Kalyan Nagar,Bangalore",3.6,100,150,South Indian
15837,Lovespell Icecream,"Kammanahalli/Kalyan Nagar,Bangalore",4.3,20,300,"Ice Cream,Desserts"
15838,canecrush,"Kammanahalli/Kalyan Nagar,Bangalore",4.3,20,70,Beverages
15839,Five Star Chicken,"Kammanahalli/Kalyan Nagar,Bangalore",4.1,20,300,Fast Food
16030,Kullad Cafe,"BTM,Bangalore",4.0,500,150,"North Indian,Fast Food"
16032,PUNJAB KITCHEN,"BTM,Bangalore",4.3,100,250,North Indian
16037,The Pulkawala,"BTM,Bangalore",4.4,20,299,"North Indian,Indian"
16038,EatFit,"BTM,Bangalore",4.2,1000,270,"Healthy Food,Pizzas"
16039,Pizza Hut,"BTM,Bangalore",4.0,500,350,Pizzas
16040,"Frozen Bottle - Milkshakes, Desserts And Ice Cream","BTM,Bangalore",4.4,100,250,"Beverages,Desserts"
16041,Bathinda Tandoor,"BTM,Bangalore",3.6,100,300,"Punjabi,North Indian"
16043,Madras Meal Company,"BTM,Bangalore",3.9,50,350,"South Indian,Chettinad"
16044,Jose Mess,"BTM,Bangalore",4.3,500,200,Indian
16045,MODERN LOVERS CAKE,"BTM,Bangalore",4.7,20,300,Bakery
16046,PARATHA WALI,"BTM,Bangalore",4.0,50,300,"Chinese,North Indian"
16049,Ghar Ka Khana,"BTM,Bangalore",4.2,500,300,"Thalis,North Indian"
16050,Narmadha's Hyderabad Biriyani,"BTM,Bangalore",3.7,100,300,Indian
16055,Canteen Central by Eatfit,"BTM,Bangalore",4.4,20,350,"Pizzas,American"
16056,The Manchurian,"BTM,Bangalore",4.4,20,150,"Chinese,Snacks"
16057,MY KHANA,"BTM,Bangalore",3.8,100,199,"North Indian,Indian"
16059,NIC Natural Ice Creams,"BTM,Bangalore",4.6,100,120,"Ice Cream,Desserts"
16063,The Icecream Zone,"BTM,Bangalore",3.3,20,300,"Home Food,North Indian"
16064,Sri Punjabi Dhaba,"BTM,Bangalore",2.7,1000,300,"North Indian,Biryani"
16065,Shahenshah Biryani,"BTM,Bangalore",2.8,20,400,Indian
16067,Five star chicken,"BTM,Bangalore",3.8,20,250,Snacks
16068,IBC ( Indian Biryani Company),"BTM,Bangalore",3.7,100,300,"Biryani,South Indian"
16070,The Royal Biryani Story,"BTM,Bangalore",3.7,20,299,"Biryani,Hyderabadi"
16074,Fitnes Nation,"BTM,Bangalore",4.2,20,350,"North Indian,Healthy Food"
16076,Kerala Biryani Corner,"BTM,Bangalore",3.5,20,200,"Biryani,Indian"
16077,NEW ARAMANE DONNE BIRIYANI,"BTM,Bangalore",4.4,50,250,"Biryani,North Indian"
16079,Pastas By Pizza Hut,"BTM,Bangalore",3.8,20,300,"Pastas,Pizzas"
16084,Combo Plates,"BTM,Bangalore",3.5,20,250,"Grill,Arabian"
16086,The Dessert Zone,"BTM,Bangalore",4.0,20,200,"Bakery,Desserts"
16087,AB s-Absolute Barbecues,"BTM,Bangalore",3.6,50,400,"Barbecue,Biryani"
16090,Shapana dhaba,"BTM,Bangalore",3.7,50,150,"Chinese,North Indian"
16096,Udupi Athithya,"BTM,Bangalore",4.0,100,130,"South Indian,North Indian"
16099,King of Briyani,"BTM,Bangalore",1.8,20,350,"North Indian,Chinese"
16101,Pizza Corner House,"BTM,Bangalore",3.8,20,300,"Pizzas,Combo"
16103,Bismillah Hotel,"BTM,Bangalore",3.6,20,200,Chinese
16106,Kalingas,"BTM,Bangalore",4.2,1000,200,"North Indian,Oriya"
16107,Wonton,"BTM,Bangalore",3.9,50,350,Chinese
16111,Svadu Pure Ghee sweets,"BTM,Bangalore",4.5,100,200,"Desserts,Sweets"
16115,Puneri Katta,"BTM,Bangalore",4.3,100,150,"Indian,Maharashtrian"
16116,Ice Cafe & Lassi Shop,"BTM,Bangalore",3.5,100,310,Beverages
16118,Food Junction,"BTM,Bangalore",4.0,20,400,"Indian,Chinese"
16120,The Firewood Pizza,"BTM,Bangalore",3.9,100,350,"Italian,Pizzas"
16122,Momo Zone - The Momo Company,"BTM,Bangalore",4.0,50,150,"Chinese,Tibetan"
16123,SRI KRISHNA SAGAR,"BTM,Bangalore",4.2,50,300,South Indian
16124,Bombay Kulfis,"BTM,Bangalore",4.8,20,150,"Ice Cream,Desserts"
16127,HARMAN DA DHABA,"BTM,Bangalore",4.2,20,300,"North Indian,Fast Food"
16129,Litti Twist,"BTM,Bangalore",4.2,500,250,North Indian
16131,Barbeque Nation,"BTM,Bangalore",3.9,50,600,"North Indian,Barbecue"
16133,UBQ by Barbeque Nation,"BTM,Bangalore",4.2,100,300,"North Indian,Barbecue"
16134,Burger It Up,"BTM,Bangalore",4.0,50,150,"American,Fast Food"
16135,Chicken County Restaurant,"BTM,Bangalore",3.7,20,350,"Chinese,Grill"
16136,New GFC Hotel,"BTM,Bangalore",3.4,20,160,"Indian,Biryani"
16137,LunchBox - Meals and Thalis,"BTM,Bangalore",4.1,500,200,"North Indian,Punjabi"
16138,DONNE BIRIYANI HOUSE,"BTM,Bangalore",3.7,100,300,"Biryani,South Indian"
16143,Angel Restaurant,"BTM,Bangalore",3.0,50,200,South Indian
16145,Agarwal Food Service BTM,"BTM,Bangalore",3.6,100,250,"Thalis,Biryani"
16149,"m-Aura Cafe, Kitchen & More","BTM,Bangalore",4.0,50,400,"North Indian,Mughlai"
16152,The Daily Meal,"BTM,Bangalore",3.0,20,250,North Indian
16154,Auntie Fung's,"BTM,Bangalore",4.0,100,600,"Asian,Chinese"
16155,Ambur Star Briyani Since 1890,"BTM,Bangalore",4.2,1000,500,"Biryani,Chettinad"
16164,TEA TIME CAFE,"BTM,Bangalore",4.0,100,200,"Beverages,Snacks"
16168,The Daily Bowl,"BTM,Bangalore",3.6,100,200,"North Indian,South Indian"
16169,Plan B,"BTM,Bangalore",4.4,100,800,American
16170,SRI SAPANA DHABA,"BTM,Bangalore",3.2,100,400,"Indian,Chinese"
16172,Tasty Magic,"BTM,Bangalore",3.4,50,300,"Arabian,Biryani"
16175,O4H - Order For Health,"BTM,Bangalore",4.5,500,400,"Healthy Food,Salads"
16176,Burger In Moon,"BTM,Bangalore",3.8,50,200,"American,Fast Food"
16177,Wow! Momo,"BTM,Bangalore",4.1,100,250,"Tibetan,Healthy Food"
16182,SABZI AUR ROTI,"BTM,Bangalore",3.8,50,150,Indian
16183,BIB - English Breakfast in the Box,"BTM,Bangalore",4.0,100,350,American
16185,Theobroma,"BTM,Bangalore",4.6,100,800,"Bakery,Desserts"
16186,chole bhatura and parathas,"BTM,Bangalore",3.7,100,150,North Indian
16191,Saltlake,"BTM,Bangalore",3.8,100,350,"Bengali,Indian"
16194,Iyengar's Cake,"BTM,Bangalore",4.8,20,250,Desserts
16195,Cookie Man,"BTM,Bangalore",4.3,50,140,"Desserts,Ice Cream"
16196,Venu's Donne Biryani,"BTM,Bangalore",4.4,100,300,Biryani
16197,Cake Town,"BTM,Bangalore",4.2,20,250,Desserts
16200,Home Plate by EatFit,"BTM,Bangalore",4.0,100,160,"North Indian,Home Food"
16201,Paratha Envy,"BTM,Bangalore",4.3,100,249,North Indian
16206,Karavali Family Hotel,"BTM,Bangalore",3.5,20,299,"Seafood,Mangalorean"
16210,Kalpavruksha,"BTM,Bangalore",4.4,1000,150,"Beverages,Chinese"
16212,Domino's Pizza,"BTM,Bangalore",4.3,500,400,Pizzas
16218,Masala Pantry,"BTM,Bangalore",4.2,100,300,"North Indian,Biryani"
16219,Chakna,"BTM,Bangalore",4.1,50,200,"North Indian,Snacks"
16221,Mangalore Lunch Home,"BTM,Bangalore",4.0,100,600,"Chinese,North Indian"
16222,Krishna Vaibhava,"BTM,Bangalore",4.2,50,300,Indian
16223,Kailash Parbat,"BTM,Bangalore",3.9,500,300,"Biryani,Desserts"
16225,ABEES MESS,"BTM,Bangalore",4.0,50,150,"South Indian,Biryani"
16226,Chinese Monk (NO MSG),"BTM,Bangalore",4.0,100,300,"Chinese,Thai"
16231,Delhi Wala Paratha,"BTM,Bangalore",2.9,50,200,North Indian
16234,Ludos Pizza,"BTM,Bangalore",4.0,100,300,"Italian,Fast Food"
16238,Chai Point,"BTM,Bangalore",4.1,500,150,"Bakery,Beverages"
16239,Biryani Pot,"BTM,Bangalore",3.8,1000,500,"North Indian,Biryani"
16242,Hungry Habibi,"BTM,Bangalore",3.9,100,220,"Arabian,Lebanese"
16244,Cafe Down the Alley,"BTM,Bangalore",3.8,50,300,"Pizzas,Pastas"
16246,SIMPLEE SHAWARMA,"BTM,Bangalore",4.0,50,300,"Arabian,Indian"
16259,Figo Bakehouse,"BTM,Bangalore",4.5,100,200,"Desserts,Beverages"
16260,Delhi Chat,"BTM,Bangalore",2.3,20,100,Chaat
16266,ZAZA 22 Spice Biryani,"BTM,Bangalore",3.5,20,250,"Biryani,North Indian"
16273,FB Cakes,"BTM,Bangalore",3.8,20,300,Bakery
16274,Habibi Falafel,"BTM,Bangalore",3.9,100,300,"Mediterranean,Lebanese"
16278,Andhra Kitchen,"BTM,Bangalore",4.2,100,300,"South Indian,Andhra"
16279,OLIVE PIZZERIA,"BTM,Bangalore",5.0,20,200,"Beverages,Ice Cream"
16281,Chinese BAE,"BTM,Bangalore",4.1,1000,400,"Chinese,Thai"
16284,Thali's Station,"BTM,Bangalore",3.8,20,250,"Thalis,North Indian"
16285,MYTHOLog Biryani,"BTM,Bangalore",4.0,20,500,"Biryani,Indian"
16286,Baskin Robbins,"BTM,Bangalore",4.6,100,250,"Desserts,Ice Cream"
16287,Scooby doo Pizza,"BTM,Bangalore",3.1,20,300,"Pizzas,Italian"
16290,The Meal Plate by Roti-wala.com,"BTM,Bangalore",4.1,20,350,North Indian
16291,Figo Deli,"BTM,Bangalore",4.1,100,300,"Pizzas,Italian"
16295,Royal Biryani Kitchen,"BTM,Bangalore",3.4,50,250,"Biryani,Chinese"
16299,Dakshina Swaadha,"BTM,Bangalore",4.6,20,270,"South Indian,Beverages"
16305,Punjabi tashan,"BTM,Bangalore",3.4,50,350,North Indian
16309,TrueCakes,"BTM,Bangalore",4.2,500,300,"Desserts,Bakery"
16316,Taaza Cake,"BTM,Bangalore",4.5,20,900,Bakery
16317,Wokitchen,"BTM,Bangalore",4.2,50,350,"Chinese,Pan-Asian"
16320,The Belgian Waffle Co.,"BTM,Bangalore",4.4,100,200,"Desserts,Ice Cream"
16324,Ultimate Parathas,"BTM,Bangalore",4.3,500,250,"Bihari,North Indian"
16325,Kwality Walls Frozen Dessert and Ice Cream Shop,"BTM,Bangalore",4.4,100,300,"Desserts,Ice Cream"
16326,Subway,"BTM,Bangalore",4.0,100,350,"Fast Food,Salads"
16334,Selena Food Center,"BTM,Bangalore",2.8,100,300,"Indian,Chinese"
16336,Kolkata Durbar,"BTM,Bangalore",4.0,100,300,"Biryani,Indian"
16343,Cheesy Culture,"BTM,Bangalore",4.0,100,300,"Pizzas,American"
16344,Charminar Biryani House,"BTM,Bangalore",3.8,100,200,"Biryani,North Indian"
16346,Burmuda Biryani,"BTM,Bangalore",2.7,20,250,"Biryani,Fast Food"
16348,Saiko Sushi House,"BTM,Bangalore",4.2,100,600,"Sushi,Japanese"
16349,The Dessert Heaven - Pure Veg,"BTM,Bangalore",3.9,50,200,"Bakery,Desserts"
16352,Cravy Wings - the american diner,"BTM,Bangalore",4.4,100,300,American
16354,Knight Bite,"BTM,Bangalore",3.4,20,300,"American,Chinese"
16355,Omleterian,"BTM,Bangalore",3.2,20,300,"Continental,American"
16356,THE FRITTER COMPANY,"BTM,Bangalore",4.1,100,200,Beverages
16360,SRI VENKATESHWARA HOT CHIPS,"BTM,Bangalore",4.5,50,199,"Snacks,Beverages"
16362,Khichdi Kahani,"BTM,Bangalore",3.5,50,200,"North Indian,South Indian"
16363,KFC,"BTM,Bangalore",3.7,500,400,"American,Snacks"
16364,Craving O Clock,"BTM,Bangalore",4.4,100,300,"Snacks,Beverages"
16366,Momo Monk,"BTM,Bangalore",4.3,50,350,"Pan-Asian,Chinese"
16370,Absolute Shahiya,"BTM,Bangalore",3.8,100,500,Mughlai
16376,Wow! China,"BTM,Bangalore",3.8,100,300,"Tibetan,Chinese"
16380,Hari Super Sandwich,"BTM,Bangalore",4.0,100,100,Street Food
16381,The Biryani Life,"BTM,Bangalore",4.0,20,250,"Biryani,Hyderabadi"
16382,Jaipur Cafe,"BTM,Bangalore",4.1,20,200,"North Indian,Chinese"
16389,Swadista Aahar,"BTM,Bangalore",4.1,100,250,"South Indian,Snacks"
16390,Dum Biryani Hub,"BTM,Bangalore",3.5,100,450,"Biryani,North Indian"
16391,BOX2EAT,"BTM,Bangalore",3.7,20,300,"Biryani,Desserts"
16393,Udta Punjab Kitchen,"BTM,Bangalore",3.4,20,150,"North Indian,Chinese"
16402,Momo Bowl,"BTM,Bangalore",4.8,50,350,"Chinese,Thai"
16405,Pizza Paradise,"BTM,Bangalore",4.0,20,249,Pizzas
16407,Bo & Jan - Deliciously Desi,"BTM,Bangalore",3.6,20,250,"North Indian,Biryani"
16409,Burger Bakery,"BTM,Bangalore",3.7,20,250,"Arabian,Beverages"
16411,Joao's Croissant Fusion,"BTM,Bangalore",5.0,20,350,"Fast Food,Beverages"
16413,Marwadi chaat & tiffin services,"BTM,Bangalore",3.3,50,200,North Indian
16414,McDonald's Gourmet Burger Collection,"BTM,Bangalore",3.8,20,600,"Burgers,Beverages"
16418,Ekdum Hyderabadi,"BTM,Bangalore",3.8,50,300,"Hyderabadi,Biryani"
16421,sushila thali wali kitchen,"BTM,Bangalore",3.6,20,150,North Indian
16423,Meaty Buff,"BTM,Bangalore",4.5,50,300,"Asian,Chinese"
16425,Chianti,"BTM,Bangalore",4.3,100,1250,"Italian,Pizzas"
16426,Firangi Bake,"BTM,Bangalore",4.0,50,400,"Italian,Mexican"
16429,Great Indian Khichdi by EatFit,"BTM,Bangalore",4.2,100,200,"Home Food,Indian"
16432,Hot Chillies Fast  Food,"BTM,Bangalore",5.0,20,250,"Chinese,North Indian"
16439,Amul Ice cream Parlour at BTM,"BTM,Bangalore",4.6,50,99,"Ice Cream,Desserts"
16440,PEDRO DE GOA,"BTM,Bangalore",5.0,20,350,"American,Snacks"
16442,New Friend's,"BTM,Bangalore",4.3,50,600,"North Indian,Chinese"
16445,T D L  Sandwich Factory,"BTM,Bangalore",4.9,20,350,"Snacks,Beverages"
16448,Cafe Coffee Day,"BTM,Bangalore",4.3,20,300,"Beverages,Snacks"
16449,Snack House,"BTM,Bangalore",3.9,100,300,"Fast Food,Street Food"
16456,CHIP N DIP,"BTM,Bangalore",4.8,20,200,"Fast Food,Beverages"
16457,RK Fresh Food,"BTM,Bangalore",3.1,20,200,"Continental,American"
16459,Kannur Food Point,"BTM,Bangalore",3.9,1000,300,"Kerala,Chinese"
16460,half shoot,"BTM,Bangalore",3.8,20,150,"Desserts,Ice Cream"
16463,Biryani Darbar,"BTM,Bangalore",2.0,20,300,"North Indian,Salads"
16469,Namaste,"BTM,Bangalore",4.1,1000,100,"South Indian,Thalis"
16477,BIRIYANI HOUSE,"BTM,Bangalore",2.4,20,350,Biryani
16478,99 Variety Dosa and Pav Bhaji,"BTM,Bangalore",3.9,500,600,Chinese
16481,Dhansagar Coastal Restaurant,"BTM,Bangalore",4.2,100,300,"Mangalorean,Biryani"
16482,TASTE OF BIHAR,"BTM,Bangalore",3.4,20,300,Indian
16484,Social,"BTM,Bangalore",4.3,100,600,"North Indian,Chinese"
16494,XO Belgian Waffle,"BTM,Bangalore",4.4,100,250,Desserts
16495,Mallu family Restaurant,"BTM,Bangalore",3.3,100,200,"Indian,Chinese"
16496,CALCUTTA STREET,"BTM,Bangalore",3.3,20,350,"Bengali,Biryani"
16498,U R Military Hotel,"BTM,Bangalore",3.5,20,100,"Biryani,Andhra"
16499,Keventers - Milkshakes and Desserts,"BTM,Bangalore",4.1,100,300,"Beverages,Ice Cream"
16501,Darjeeling Hot Momos,"BTM,Bangalore",4.3,500,150,Chinese
16504,Chaayos Chai+Snacks=Relax,"BTM,Bangalore",4.1,100,250,"Bakery,Beverages"
16506,Wrap World,"BTM,Bangalore",4.2,20,150,Snacks
16508,Kolkata Night Rolls,"BTM,Bangalore",3.5,20,150,Snacks
16512,Kuttanadu,"BTM,Bangalore",3.0,50,250,"Chinese,South Indian"
16517,TEXAS BURGERS,"BTM,Bangalore",3.9,500,300,"American,Desserts"
16522,Bansuri Sweets,"BTM,Bangalore",3.9,50,150,Desserts
16524,DINESH DA DHABA,"BTM,Bangalore",3.9,20,150,"North Indian,Chinese"
16527,Cupcake Bliss Cakes & Desserts,"BTM,Bangalore",4.0,50,200,"Bakery,Desserts"
16530,Call Me Chow,"BTM,Bangalore",4.2,1000,400,"Chinese,Pan-Asian"
16533,Bowl 99,"BTM,Bangalore",3.1,20,200,"South Indian,North Indian"
16534,Bakasura,"BTM,Bangalore",4.0,20,250,"Chinese,Biryani"
16535,Between the Bread,"BTM,Bangalore",4.1,100,400,"Snacks,Indian"
16539,Dairy Day Ice Creams,"BTM,Bangalore",4.7,100,200,"Ice Cream,Desserts"
16540,Si Pizza,"BTM,Bangalore",3.5,20,300,"Italian,Fast Food"
16542,Pure Veg Meals by Lunchbox,"BTM,Bangalore",3.8,20,200,"North Indian,Desserts"
16545,Sweet Truth - Cake and Desserts,"BTM,Bangalore",4.3,20,450,"Ice Cream,Bakery"
16546,Faasos - Wraps & Rolls,"BTM,Bangalore",4.3,100,200,"Fast Food,Snacks"
16547,Oven Story Pizza,"BTM,Bangalore",3.8,100,400,Pizzas
16549,Behrouz Biryani,"BTM,Bangalore",4.3,100,500,"Biryani,Mughlai"
16551,CultExpress,"BTM,Bangalore",4.3,20,250,"Juices,Healthy Food"
16554,New Chawla Chicken,"BTM,Bangalore",2.8,20,400,"Chinese,Indian"
16556,Puliyogare Palace,"BTM,Bangalore",2.4,20,200,South Indian
16559,Gongura's,"BTM,Bangalore",3.5,100,100,"Andhra,Biryani"
16560,TENDER COCONUT,"BTM,Bangalore",4.3,20,200,Juices
16564,Chinese Bowl,"BTM,Bangalore",4.2,100,400,"Chinese,Thai"
16567,Keventers Ice Cream,"BTM,Bangalore",4.0,50,300,"Ice Cream,Desserts"
16568,Ultimate Punjabi,"BTM,Bangalore",4.1,1000,400,"Chinese,Tandoor"
16570,Kolkata Lazeez Biryani,"BTM,Bangalore",3.8,100,300,"Biryani,Indian"
16573,SMOOR,"BTM,Bangalore",4.4,100,350,"Desserts,Bakery"
16574,Hot Red Chilli,"BTM,Bangalore",3.9,20,600,"Indian,Chinese"
16576,NAMASTE INDIA,"BTM,Bangalore",4.0,50,300,"North Indian,South Indian"
16582,Choi choi Momos,"BTM,Bangalore",4.0,20,200,North Indian
16585,La Pino'z Pizza,"BTM,Bangalore",4.0,1000,250,"Pizzas,Italian"
16586,Ashirvaad Grand,"BTM,Bangalore",4.3,100,200,"Chinese,South Indian"
16589,Zomoz - The Momo Company,"BTM,Bangalore",4.0,50,250,"Tibetan,Chinese"
16591,Waffle Head,"BTM,Bangalore",3.9,50,300,"Desserts,Beverages"
16595,AMBUR DUM BIRIYANI,"BTM,Bangalore",2.6,20,250,Biryani
16596,Captain Olive,"BTM,Bangalore",4.0,500,200,"American,Beverages"
16599,Don Vito Pizza,"BTM,Bangalore",2.8,20,200,"Fast Food,Pizzas"
16601,Malnad Donne Biriyani MDB,"BTM,Bangalore",3.9,500,199,"Biryani,Attractive Combos Available"
16602,Polamma's Mess,"BTM,Bangalore",4.4,100,250,"Indian,Biryani"
16603,Bangalore Dessert Company,"BTM,Bangalore",3.8,50,350,"Desserts,Bakery"
16605,ROTI SABJI.COM,"BTM,Bangalore",3.9,100,200,"Rajasthani,North Indian"
16606,Amrutha Mess Ela Mess,"BTM,Bangalore",4.2,100,280,"South Indian,Biryani"
16607,Kota Kachori And Falahaar,"BTM,Bangalore",4.0,500,150,"North Indian,Snacks"
16608,Madurai Parotta House,"BTM,Bangalore",2.7,100,250,"South Indian,Chinese"
16613,Indiana Burgers,"BTM,Bangalore",4.1,50,150,"American,Fast Food"
16616,Sandwich Pro,"BTM,Bangalore",3.8,20,200,"Snacks,Beverages"
16618,Snakiez,"BTM,Bangalore",3.5,20,150,"Snacks,Juices"
16621,Gelato Italiano,"BTM,Bangalore",4.1,20,150,Desserts
16627,Mad Over Donuts,"BTM,Bangalore",4.2,100,200,"Desserts,Sweets"
16629,Lassi Shop,"BTM,Bangalore",3.4,20,150,"Desserts,Beverages"
16631,Mandarin Express,"BTM,Bangalore",4.4,20,400,"Chinese,Snacks"
16632,Aligarh House by EatFit,"BTM,Bangalore",4.0,100,400,"Biryani,Mughlai"
16633,Elite Mess,"BTM,Bangalore",4.2,100,250,"North Indian,South Indian"
16641,Chopstick,"BTM,Bangalore",4.0,1000,350,"Chinese,Thai"
16650,SRI AAKASH PANJABI DHABA,"BTM,Bangalore",4.1,100,300,"Punjabi,North Indian"
16652,Rajasthani Taj restaurant,"BTM,Bangalore",2.8,100,200,"North Indian,Beverages"
16660,The Waffling Station,"BTM,Bangalore",4.5,50,250,"Waffle,Desserts"
16661,Maggi N Maggi House,"BTM,Bangalore",3.7,100,100,"Chinese,Beverages"
16662,T'ART,"BTM,Bangalore",3.8,50,750,"Bakery,Desserts"
16663,Taste of malabar,"BTM,Bangalore",4.1,500,230,Kerala
16665,Bhaijan's Biryani,"BTM,Bangalore",4.1,20,399,"Biryani,Kebabs"
16668,Namma Madurai Militri,"BTM,Bangalore",4.1,50,300,"Biryani,Kebabs"
16671,Kanti Sweets,"BTM,Bangalore",4.4,100,100,Sweets
16672,What A Food,"BTM,Bangalore",4.0,50,300,"North Indian,Chinese"
16674,Burger King,"BTM,Bangalore",4.0,1000,350,American
16676,SMOQUE,"BTM,Bangalore",4.4,20,250,"North Indian,Lucknowi"
16686,Night Restro,"BTM,Bangalore",3.5,20,400,"Chinese,Desserts"
16693,ESCOBAR PANINI s,"BTM,Bangalore",5.0,20,350,"Fast Food,Beverages"
16695,Milkshake and Lassi,"BTM,Bangalore",3.3,20,150,"Juices,Beverages"
16697,Eat n Drink,"BTM,Bangalore",4.4,20,200,"Indian,Italian"
16698,Mels SubHub,"BTM,Bangalore",5.0,20,350,"Fast Food,Beverages"
16700,Amma's Pastries,"BTM,Bangalore",4.4,50,350,"Bakery,Desserts"
16702,Knight Ryders,"BTM,Bangalore",2.9,20,150,"North Indian,Tandoor"
16703,Maggi Hut,"BTM,Bangalore",3.6,50,200,North Indian
16707,SAVOURY SEASHELL RESTAURANT,"BTM,Bangalore",4.2,100,300,"Biryani,Mughlai"
16709,Yumlane Pizza,"BTM,Bangalore",4.8,20,300,"Pizzas,Beverages"
16710,BEB-Best English Breakfast,"BTM,Bangalore",4.1,50,250,American
16711,Roti-Wala,"BTM,Bangalore",4.2,1000,200,"North Indian,Home Food"
16715,Jagannath Food Corner,"BTM,Bangalore",3.9,100,250,North Indian
16718,Slurpy Shakes,"BTM,Bangalore",4.4,20,150,"Beverages,Ice Cream"
16719,EXPRESS BY AB'S,"BTM,Bangalore",3.5,20,400,"Biryani,North Indian"
16721,The Good Bowl,"BTM,Bangalore",4.1,50,400,"North Indian,Punjabi"
16722,Gowdas Nati Cafe,"BTM,Bangalore",4.0,100,250,"Indian,South Indian"
16726,Sri Vishnu Park,"BTM,Bangalore",4.1,100,250,"Indian,South Indian"
16727,Madurai idly Shop,"BTM,Bangalore",3.9,500,150,South Indian
16728,Midnight Rolls,"BTM,Bangalore",4.0,100,150,Fast Food
16730,Budget Saapadu,"BTM,Bangalore",2.7,20,200,"Biryani,Chinese"
16736,Bathinda Junction,"BTM,Bangalore",4.0,100,250,North Indian
16737,Amontron,"BTM,Bangalore",4.0,100,500,"Bengali,Chinese"
16738,Boston Barista - Kappayum Curriyum,"BTM,Bangalore",3.6,50,180,"Kerala,South Indian"
16739,Taco Bell,"BTM,Bangalore",4.2,500,300,Mexican
16741,High N Hungry,"BTM,Bangalore",3.9,50,350,"Fast Food,Chinese"
16742,New Udupi Grand,"BTM,Bangalore",3.8,20,200,"South Indian,Chinese"
16747,RJ 14 Kitchen,"BTM,Bangalore",3.5,20,150,North Indian
16750,McDonald's,"BTM,Bangalore",4.2,1000,400,"Burgers,Beverages"
16760,Momo Rice Noodles,"BTM,Bangalore",3.6,50,550,"Chinese,Thai"
16761,Cakes N cookies junction,"BTM,Bangalore",4.4,20,200,"Indian,Desserts"
16763,Kingsmen Coffee,"BTM,Bangalore",4.1,100,200,"French,Continental"
16765,Sundae Everyday Ice Creams,"BTM,Bangalore",3.9,20,150,"Desserts,Ice Cream"
16767,New South Corner,"BTM,Bangalore",4.3,100,250,"South Indian,North Indian"
16768,Sri Lakshmi Dhaba,"BTM,Bangalore",2.5,50,200,North Indian
16772,Ovenly Paratha,"BTM,Bangalore",4.7,20,250,"North Indian,Punjabi"
16773,New Punjabi Hotel,"BTM,Bangalore",3.6,100,160,North Indian
16776,Hotel Godavari,"BTM,Bangalore",3.9,100,400,"North Indian,Chinese"
16780,Meat and Eat,"BTM,Bangalore",4.0,100,300,Fast Food
16781,Just Bake - Cakes & confectioners,"BTM,Bangalore",4.3,100,300,"Desserts,Bakery"
16782,Chai Days,"BTM,Bangalore",4.3,100,250,"Bakery,Combo"
16785,Chinese Panda,"BTM,Bangalore",4.1,100,350,"Chinese,Thai"
16793,Coastal Mama,"BTM,Bangalore",4.4,100,400,"Seafood,Mangalorean"
16795,C. K. Mega Hot Food,"BTM,Bangalore",4.0,100,350,Chinese
16797,Biryani Master,"BTM,Bangalore",4.0,20,350,Biryani
16798,Smoodies & Juices: Yours Fruitfully,"BTM,Bangalore",4.2,20,140,"Snacks,Healthy Food"
16804,BTC ( Bathinda Thali Company),"BTM,Bangalore",3.6,20,180,"Chinese,North Indian"
16808,Kannur food kitchen,"BTM,Bangalore",3.8,1000,200,"Kerala,Biryani"
16809,Donne Biryani Mandi,"BTM,Bangalore",3.3,100,150,"Biryani,Andhra"
16812,Donne Biryani Naati Style (Since 1998),"BTM,Bangalore",3.0,20,100,"Biryani,Andhra"
16815,Afghani Tandoori Hub,"BTM,Bangalore",3.3,100,250,"Biryani,Chinese"
16817,Starbucks Coffee,"BTM,Bangalore",4.0,50,400,Beverages
16819,A2B Veg,"BTM,Bangalore",4.3,1000,300,"South Indian,North Indian"
16823,Say Noodles,"BTM,Bangalore",4.1,100,300,"Chinese,Thai"
16825,Pathaan Sir,"BTM,Bangalore",4.0,100,300,Fast Food
16826,Momogato,"BTM,Bangalore",4.2,20,300,"Chinese,Pan-Asian"
16829,CLAY N SPICES FAMILY RESTAURANT,"BTM,Bangalore",4.2,20,300,"North Indian,Chinese"
16832,Nandi chats bhandar,"BTM,Bangalore",4.2,100,150,Indian
16833,Maach Misti And More,"BTM,Bangalore",4.0,50,500,"Afghani,Bengali"
16837,Rajasthani Tadka Wala,"BTM,Bangalore",3.8,20,150,"Thalis,North Indian"
16839,Chinese Trail,"BTM,Bangalore",4.1,100,350,"Chinese,Thai"
16840,calicut cafe restaurant,"BTM,Bangalore",3.7,100,280,"Kerala,Beverages"
16843,Hoskote Donne Biryani,"BTM,Bangalore",3.2,20,150,"Biryani,Andhra"
16845,World Wide Breakfast,"BTM,Bangalore",3.8,50,300,Combo
16851,GULSHAN KA DHABA,"BTM,Bangalore",3.3,20,150,Indian
16854,HYDERABAD MAGIC,"BTM,Bangalore",4.0,100,300,"Andhra,Biryani"
16856,Just Sandwich,"BTM,Bangalore",4.1,20,200,Continental
16857,Gudbud,"BTM,Bangalore",4.3,100,300,"Ice Cream,Desserts"
16858,89 Express Dhaba,"BTM,Bangalore",3.5,20,89,"North Indian,Rajasthani"
16861,Falhari- A fruitful Habit,"BTM,Bangalore",3.9,1000,300,"Salads,Juices"
16865,New Kabab Plaza,"BTM,Bangalore",4.4,50,500,"North Indian,Tandoor"
16869,Beijing Bites,"BTM,Bangalore",4.2,100,450,"Chinese,Thai"
16876,Sai ram hot chips,"BTM,Bangalore",4.5,50,199,"Snacks,Beverages"
16878,HRX by Eatfit,"BTM,Bangalore",5.0,20,270,"Healthy Food,Pizzas"
16881,Momoz,"BTM,Bangalore",4.1,1000,350,"Chinese,Thai"
16885,GHAR WALA KHANA,"BTM,Bangalore",3.6,20,150,Indian
16887,Garden Fresh,"BTM,Bangalore",4.3,100,200,"Beverages,Healthy Food"
16889,SLAY Coffee,"BTM,Bangalore",4.1,100,200,"Beverages,Desserts"
16892,Mr Tea,"BTM,Bangalore",4.1,20,200,"Snacks,Indian"
16893,Bijing Szechuan dragon,"BTM,Bangalore",2.3,20,300,"Chinese,North Indian"
16901,Punjab Xpress,"BTM,Bangalore",3.8,20,250,North Indian
16905,Laddoos,"BTM,Bangalore",4.1,100,200,"North Indian,Chaat"
16909,CHETTINAD FOOD HOUSE,"BTM,Bangalore",4.0,100,200,Indian
16911,Call A Cake,"BTM,Bangalore",3.7,100,300,Desserts
16912,Tasty Shawarma Rolls,"BTM,Bangalore",2.9,20,250,Indian
16915,MY CAKE AND MORE,"BTM,Bangalore",4.2,20,200,"Bakery,Desserts"
16916,The Biryani Zone - By Kouzina,"BTM,Bangalore",3.3,20,150,Biryani
16918,"No Sugar Please, Sweets & Juices","BTM,Bangalore",4.4,100,200,"Beverages,Keto"
16922,Shanghai House,"BTM,Bangalore",4.1,50,300,"Chinese,Thai"
16927,Sharief Bhai,"BTM,Bangalore",3.8,500,400,"Biryani,North Indian"
16929,Omelette Chef,"BTM,Bangalore",3.8,20,200,"Fast Food,Snacks"
16932,Tikka kebeb express,"BTM,Bangalore",3.9,20,250,"Tandoor,Chinese"
16936,Hotel Aradhana,"BTM,Bangalore",3.7,20,250,South Indian
16938,Fiero! Pizzeria,"BTM,Bangalore",4.1,100,400,"Pizzas,Italian"
16939,Uppu Khara,"BTM,Bangalore",3.9,100,150,"South Indian,Indian"
16947,Cafe Noir,"BTM,Bangalore",4.2,100,600,"European,Italian"
16956,Paratha Box by EatFit,"BTM,Bangalore",4.4,100,250,"North Indian,Punjabi"
16960,five star new ambur biriyani,"BTM,Bangalore",3.3,100,200,South Indian
16961,Dilli Wali Thali,"BTM,Bangalore",3.2,20,250,"North Indian,Chinese"
16962,Dev's Gugababa,"BTM,Bangalore",3.0,20,250,"North Indian,Chinese"
16963,Gyaani Da Punjabi Dhaba,"BTM,Bangalore",4.0,100,500,North Indian
16966,Trattoria By Toscano,"BTM,Bangalore",3.9,50,600,"Italian,Pizzas"
16969,BOX8 - Desi Meals,"BTM,Bangalore",4.1,500,250,"North Indian,Biryani"
16970,Biryani Crafts,"BTM,Bangalore",4.0,100,250,"Biryani,North Indian"
16973,Samosa Adda,"BTM,Bangalore",4.1,20,200,"Snacks,Chaat"
16974,Brik Oven,"BTM,Bangalore",4.3,100,700,"Italian,Pizzas"
16979,Thakali Momos,"BTM,Bangalore",4.1,20,300,"Chinese,Thalis"
16981,NEW Mahesh friends food center,"BTM,Bangalore",2.8,500,200,"Chinese,North Indian"
16995,Biryani Khazana,"BTM,Bangalore",3.6,20,400,Biryani
16996,Hiyar Majhe Kolkata,"BTM,Bangalore",4.1,500,300,"North Indian,Bengali"
16997,Bengali Fun Foods,"BTM,Bangalore",4.2,1000,300,North Indian
16999,Madeena Hotel,"BTM,Bangalore",4.1,1000,250,"Indian,Biryani"
17001,Hokart - Kolkata Katti King Roll,"BTM,Bangalore",3.9,20,150,"Street Food,Snacks"
17002,Vaigai Vilas,"BTM,Bangalore",3.1,50,250,"Biryani,Andhra"
17004,Sri Udupi Sagar,"BTM,Bangalore",4.2,100,150,"South Indian,North Indian"
17005,CAKE DIES,"BTM,Bangalore",3.6,20,200,Bakery
17007,Cochin Cafe,"BTM,Bangalore",3.3,100,200,Indian
17009,Gorbandh Sweets & Snacks,"BTM,Bangalore",4.0,100,200,"Thalis,Sweets"
17013,Hotel Navya foods,"BTM,Bangalore",4.0,100,250,"Chinese,Tandoor"
17023,The Brooklyn Creamery - Healthy Ice Cream,"BTM,Bangalore",4.7,20,200,"Desserts,Ice Cream"
17034,Third Wave Coffee,"BTM,Bangalore",4.7,100,400,"Beverages,Bakery"
17036,GHAR KA KHANA,"BTM,Bangalore",4.5,50,250,"North Indian,Chinese"
17037,Juices Zone,"BTM,Bangalore",3.1,20,300,Beverages
17038,Taato Peero Momos,"BTM,Bangalore",4.5,100,250,"Tibetan,Nepalese"
17039,Poha House,"BTM,Bangalore",4.0,50,120,"Indian,Snacks"
17043,StuffWala,"BTM,Bangalore",4.4,20,250,"South Indian,Snacks"
17045,Itminaan Biryani - Dum Pukht,"BTM,Bangalore",4.1,20,400,"Biryani,North Indian"
17051,Swad Punjab da,"BTM,Bangalore",4.2,100,250,"Thalis,North Indian"
17052,Punjabi Swag,"BTM,Bangalore",3.7,100,400,"Punjabi,North Indian"
17053,Punjabi Chulha,"BTM,Bangalore",3.8,20,150,"Chinese,North Indian"
17054,Holy Smoke,"BTM,Bangalore",3.9,100,300,"Arabian,Mughlai"
17060,Biryani Trip,"BTM,Bangalore",4.1,100,400,"Biryani,Hyderabadi"
17062,CakeZone,"BTM,Bangalore",4.1,500,200,"Desserts,Bakery"
17063,Kaati Zone Rolls & Wraps,"BTM,Bangalore",4.2,100,150,"Fast Food,Beverages"
17064,Nanna Munna Paratha House,"BTM,Bangalore",3.7,50,300,"North Indian,Biryani"
17065,PAHARGANJ KE CHOLE BHATURE,"BTM,Bangalore",4.0,20,220,"North Indian,Snacks"
17066,Cardamom Ghar ka Swad,"BTM,Bangalore",4.0,50,150,Indian
17068,Eat at kannur,"BTM,Bangalore",2.7,100,200,"Chinese,Indian"
17071,Tandoori Merchant,"BTM,Bangalore",4.1,500,100,"Andhra,Biryani"
17073,Thalassery Cafe,"BTM,Bangalore",4.1,100,100,"Kerala,Snacks"
17074,Renjz Kitchen,"BTM,Bangalore",4.1,50,250,Indian
17079,Dil Punjabi,"BTM,Bangalore",4.0,100,300,"North Indian,Punjabi"
17087,Bake and Juice,"BTM,Bangalore",3.7,100,300,"Biryani,Arabian"
17088,Andhra Meal Company,"BTM,Bangalore",4.6,20,200,"Andhra,South Indian"
17092,Andhra Gunpowder,"BTM,Bangalore",4.2,1000,350,"Andhra,Biryani"
17098,CHICKPET DONNE BIRIYANI HOUSE,"BTM,Bangalore",3.7,50,300,"Biryani,South Indian"
17099,The Fruit Bowl,"BTM,Bangalore",4.1,100,200,Healthy Food
17100,BANGARPET CHATS BTM 2nd Stage,"BTM,Bangalore",4.3,100,100,"Street Food,Chaat"
17102,Layerbite Cakes,"BTM,Bangalore",4.3,50,200,"Bakery,Desserts"
17107,Biryani Blues,"BTM,Bangalore",4.2,100,400,"Biryani,Hyderabadi"
17110,Oven Theory Pizza - OTP,"BTM,Bangalore",3.8,50,300,"Pizzas,Beverages"
17112,Qmin,"BTM,Bangalore",4.1,100,200,"Beverages,Bakery"
17115,Cupcake Noggins - Vintage Patisserie,"BTM,Bangalore",3.4,20,200,"Desserts,Snacks"
17117,Rotti Mane,"BTM,Bangalore",3.2,20,200,Continental
17118,King Punjabi Restaurant.,"BTM,Bangalore",4.0,50,300,"Beverages,Chinese"
17119,Muthashy's,"BTM,Bangalore",4.2,1000,300,"Chinese,South Indian"
17123,Gourmand,"BTM,Bangalore",3.6,50,500,"Chinese,Asian"
17127,Abhiruchi Hotel,"BTM,Bangalore",3.5,50,250,"Chinese,Hyderabadi"
17130,Bhavani Chats,"BTM,Bangalore",3.8,50,250,"North Indian,Chaat"
17131,Sheenz Kitchenz,"BTM,Bangalore",4.5,50,150,South Indian
17133,biryani tub,"BTM,Bangalore",3.5,20,200,Biryani
17136,WarmOven Cakes & Desserts,"BTM,Bangalore",3.9,100,200,"Bakery,Desserts"
17139,Kabab magic,"BTM,Bangalore",3.8,100,300,"Chinese,South Indian"
17140,ROTI WALI,"BTM,Bangalore",4.1,50,250,North Indian
17142,Savoury - Sea Shell Restaurant,"BTM,Bangalore",4.0,500,600,"Biryani,Mughlai"
17143,Donne Biryani,"BTM,Bangalore",3.7,500,100,"Biryani,Andhra"
17147,VINU COORGU PORK HOTEL,"BTM,Bangalore",4.2,20,300,"European,Snacks"
17148,Maggi Arcanum,"BTM,Bangalore",4.9,20,200,Chinese
17150,Pizza Junction,"BTM,Bangalore",5.0,20,250,Pizzas
17154,Temperature,"BTM,Bangalore",4.0,100,200,"Desserts,Chaat"
17158,Bachelor's Kitchen,"BTM,Bangalore",4.1,50,250,"South Indian,Juices"
17161,Chefmaster,"BTM,Bangalore",3.9,100,300,"South Indian,Kerala"
17166,Tasty Restaurant,"BTM,Bangalore",3.1,20,400,"Indian,Chinese"
17169,Vadilal Ice Cream,"BTM,Bangalore",3.8,50,200,"Ice Cream,Desserts"
17174,Rampyari Chaiwala Netaji Bhajiawala,"BTM,Bangalore",4.2,100,100,"Indian,Snacks"
17177,SLV MULBAGAL DOSA,"BTM,Bangalore",3.0,20,200,South Indian
17178,Hungry bird,"BTM,Bangalore",3.7,50,250,"Andhra,Biryani"
17179,Burger Twist,"BTM,Bangalore",3.8,50,200,"Desserts,Beverages"
17181,Uncle Peters Pancakes,"BTM,Bangalore",4.2,100,300,"Snacks,Beverages"
17182,Pizza O'Clock,"BTM,Bangalore",4.5,20,298,"Pizzas,Fast Food"
17183,Juice Truk,"BTM,Bangalore",3.8,50,80,Juices
17186,Food Ford Kitchen,"BTM,Bangalore",4.2,20,199,"Indian,Pastas"
17187,Pedro English,"BTM,Bangalore",4.3,50,300,"Fast Food,Snacks"
17189,Paris Waffle Co.,"BTM,Bangalore",3.7,100,300,"Bakery,Desserts"
21131,SGS Non Veg Gundu Palav - Chandapura,"Electronic City,Bangalore",4.0,100,300,"Biryani,South Indian"
21133,The Dessert Zone,"Electronic City,Bangalore",3.9,50,200,"Bakery,Desserts"
21135,Bangaliana,"Electronic City,Bangalore",4.1,100,500,Bengali
21137,Pallavi Restaurant Authentic taste from Gulbarga,"Electronic City,Bangalore",4.2,500,200,"North Indian,South Indian"
21138,Pure Veg Meals by Lunchbox,"Electronic City,Bangalore",4.0,20,200,"North Indian,Desserts"
21139,ZAZA 22 Spice Biryani,"Electronic City,Bangalore",3.0,20,250,"Biryani,North Indian"
21142,Dash of delite,"Electronic City,Bangalore",3.9,20,500,"Indian,Chinese"
21143,Vijaywadawari Andhra Mess,"Electronic City,Bangalore",4.3,20,300,"Fast Food,Andhra"
21145,The Chinese Bowl,"Electronic City,Bangalore",4.2,20,200,Chinese
21147,PICK A CHICK,"Electronic City,Bangalore",4.1,20,350,"North Indian,Fast Food"
21155,Mainland China,"Electronic City,Bangalore",4.3,50,850,"Chinese,Asian"
21157,Oh! Calcutta,"Electronic City,Bangalore",4.0,100,800,Bengali
21158,Asia Kitchen By Mainland China,"Electronic City,Bangalore",4.6,20,850,"Asian,Chinese"
21160,Haka,"Electronic City,Bangalore",4.2,50,350,"Chinese,Asian"
21163,Kerala Note Book,"Electronic City,Bangalore",3.3,20,350,"Kerala,Biryani"
21164,HOTEL RK GARDENIA,"Electronic City,Bangalore",3.9,20,200,"North Indian,Biryani"
21165,Mr Meetha Ram,"Electronic City,Bangalore",3.7,100,500,"North Indian,Chinese"
21169,Keventers Ice Cream,"Electronic City,Bangalore",4.3,20,200,"Ice Cream,Desserts"
21171,DVG Benne Dosa,"Electronic City,Bangalore",4.0,50,100,South Indian
21175,Desi Dhaba,"Electronic City,Bangalore",3.6,500,350,North Indian
21177,Pastas By Pizza Hut,"Electronic City,Bangalore",4.0,100,300,"Pastas,Pizzas"
21180,The Pizza Bakery,"Electronic City,Bangalore",4.0,100,700,"Pizzas,Pastas"
21181,Northern Bhatti Restaurant,"Electronic City,Bangalore",3.9,20,300,"Chinese,Snacks"
21183,Thani Kerala Hotel,"Electronic City,Bangalore",3.9,100,200,"Kerala,South Indian"
21184,Bombay Kulfi,"Electronic City,Bangalore",4.5,20,150,"Desserts,Ice Cream"
21189,Burger King,"Electronic City,Bangalore",3.8,1000,350,American
21192,Paradise Delicious 2,"Electronic City,Bangalore",3.1,20,300,"North Indian,Chinese"
21193,Iyengars Oven Fresh,"Electronic City,Bangalore",4.1,100,200,"Bakery,Desserts"
21195,Foodies Family restaurant,"Electronic City,Bangalore",3.3,50,250,"Indian,Thai"
21200,Polar Bear,"Electronic City,Bangalore",4.4,100,250,"Ice Cream,Desserts"
21201,RNR Biryani - Taste of 1953,"Electronic City,Bangalore",4.3,500,350,"Biryani,South Indian"
21206,Ruposhi Bangla,"Electronic City,Bangalore",3.5,20,240,"Bengali,Indian"
21208,Oye Hoye (100% Veg),"Electronic City,Bangalore",4.1,20,200,North Indian
21209,SMOOR,"Electronic City,Bangalore",4.3,100,350,"Desserts,Bakery"
21216,Seasons,"Electronic City,Bangalore",4.2,500,300,"North Indian,Chinese"
21217,Dock Frost'd -Ice Cream & Milkshakes,"Electronic City,Bangalore",4.5,20,250,"Desserts,Ice Cream"
21220,HBH Hyderabadi Biryani House,"Electronic City,Bangalore",3.4,50,350,Biryani
21222,Garhwali Tadka,"Electronic City,Bangalore",4.2,100,400,Indian
21225,The Momo Co.,"Electronic City,Bangalore",4.0,20,250,"Chinese,Pan-Asian"
21229,Bombay Kulfis,"Electronic City,Bangalore",4.5,100,100,"Desserts,Ice Cream"
21231,Kolkata Biryani Kabab Factory,"Electronic City,Bangalore",1.9,20,400,"Biryani,Tandoor"
21232,A2B Veg,"Electronic City,Bangalore",4.1,1000,300,"South Indian,North Indian"
21233,MiMi Takeout by Taiki,"Electronic City,Bangalore",4.3,50,850,"Chinese,Asian"
21234,EatFit,"Electronic City,Bangalore",4.0,500,270,"Healthy Food,Pizzas"
21236,KFC,"Electronic City,Bangalore",3.8,500,400,"American,Snacks"
21251,Popular MOMO,"Electronic City,Bangalore",3.8,20,150,"Chinese,Fast Food"
21254,Sitara Veg,"Electronic City,Bangalore",4.2,1000,200,"South Indian,North Indian"
21257,Fishing Boat,"Electronic City,Bangalore",4.1,100,350,"North Indian,Biryani"
21261,SHOIAB FAMILY RESTAURANT,"Electronic City,Bangalore",3.5,50,300,Indian
21262,UTTAR KARNATAKA KHANAVALI,"Electronic City,Bangalore",4.3,20,90,"South Indian,Indian"
21266,LunchBox - Meals and Thalis,"Electronic City,Bangalore",4.2,100,200,"North Indian,Punjabi"
21268,Aahaar Veg,"Electronic City,Bangalore",4.1,100,150,"South Indian,North Indian"
21269,ITC Master Chef Creations,"Electronic City,Bangalore",4.3,100,650,"North Indian,Biryani"
21270,ITC Sunfeast Baked Creations,"Electronic City,Bangalore",4.4,100,600,"Bakery,Desserts"
21272,Vadilal Ice Cream,"Electronic City,Bangalore",4.0,20,200,"Ice Cream,Desserts"
21276,Lassi Adda,"Electronic City,Bangalore",3.5,20,200,"Beverages,Fast Food"
21278,HOTEL NEW KARAVALI,"Electronic City,Bangalore",3.6,20,300,"South Indian,Chinese"
21285,Mani's Dum Biryani,"Electronic City,Bangalore",4.2,500,300,Biryani
21292,Maa Tara Hotel,"Electronic City,Bangalore",3.9,20,300,"North Indian,Bihari"
21293,Shanmukha Restaurant,"Electronic City,Bangalore",4.2,20,300,"Biryani,Hyderabadi"
21294,Hotel Ruchir - The Grand,"Electronic City,Bangalore",3.3,20,500,"Beverages,Chinese"
21295,Boozy Bakes,"Electronic City,Bangalore",4.4,20,120,"Bakery,Desserts"
21297,SRI  VARU  TIFFEN  CENTRE,"Electronic City,Bangalore",4.2,100,200,South Indian
21298,Heaven In a Jar,"Electronic City,Bangalore",4.1,20,120,"Bakery,Desserts"
21299,Fudgebob,"Electronic City,Bangalore",3.5,20,120,"Bakery,Desserts"
21301,shilpa kitchens,"Electronic City,Bangalore",3.6,20,300,"Indian,Chinese"
21304,46 Ounces Brewgarden,"Electronic City,Bangalore",4.0,20,999,"North Indian,Tandoor"
21305,PUNJAB KI RASOI,"Electronic City,Bangalore",3.2,20,300,"North Indian,Punjabi"
21309,XPREES DHABA,"Electronic City,Bangalore",3.4,20,300,Punjabi
21310,BOMBAY 2 DELHI,"Electronic City,Bangalore",4.0,50,200,"Snacks,Chaat"
21311,Chai Point,"Electronic City,Bangalore",4.4,100,150,"Bakery,Beverages"
21312,SRI RAGHAVENDRA UPAHARA,"Electronic City,Bangalore",3.8,20,250,"South Indian,North Indian"
21313,Nandanam Restaurant,"Electronic City,Bangalore",3.9,500,400,"Kerala,Biryani"
21314,Nandhana Palace,"Electronic City,Bangalore",3.9,500,500,"Biryani,Andhra"
21316,Kwality Walls Frozen Dessert and Ice Cream Shop,"Electronic City,Bangalore",4.4,50,200,"Ice Cream,Desserts"
21318,Chinese Wok (Wok Express),"Electronic City,Bangalore",3.9,100,250,"Chinese,Asian"
21321,Shakeshack,"Electronic City,Bangalore",4.2,20,120,"Bakery,Desserts"
21325,The Bread House,"Electronic City,Bangalore",3.9,100,200,"Pizzas,Burgers"
21326,Lassi Corner,"Electronic City,Bangalore",3.8,100,100,"Beverages,Desserts"
21327,The Punjabi Rasoi,"Electronic City,Bangalore",4.0,500,250,"North Indian,Punjabi"
21332,Biryani By Kilo,"Electronic City,Bangalore",4.1,100,500,"Biryani,Hyderabadi"
21333,Shankar's Kitchen,"Electronic City,Bangalore",4.2,50,500,"Indian,Chinese"
21337,Shakes and Bites,"Electronic City,Bangalore",3.7,50,250,"Desserts,Ice Cream"
21340,Fire Station,"Electronic City,Bangalore",4.0,100,500,"Chinese,South Indian"
21343,Hyderabad Magic,"Electronic City,Bangalore",3.8,100,300,"North Indian,Chinese"
21344,Dindigul Thalappakatti,"Electronic City,Bangalore",3.6,100,600,"Biryani,Barbecue"
21346,Kitchens of China,"Electronic City,Bangalore",4.1,100,450,"Chinese,Combo"
21347,ONE BITE,"Electronic City,Bangalore",4.2,20,250,"Beverages,Pizzas"
21348,Firangi Bake,"Electronic City,Bangalore",4.6,50,400,"Italian,Mexican"
21352,Pizza Hut,"Electronic City,Bangalore",3.8,100,350,Pizzas
21355,NOTO - Healthy Ice Cream,"Electronic City,Bangalore",4.3,50,300,"Ice Cream,Healthy Food"
21356,Kritunga,"Electronic City,Bangalore",3.8,100,400,Indian
21357,Five Star Chicken,"Electronic City,Bangalore",3.9,20,250,American
21361,McDonald's,"Electronic City,Bangalore",4.2,1000,400,"Burgers,Beverages"
21363,House Of Mandiness,"Electronic City,Bangalore",1.9,20,500,"Biryani,Hyderabadi"
21365,Snack House,"Electronic City,Bangalore",4.1,20,300,"Fast Food,Street Food"
21367,The Good Bowl,"Electronic City,Bangalore",3.6,20,400,"North Indian,Punjabi"
21369,Meisterwurst,"Electronic City,Bangalore",4.5,50,500,American
21370,Mad Over Donuts,"Electronic City,Bangalore",4.1,50,200,"Desserts,Sweets"
21377,Andhra Gunpowder,"Electronic City,Bangalore",4.1,500,350,"Andhra,Biryani"
21379,Subway,"Electronic City,Bangalore",4.2,500,350,"Salads,Snacks"
21380,Dande's Hyderabad Biryani,"Electronic City,Bangalore",3.6,20,350,"Biryani,Andhra"
21381,Momo Monk,"Electronic City,Bangalore",4.0,20,350,"Pan-Asian,Chinese"
21383,Paratha Box by EatFit,"Electronic City,Bangalore",3.9,50,250,"North Indian,Punjabi"
21384,SO- BUR,"Electronic City,Bangalore",4.5,50,300,"Fast Food,American"
21386,Sai Saagar,"Electronic City,Bangalore",4.2,50,200,South Indian
21387,MEGNA RESTAURANT,"Electronic City,Bangalore",2.3,50,300,Andhra
21392,Samosa Party,"Electronic City,Bangalore",4.1,100,150,"Chaat,North Indian"
21393,Balle Balle Kitchen,"Electronic City,Bangalore",3.8,20,250,"North Indian,Punjabi"
21395,Chicking,"Electronic City,Bangalore",3.5,100,400,"Fast Food,American"
21396,Paratha Envy,"Electronic City,Bangalore",4.3,50,249,North Indian
21398,New Punjabi Food Corner,"Electronic City,Bangalore",4.1,100,300,North Indian
21399,Adiga's,"Electronic City,Bangalore",3.8,100,250,"South Indian,North Indian"
21400,Only Punjabi,"Electronic City,Bangalore",4.0,20,200,"North Indian,Punjabi"
21402,THARAVADU MALABAR BIRYANI,"Electronic City,Bangalore",3.2,100,230,"Biryani,Kerala"
21403,Taco Bell,"Electronic City,Bangalore",4.0,100,300,Mexican
21405,BASMATI'S BRIYANI NATION,"Electronic City,Bangalore",3.4,20,300,"Biryani,Andhra"
21406,Truffles,"Electronic City,Bangalore",4.5,1000,350,"American,Beverages"
21407,Chandni Chowk,"Electronic City,Bangalore",3.6,20,150,"Snacks,North Indian"
21410,Cupcake Bliss Cakes & Desserts,"Electronic City,Bangalore",3.4,100,200,"Bakery,Desserts"
21412,Great Indian Khichdi by EatFit,"Electronic City,Bangalore",4.0,100,200,"Home Food,Indian"
21417,Just Fresh Point,"Electronic City,Bangalore",4.4,100,200,"Snacks,North Indian"
21419,Bowl 99,"Electronic City,Bangalore",4.9,20,200,"Indian,North Indian"
21420,Anjappar,"Electronic City,Bangalore",3.9,100,600,"Chettinad,Thalis"
21422,BANGARPET CHATS,"Electronic City,Bangalore",3.7,20,200,"Indian,Chaat"
21425,Baskin Robbins,"Electronic City,Bangalore",4.3,20,250,"Desserts,Ice Cream"
21431,Andhra speciality Restaurant,"Electronic City,Bangalore",4.0,20,200,"Andhra,North Indian"
21432,PUNJABI RESTAURANT PURE VEG,"Electronic City,Bangalore",3.8,20,300,North Indian
21434,Mast Punjabi,"Electronic City,Bangalore",3.3,20,350,"Mughlai,North Indian"
21436,Natural Ice Cream,"Electronic City,Bangalore",4.4,20,150,Ice Cream
21437,The Dessert Heaven - Pure Veg,"Electronic City,Bangalore",3.9,50,200,"Bakery,Desserts"
21440,UBQ by Barbeque Nation,"Electronic City,Bangalore",3.9,100,300,"North Indian,Barbecue"
21443,Biggies Burger,"Electronic City,Bangalore",4.1,500,300,"American,Fast Food"
21446,The Lassi Corner,"Electronic City,Bangalore",3.3,20,100,"Beverages,Desserts"
21448,BIB - English Breakfast in the Box,"Electronic City,Bangalore",3.8,100,400,"American,Continental"
21451,The Biryani Life,"Electronic City,Bangalore",3.7,50,250,"Biryani,Hyderabadi"
21452,R.B Food Point,"Electronic City,Bangalore",2.6,50,250,"Chinese,Indian"
21453,SLAY Coffee,"Electronic City,Bangalore",4.4,50,200,"Beverages,Desserts"
21458,GetAWhey - Healthy Ice creams.,"Electronic City,Bangalore",4.8,20,250,"Ice Cream,Healthy Food"
21460,SFC Garden & Restaurant,"Electronic City,Bangalore",3.7,100,300,"Biryani,Chinese"
21461,The Thick Shake Factory,"Electronic City,Bangalore",4.3,50,200,Beverages
21463,NEW PUNJABI TADKA,"Electronic City,Bangalore",4.3,100,350,"North Indian,Chinese"
21464,Wow! Momo,"Electronic City,Bangalore",4.1,100,300,"Tibetan,Healthy Food"
21467,The Daily Bowl,"Electronic City,Bangalore",4.1,20,250,"North Indian,Indian"
21474,Smoodies & Juices: Yours Fruitfully,"Electronic City,Bangalore",3.9,20,140,"Snacks,Healthy Food"
21480,Behrouz Biryani,"Electronic City,Bangalore",4.2,100,500,"Biryani,Mughlai"
21481,Oven Story Pizza,"Electronic City,Bangalore",3.7,100,400,Pizzas
21482,Faasos - Wraps & Rolls,"Electronic City,Bangalore",4.1,100,200,"Fast Food,Snacks"
21484,Rolls on Wheels,"Electronic City,Bangalore",4.3,20,200,Fast Food
21489,32 Degree,"Electronic City,Bangalore",4.2,50,300,"Juices,Snacks"
21492,Shiv Sagar,"Electronic City,Bangalore",4.3,100,500,"North Indian,South Indian"
21496,Breakfast Express,"Electronic City,Bangalore",4.3,500,200,"Continental,North Indian"
21498,"Frozen Bottle - Milkshakes, Desserts And Ice Cream","Electronic City,Bangalore",4.3,100,250,"Beverages,Desserts"
21499,Anugraha Milatri Hotel,"Electronic City,Bangalore",3.8,100,200,"Biryani,North Indian"
21500,Sweet Truth - Cake and Desserts,"Electronic City,Bangalore",4.2,20,450,"Ice Cream,Bakery"
21504,Waffl'd,"Electronic City,Bangalore",3.6,50,350,"Bakery,Desserts"
21512,Home Plate by EatFit,"Electronic City,Bangalore",3.7,50,160,"North Indian,Home Food"
21514,Nanda Gokula Family Restaurant,"Electronic City,Bangalore",4.1,20,200,Indian
21516,REDDY RESTAURANT,"Electronic City,Bangalore",3.9,20,300,"Chinese,North Indian"
21517,Fusion Bowl,"Electronic City,Bangalore",4.4,20,250,"North Indian,Indian"
21518,Thali Bukhara,"Electronic City,Bangalore",4.4,20,250,"Thalis,Indian"
21521,Sheesh's Family Restaurant,"Electronic City,Bangalore",3.5,20,300,"Biryani,Kebabs"
21522,CakeZone,"Electronic City,Bangalore",4.1,500,200,"Desserts,Bakery"
21523,AMBUR BIRIYANI,"Electronic City,Bangalore",3.5,100,250,"Indian,Chinese"
21527,TAAZA BIRYANI,"Electronic City,Bangalore",3.2,50,300,"Biryani,Indian"
21528,King,"Electronic City,Bangalore",3.6,100,250,"North Indian,Chinese"
21529,Snack O Time,"Electronic City,Bangalore",4.1,20,175,"Snacks,Fast Food"
21530,Mr. Tasty Chef,"Electronic City,Bangalore",3.6,20,250,"Tandoor,Biryani"
21533,Auntie Fung's,"Electronic City,Bangalore",4.1,100,600,"Chinese,Asian"
21535,Indian Burrito Company,"Electronic City,Bangalore",3.0,20,300,"Tex-Mex,Salads"
21539,Donne Biryani House,"Electronic City,Bangalore",3.5,50,300,"Biryani,South Indian"
21540,Swad E Punjab,"Electronic City,Bangalore",3.8,100,500,"Biryani,Mughlai"
21541,Davanagere Benne Dosa Ecity,"Electronic City,Bangalore",3.9,20,150,Fast Food
21543,Burger Zone,"Electronic City,Bangalore",3.8,20,300,North Indian
21545,Laddoos,"Electronic City,Bangalore",4.1,500,200,"North Indian,Chaat"
21551,Kataria's,"Electronic City,Bangalore",4.1,20,250,"Chinese,North Indian"
21553,Chai Resto,"Electronic City,Bangalore",4.2,100,150,"North Indian,Beverages"
21554,Ruchi Sagar,"Electronic City,Bangalore",4.0,100,299,"Chinese,Chaat"
21556,Sharief Bhai,"Electronic City,Bangalore",4.1,1000,400,"Biryani,North Indian"
21558,Sweet Chariot,"Electronic City,Bangalore",4.2,100,50,Desserts
21561,Starlit Suites,"Electronic City,Bangalore",3.9,20,300,"Biryani,Chinese"
21562,Hi Q Cafe,"Electronic City,Bangalore",3.6,20,300,Continental
21563,The Indian Samosa,"Electronic City,Bangalore",4.1,20,150,"North Indian,Beverages"
21564,PROTEEN CAFE,"Electronic City,Bangalore",3.6,20,400,"North Indian,Chinese"
21566,Wow Marathi,"Electronic City,Bangalore",4.0,50,300,"Maharashtrian,North Indian"
21568,New Paratha kitchen,"Electronic City,Bangalore",3.8,20,299,"Indian,Chinese"
21574,Dil Punjabi,"Electronic City,Bangalore",4.1,50,300,"North Indian,Thalis"
21578,Domino's Pizza,"Electronic City,Bangalore",4.0,100,400,Pizzas
21580,Sri Pillaiyar Bhavan pure veg,"Electronic City,Bangalore",4.1,100,150,Indian
21585,Zwarma,"Electronic City,Bangalore",3.3,20,160,"Lebanese,Grill"
21587,AL-BEK,"Electronic City,Bangalore",3.8,100,400,"Tandoor,Mughlai"
21589,Biryani Blues,"Electronic City,Bangalore",4.2,100,400,"Biryani,Hyderabadi"
21591,Eat 'N' Meet,"Electronic City,Bangalore",3.8,50,250,"North Indian,South Indian"
21592,IMPERIO COMBO KING,"Electronic City,Bangalore",3.5,20,250,"Biryani,North Indian"
21593,Basaveshwar Khanavali,"Electronic City,Bangalore",4.4,20,250,"Indian,Beverages"
21595,Donne biriyani grand,"Electronic City,Bangalore",3.9,100,200,Biryani
21597,Zomoz - The Momo Company,"Electronic City,Bangalore",4.1,50,250,"Tibetan,Chinese"
21600,The Brooklyn Creamery - Healthy Ice Cream,"Electronic City,Bangalore",4.7,20,200,"Desserts,Ice Cream"
21601,Mamaji PavBhaji,"Electronic City,Bangalore",5.0,20,250,"Street Food,Snacks"
21604,SCHEZWAN HUB,"Electronic City,Bangalore",3.6,20,300,"Chinese,Pan-Asian"
21605,Paradise Delicious,"Electronic City,Bangalore",3.1,20,199,Indian
21608,IMPERIO RESTAURANT,"Electronic City,Bangalore",3.7,100,300,"Biryani,Mughlai"
21617,Time Traveller - Sai Vishram,"Electronic City,Bangalore",4.2,50,700,"North Indian,South Indian"
21621,WHAT THE ALE?!,"Electronic City,Bangalore",4.3,20,550,"Pizzas,Indian"
21623,Meat and Eat,"Electronic City,Bangalore",4.0,20,300,"Seafood,Desserts"
21624,Indiyana Pizza,"Electronic City,Bangalore",3.4,20,350,"Pizzas,Italian"
21635,The Rasoiya Street,"Electronic City,Bangalore",4.0,100,500,"North Indian,Chinese"
21641,Paradise Biryani House,"Electronic City,Bangalore",2.2,50,400,"Biryani,North Indian"
21650,Karun Tummy,"Electronic City,Bangalore",3.5,20,300,"North Indian,Fast Food"
21653,The Pastry House,"Electronic City,Bangalore",4.2,20,250,Bakery
21654,SRI SAI NIDHI,"Electronic City,Bangalore",3.9,50,150,"South Indian,Indian"
21659,Unique Palace,"Electronic City,Bangalore",3.6,20,350,"Indian,Biryani"
21660,Satkar restaurant,"Electronic City,Bangalore",3.8,20,200,"Chinese,North Indian"
21661,Chung Wah,"Electronic City,Bangalore",3.9,100,350,"Chinese,Pan-Asian"
21662,CHICKPET DONNE BIRYANI HOUSE,"Electronic City,Bangalore",4.3,50,200,"Biryani,North Indian"
21668,Prem's Biryani,"Electronic City,Bangalore",3.5,50,200,Indian
21675,Kota Kachori And Falahaar,"Electronic City,Bangalore",3.9,100,150,"Chaat,North Indian"
21682,Srinidhi Udupi Upahar,"Electronic City,Bangalore",4.0,50,250,South Indian
21683,Bawarchi Biryanis,"Electronic City,Bangalore",2.8,20,400,Biryani
21686,Thanima Garden Restaurant,"Electronic City,Bangalore",4.1,100,250,"North Indian,Kerala"
21687,Barbeque Nation,"Electronic City,Bangalore",3.9,100,600,"North Indian,Barbecue"
21693,Samosa Singh,"Electronic City,Bangalore",4.1,100,150,"Snacks,North Indian"
21694,Onesta,"Electronic City,Bangalore",3.8,500,200,"Italian,Desserts"
21699,Kolkata Kati Roll,"Electronic City,Bangalore",3.8,20,200,Fast Food
21700,Absolute Shahiya,"Electronic City,Bangalore",4.4,20,500,Mughlai
21701,JUST CREAMERY - Artisanal Healthy Ice Cream,"Electronic City,Bangalore",5.0,20,200,"Ice Cream,Desserts"
21705,Kanti Sweets,"Electronic City,Bangalore",4.4,500,100,Sweets
21707,PATTIKATTAN BIRIYANI,"Electronic City,Bangalore",4.0,100,180,South Indian
21717,Indian Grill House,"Electronic City,Bangalore",4.1,500,375,"Indian,North Indian"
21719,SR AMBUR DUM BIRYANI,"Electronic City,Bangalore",3.4,20,150,"Biryani,Indian"
21724,MALABAR KITCHENS,"Electronic City,Bangalore",3.3,20,200,"Tandoor,Indian"
21726,Kolkata Durbar,"Electronic City,Bangalore",3.8,100,300,"Bengali,North Indian"
21727,The Maggi Company,"Electronic City,Bangalore",4.3,20,250,"Snacks,Chinese"
21730,MBR Biriyani County,"Electronic City,Bangalore",3.8,50,200,"Biryani,North Indian"
21733,Big Bowl Company,"Electronic City,Bangalore",3.4,50,250,"North Indian,Chinese"
21737,UB Elite Kitchen,"Electronic City,Bangalore",3.8,20,249,"American,Chinese"
21738,aunty tiffin's,"Electronic City,Bangalore",4.5,20,28,Indian
21745,Thalassery Kitchens,"Electronic City,Bangalore",3.6,20,200,Indian
21746,SK AMBUR DUM BIRYANI,"Electronic City,Bangalore",3.5,20,150,Biryani
21749,Chaayos Chai+Snacks=Relax,"Electronic City,Bangalore",4.4,20,250,"Bakery,Beverages"
21750,Ghee and Turmeric,"Electronic City,Bangalore",4.7,20,500,"North Indian,Tandoor"
21752,SRI UDUPI VAIBHAVA,"Electronic City,Bangalore",4.0,50,200,"Chinese,South Indian"
21754,Third Wave Coffee,"Electronic City,Bangalore",4.1,50,400,"Beverages,Bakery"
21759,Sinful Desserts,"Electronic City,Bangalore",4.0,50,150,"Bakery,Desserts"
21761,Chowman,"Electronic City,Bangalore",4.1,100,500,"Chinese,Asian"
21762,Sandwich Guru,"Electronic City,Bangalore",4.3,100,99,Snacks
21763,Istah Shawarma,"Electronic City,Bangalore",4.3,100,250,"Arabian,Lebanese"
21764,Village Restaurant,"Electronic City,Bangalore",3.9,500,300,"Chinese,Indian"
21766,MDP Coffee House,"Electronic City,Bangalore",4.1,100,250,South Indian
21767,Achayans pride,"Electronic City,Bangalore",4.0,100,200,"South Indian,Kerala"
21776,Paris Waffle Co.,"Electronic City,Bangalore",3.2,20,300,"Desserts,Snacks"
21780,Srinidhi Upachar,"Electronic City,Bangalore",4.3,100,250,Indian
21786,Hyderabadi Family Pack Biryani,"Electronic City,Bangalore",3.3,20,250,"Biryani,Hyderabadi"
21792,Kinara Family Restaurant,"Electronic City,Bangalore",4.0,100,500,"Chinese,North Indian"
21793,Shaan-e-Punjab,"Electronic City,Bangalore",3.7,100,500,"North Indian,Punjabi"
21794,Hatti Punjab Di,"Electronic City,Bangalore",3.1,20,400,"Punjabi,North Indian"
21799,Homely Hut,"Electronic City,Bangalore",4.3,50,250,"Home Food,North Indian"
21800,DONNE BIRIYANI HOUSE,"Electronic City,Bangalore",2.9,50,300,Biryani
21804,Godavari delights,"Electronic City,Bangalore",3.1,20,200,"South Indian,North Indian"
21805,New Hyderabadi Biriyani Zone,"Electronic City,Bangalore",3.3,50,300,"Chinese,Biryani"
21811,Baba Ganoush Cafe,"Electronic City,Bangalore",3.1,20,300,"Middle Eastern,Turkish"
21812,Just Cakes,"Electronic City,Bangalore",4.0,20,200,Beverages
21814,Today Coffee,"Electronic City,Bangalore",4.1,100,120,South Indian
21816,Pizzology Pizza,"Electronic City,Bangalore",3.3,20,250,"Pizzas,Continental"
21823,Nadan Pothichoru,"Electronic City,Bangalore",3.9,50,200,"South Indian,Kerala"
21824,Hotel Sagar Samruddhi,"Electronic City,Bangalore",3.7,50,200,"North Indian,South Indian"
21828,Singh Da Punjabi Dhaba,"Electronic City,Bangalore",3.7,100,150,"Chinese,Biryani"
21829,Hiyar Majhe Kolkata,"Electronic City,Bangalore",4.0,1000,450,"Bengali,Chinese"
21830,Punjabi Unplugged,"Electronic City,Bangalore",2.6,20,150,"North Indian,Chinese"
21832,HUNGRY CHANG,"Electronic City,Bangalore",3.9,20,280,"Chinese,Fast Food"
21835,Punjabi Nawabi,"Electronic City,Bangalore",3.3,100,150,"Punjabi,North Indian"
21837,Meghana Foods,"Electronic City,Bangalore",4.3,1000,500,"Biryani,Andhra"
21838,Sardarji Londonwaley,"Electronic City,Bangalore",3.7,50,150,"North Indian,Chinese"
21840,Petfull Paratha  2X Fillings,"Electronic City,Bangalore",5.0,20,250,"North Indian,Desserts"
21843,The Bangalore Creamery,"Electronic City,Bangalore",3.8,20,150,"Bakery,Desserts"
21846,Madras Meal Company,"Electronic City,Bangalore",4.1,100,250,"Chettinad,South Indian"
21848,Basmati Express,"Electronic City,Bangalore",3.3,20,300,"Biryani,Andhra"
21850,Itminaan Biryani - Dum Pukht,"Electronic City,Bangalore",3.3,20,400,"Biryani,North Indian"
21851,Curry On Tikka,"Electronic City,Bangalore",4.0,100,350,"North Indian,Punjabi"
21852,Parampara-The Veg Kitchen,"Electronic City,Bangalore",4.0,100,350,North Indian
21854,4Foodiez,"Electronic City,Bangalore",3.6,20,300,"South Indian,North Indian"
21855,Wendy's,"Electronic City,Bangalore",4.0,100,200,"American,Burgers"
21858,NIC Natural Ice Creams,"Electronic City,Bangalore",4.7,500,120,"Ice Cream,Desserts"
21862,Hungry Panda - Deliciously Chinese,"Electronic City,Bangalore",3.7,20,600,"Chinese,Asian"
21863,Burger Cafe,"Electronic City,Bangalore",3.1,20,250,"American,Fast Food"
21864,Anand Sweets and Savouries,"Electronic City,Bangalore",4.6,20,150,"Sweets,Desserts"
21867,NH1 Bowls - Highway To North,"Electronic City,Bangalore",3.9,20,250,"North Indian,Punjabi"
21871,Cakes Wagon,"Electronic City,Bangalore",3.2,20,300,"Desserts,Bakery"
21875,Kaati Zone Rolls & Wraps,"Electronic City,Bangalore",4.1,100,150,"Beverages,Bengali"
21876,Hyderabad Darbar,"Electronic City,Bangalore",3.8,100,300,"Chinese,South Indian"
21884,Crazy Bao,"Electronic City,Bangalore",3.6,20,600,"Chinese,Thai"
21895,Rotivala,"Electronic City,Bangalore",4.6,20,250,North Indian
21897,Khandani Biryani,"Electronic City,Bangalore",3.9,20,250,Biryani
21903,HRX by Eatfit,"Electronic City,Bangalore",5.0,20,270,"Healthy Food,Pizzas"
21904,Indian Bowl Co,"Electronic City,Bangalore",4.3,20,250,North Indian
21906,Hyderabad Nawabs,"Electronic City,Bangalore",4.0,20,300,"Biryani,Hyderabadi"
21908,Sankalp Reddy Restaurant,"Electronic City,Bangalore",3.3,20,300,"Andhra,Hyderabadi"
21911,Khichdi Kahani,"Electronic City,Bangalore",4.6,20,200,"Indian,North Indian"
21912,Nizam's Kitchens,"Electronic City,Bangalore",2.8,20,450,"Biryani,Andhra"
21913,Rolls & Bowls Company,"Electronic City,Bangalore",3.4,20,250,"North Indian,Chinese"
21916,Carlos Cake Cafe,"Electronic City,Bangalore",4.2,50,300,Desserts
21921,Desi Paratha,"Electronic City,Bangalore",3.6,20,150,"Indian,Chinese"
21923,Delhi base,"Electronic City,Bangalore",4.2,100,200,"Juices,North Indian"
21924,Chef Bakers Cakes & Savouries,"Electronic City,Bangalore",3.5,20,300,Desserts
21926,Kitchens of Punjab,"Electronic City,Bangalore",4.0,100,500,"Punjabi,North Indian"
21930,Hotel S L N,"Electronic City,Bangalore",4.0,20,250,"South Indian,Chinese"
21933,Sm food court,"Electronic City,Bangalore",4.1,20,340,"Snacks,Mughlai"
21935,Bangalore Agarwal Bhavan,"Electronic City,Bangalore",4.1,100,150,"Sweets,Fast Food"
21936,Sundae Everyday Ice Creams,"Electronic City,Bangalore",3.9,20,150,"Desserts,Ice Cream"
21938,Biryani Bite,"Electronic City,Bangalore",4.1,20,200,"Biryani,Indian"
21939,Leon Grill,"Electronic City,Bangalore",4.1,500,300,"American,Snacks"
21940,The Belgian Waffle Co.,"Electronic City,Bangalore",4.3,100,200,"Desserts,Beverages"
21941,Taiki,"Electronic City,Bangalore",3.9,100,800,"Pan-Asian,Japanese"
21942,Nalanda family restaurant,"Electronic City,Bangalore",3.1,100,400,"North Indian,South Indian"
21944,Namaste Shanghai,"Electronic City,Bangalore",3.7,50,250,"Chinese,Thai"
21945,Rolls King,"Electronic City,Bangalore",4.0,100,300,Fast Food
21946,Biryani Trip,"Electronic City,Bangalore",4.1,20,400,"Biryani,Hyderabadi"
21947,sri sai upahahara,"Electronic City,Bangalore",4.0,20,200,"South Indian,Chinese"
21954,BOX8 - Desi Meals,"Electronic City,Bangalore",3.8,100,250,"North Indian,Biryani"
21957,Chai Days,"Electronic City,Bangalore",4.1,100,150,"Bakery,Beverages"
21958,PARATHE WALA,"Electronic City,Bangalore",3.6,20,400,Punjabi
21961,Coorg Food Factory,"Electronic City,Bangalore",4.0,50,200,"Seafood,Indian"
21963,Biriyani Zone,"Electronic City,Bangalore",4.2,100,600,"Biryani,Andhra"
21964,Pizza Republic,"Electronic City,Bangalore",3.8,20,500,Italian
21970,Juicy,"Electronic City,Bangalore",4.2,100,150,"Beverages,Snacks"
21971,Moriz Restaurant,"Electronic City,Bangalore",3.5,100,400,"Chinese,Arabian"
21974,Desi paratha meals&thali,"Electronic City,Bangalore",3.7,20,250,North Indian
21987,Cake Concepts,"Electronic City,Bangalore",3.6,50,300,"Bakery,Desserts"
21988,Homely Meals,"Electronic City,Bangalore",3.9,100,150,"North Indian,Chinese"
21989,Keventers - Milkshakes and Desserts,"Electronic City,Bangalore",4.3,100,300,"Beverages,Ice Cream"
21995,New Hyderabadi Biryani Box,"Electronic City,Bangalore",3.7,100,200,"Biryani,Chinese"
21998,Goli Vada Pav No. 1,"Electronic City,Bangalore",3.7,50,100,"Maharashtrian,North Indian"
22006,NEST RESTAURANT,"Electronic City,Bangalore",4.2,20,300,"Chinese,Indian"
22007,Paradise Biryani,"Electronic City,Bangalore",3.7,500,400,"Biryani,Kebabs"
22009,FreshMenu,"Electronic City,Bangalore",3.8,500,250,"Chinese,Continental"
22010,Just Shawarma,"Electronic City,Bangalore",4.0,100,250,Arabian
22011,Foodies Express,"Electronic City,Bangalore",3.9,50,200,"North Indian,Chinese"
22012,Beijing Bites,"Electronic City,Bangalore",4.1,500,450,"Chinese,Thai"
22018,Thalassery Restaurant,"Electronic City,Bangalore",3.9,500,300,"South Indian,Arabian"
22019,Momo Zone - The Momo Company,"Electronic City,Bangalore",4.1,50,150,"Chinese,Tibetan"
22023,Apsara Ice Creams,"Electronic City,Bangalore",4.4,20,150,"Ice Cream,Desserts"
22025,BLR Brewing Company,"Electronic City,Bangalore",3.9,50,400,"North Indian,Continental"
22026,Bite Me,"Electronic City,Bangalore",4.0,20,150,"Bakery,Beverages"
22027,MOMSPOT RESTAURENT,"Electronic City,Bangalore",4.1,20,300,"Chinese,Biryani"
22030,BABAI ANDHRA MESS,"Electronic City,Bangalore",2.9,20,200,South Indian
22033,3B's cafe,"Electronic City,Bangalore",3.3,20,250,"Fast Food,Desserts"
22035,Goila Butter Chicken,"Electronic City,Bangalore",4.7,50,600,"North Indian,Mughlai"
22044,Maa Reddy's Hyderabadi Biryani House,"Electronic City,Bangalore",3.3,100,300,"Biryani,Andhra"
22045,Naati Mane,"Electronic City,Bangalore",3.7,50,300,South Indian
22047,Jai maruthi 99 variety dosa & pav Bhaji corner,"Electronic City,Bangalore",4.1,100,310,South Indian
22051,The Kilo Biryani,"Electronic City,Bangalore",4.1,20,200,"Biryani,North Indian"
22052,Kapoor's Cafe,"Electronic City,Bangalore",4.1,100,500,Punjabi
22054,Cupcake Noggins - Vintage Patisserie,"Electronic City,Bangalore",4.2,20,200,"Bakery,Snacks"
22056,Tandoor Studio,"Electronic City,Bangalore",3.1,20,500,Indian
22058,THE GRILL SHACK,"Electronic City,Bangalore",3.7,20,300,"Indian,Tandoor"
22059,Santripti,"Electronic City,Bangalore",3.9,50,300,Indian
22060,Onvi's Soup Station,"Electronic City,Bangalore",3.3,20,300,"Continental,Healthy Food"
22061,WarmOven Cakes & Desserts,"Electronic City,Bangalore",4.0,100,200,"Bakery,Desserts"
22065,Ice Corner,"Electronic City,Bangalore",3.5,20,150,Ice Cream
22066,Magic Bowl,"Electronic City,Bangalore",4.1,20,400,"North Indian,Chinese"
22068,Thalassery Cafe,"Electronic City,Bangalore",4.2,100,100,"Kerala,Snacks"
22072,SHAWARMA INDIAH,"Electronic City,Bangalore",4.4,20,250,"Arabian,Burgers"
22075,Aubree,"Electronic City,Bangalore",4.3,100,700,"Bakery,Italian"
22078,Hyderabadi Spice,"Electronic City,Bangalore",4.1,1000,300,"Indian,North Indian"
22079,THE BIG BARBEQUE,"Electronic City,Bangalore",4.1,50,500,North Indian
22080,Thengapool,"Electronic City,Bangalore",4.7,20,250,"Biryani,South Indian"
22081,Bowl Bukhara,"Electronic City,Bangalore",4.6,20,250,"Indian,North Indian"
22085,ACHAYANS CAFE,"Electronic City,Bangalore",4.1,20,250,Kerala
22086,7 Days Restaurant,"Electronic City,Bangalore",3.7,20,250,"North Indian,Chinese"
22087,Andhra Kitchen,"Electronic City,Bangalore",4.1,100,300,South Indian
22088,MY BOWL,"Electronic City,Bangalore",4.2,20,300,"North Indian,Chinese"
22092,Chaat Street,"Electronic City,Bangalore",4.0,500,200,"Snacks,Chaat"
22093,homely,"Electronic City,Bangalore",4.3,1000,200,"Home Food,North Indian"
22094,Burger It Up,"Electronic City,Bangalore",3.8,20,150,"American,Fast Food"
22100,Vinaya Royal Inn (Bamboo shades),"Electronic City,Bangalore",3.9,100,199,"North Indian,Chinese"
22102,Tikka Kebab,"Electronic City,Bangalore",4.1,100,250,"Chinese,North Indian"
22104,Donne Biriyanis Junction,"Electronic City,Bangalore",2.8,20,300,Indian
22107,Mast Marathi,"Electronic City,Bangalore",3.9,100,300,"Maharashtrian,Street Food"
22109,Slurpy Shakes,"Electronic City,Bangalore",3.7,20,150,"Beverages,Ice Cream"
22110,Indiana Burgers,"Electronic City,Bangalore",4.1,100,150,"American,Beverages"
22114,The Bowl Company,"Electronic City,Bangalore",4.3,1000,300,"Continental,North Indian"
22117,Grameen Kulfi,"Electronic City,Bangalore",4.6,50,120,"Ice Cream,Desserts"
22120,Sitara Veg Restaurant,"Electronic City,Bangalore",3.8,100,300,"South Indian,Indian"
22127,Akshara,"Electronic City,Bangalore",4.4,50,600,"Andhra,Indian"
22128,New taaza thindi,"Electronic City,Bangalore",4.0,100,260,Indian
22136,rosogolla,"Electronic City,Bangalore",4.4,20,50,"Sweets,Desserts"
22141,Wow! China,"Electronic City,Bangalore",3.9,1000,300,"Tibetan,Chinese"
22142,Juice Shop,"Electronic City,Bangalore",3.9,100,150,"Ice Cream,Desserts"
22143,Aligarh House by EatFit,"Electronic City,Bangalore",3.6,50,400,"Biryani,Mughlai"
22151,Mallu House,"Electronic City,Bangalore",3.5,20,230,"Kebabs,Chinese"
22153,Bigguy's Wingery,"Electronic City,Bangalore",4.5,20,300,"American,Beverages"
22154,Living Bowls,"Electronic City,Bangalore",4.8,20,500,"Salads,Continental"
22158,Paris Panini - French Street Food,"Electronic City,Bangalore",4.1,100,450,"French,Continental"
22166,Chefer Plate,"Electronic City,Bangalore",4.1,100,250,"North Indian,Chinese"
22169,EAT - East Asian Treats,"Electronic City,Bangalore",4.0,100,300,"Chinese,Asian"
27896,Bakers Oven,Bikaner,4.0,1000,500,"Bakery,Desserts"
27897,Om Sweets & Snacks,Bikaner,4.3,1000,500,"Sweets,North Indian"
27900,Burger King,Bikaner,4.2,1000,350,American
27901,Biryani Blues,Bikaner,4.0,500,400,"Biryani,Hyderabadi"
27902,Thapa Chinese,Bikaner,3.4,500,200,"Chinese,Snacks"
27903,Bikanervala,Bikaner,4.2,1000,450,"North Indian,Chinese"
27904,Tamilnadu Dosa Corner,Bikaner,4.0,1000,250,South Indian
27905,McDonald's,Bikaner,4.3,1000,400,American
27906,Starbucks Coffee,Bikaner,4.0,50,400,Beverages
27907,Rominus Pizza And Burger,Bikaner,4.0,1000,150,"Italian-American,Pizzas"
27908,Bakingo,Bikaner,4.3,1000,300,"Bakery,Desserts"
27909,Sum Yum Asia,Bikaner,4.2,500,600,"Chinese,Thai"
27910,Aggarwal Sweets & Restaurant,Bikaner,3.2,1000,200,"Sweets,North Indian"
27911,Chaayos Chai+Snacks=Relax,Bikaner,4.2,20,250,"Bakery,Beverages"
27912,Harish Bakery,Bikaner,4.0,500,400,"North Indian,South Indian"
27913,KFC,Bikaner,4.2,500,400,"American,Snacks"
27914,Cake Maker,Bikaner,4.4,1000,199,"Bakery,Desserts"
27915,Wendy's,Bikaner,4.1,1000,350,"American,Fast Food"
27916,Cake For You,Bikaner,4.0,100,200,"Bakery,Desserts"
27917,Prince Ki Rasoi,Bikaner,3.9,500,200,"North Indian,Chinese"
27918,cake Inventor,Bikaner,4.0,100,450,Bakery
27919,The Burger Club,Bikaner,4.1,1000,250,"American,Beverages"
27920,Roll's Royce,Bikaner,4.0,100,250,"Street Food,Fast Food"
27921,Thalassery Restaurant,Bikaner,3.8,1000,300,South Indian
27922,"Shahi Muradabadi Chicken Biryani, DLF Cyber City",Bikaner,3.7,1000,200,Mughlai
27923,Dilli 6 on Wheels,Bikaner,3.7,1000,200,"North Indian,Snacks"
27924,Food Expresso,Bikaner,3.6,1000,150,"North Indian,Sweets"
27925,Gulab Wala,Bikaner,4.0,500,200,"North Indian,Snacks"
27926,Choudhary Sweets,Bikaner,4.1,100,200,"Sweets,North Indian"
27927,Punjabi Angithi,Bikaner,4.1,1000,400,"North Indian,Chinese"
27928,Urban Tandoor,Bikaner,3.9,1000,300,"Mughlai,North Indian"
27929,"Bikaner Sweets, Snacks and Restaurant",Bikaner,2.8,1000,300,"Fast Food,Sweets"
27930,The Bowl Company,Bikaner,4.3,1000,300,"Continental,Indian"
27931,Pizza Hut,Bikaner,3.8,100,350,Pizzas
27932,DAWAT BAKERY,Bikaner,4.2,100,150,Bakery
27933,Eatezee Foods,Bikaner,4.0,1000,300,"Snacks,Fast Food"
27934,Haldiram's (Sec-29),Bikaner,4.3,100,650,"Sweets,Indian"
27935,Burger Singh (Big Punjabi Burgers),Bikaner,4.2,1000,300,"Snacks,Fast Food"
27936,Potoo Parathas,Bikaner,5.0,20,150,"Indian,Chinese"
27937,DN Snacks,Bikaner,3.6,100,250,"Continental,North Indian"
27938,Veer Ji Malai Chaap Wale,Bikaner,3.8,100,400,North Indian
27939,Punjabi Tadka,Bikaner,3.5,1000,350,"North Indian,Mughlai"
27940,Theobroma,Bikaner,4.6,500,800,"Desserts,Bakery"
27941,Alwar Sweets,Bikaner,4.1,500,200,"Sweets,Indian"
27942,The Millionaire Pizza & Pasta,Bikaner,4.0,1000,350,"Pizzas,Italian"
27943,Di Ghent Cafe,Bikaner,4.3,50,1200,"Italian,Continental"
27944,Lord Of The Juices,Bikaner,4.3,100,300,"Juices,Beverages"
27945,Master Koii's,Bikaner,4.2,20,1000,"Chinese,Asian"
27946,Insta Pizza,Bikaner,3.8,100,400,"Pizzas,Italian"
27947,Nirula's,Bikaner,4.3,100,600,"Pizzas,Pastas"
27948,Giani,Bikaner,3.8,100,300,"Ice Cream,Desserts"
27949,MOMO SHOMO,Bikaner,4.0,100,300,"Chinese,Fast Food"
27950,Artinci - Indulge Guilt Free!,Bikaner,4.4,50,200,"Ice Cream,Healthy Food"
27951,Chaat Chowk,Bikaner,3.7,100,300,Street Food
27952,Hungry Panda - Deliciously Chinese,Bikaner,3.4,20,300,"Chinese,Pan-Asian"
27953,Havmor Havfunn ice cream,Bikaner,4.4,100,200,"Ice Cream,Ice Cream Cakes"
27954,Claypot Kitchens - Veg Paradise,Bikaner,4.4,500,350,"North Indian,Chinese"
27956,Shake Busters,Bikaner,4.2,100,250,"Beverages,Desserts"
27957,Kaleva,Bikaner,3.7,100,300,"Street Food,Sweets"
27958,Sikkim Fast Food,Bikaner,3.9,100,350,"Chinese,North Indian"
27959,Chinese Corner,Bikaner,3.9,1000,350,"Chinese,Thai"
27960,Punjabi Food Inn,Bikaner,3.9,1000,250,"North Indian,Chinese"
27961,Kwality Walls Frozen Dessert and Ice Cream Shop,Bikaner,4.4,100,300,Ice Cream
27962,The Belgian Waffle Co.,Bikaner,4.3,100,200,"Desserts,Ice Cream"
27963,CakeZone,Bikaner,4.1,100,200,"Bakery,Desserts"
27964,Dunkin',Bikaner,4.3,100,250,"Beverages,Fast Food"
27965,NIC Natural Ice Creams,Bikaner,4.5,500,120,"Ice Cream,Desserts"
27966,Baba Dhaba,Bikaner,3.9,1000,200,Indian
27967,The Favourite Biryani,Bikaner,3.8,50,400,"Biryani,Indian"
27968,Keventers - Milkshakes and Desserts,Bikaner,4.3,100,300,"Beverages,Ice Cream"
27969,Subway,Bikaner,4.3,100,350,"Salads,Snacks"
27970,Biryani Birinj,Bikaner,5.0,20,400,"Biryani,Indian"
27971,La Pino'z Pizza,Bikaner,4.0,100,800,"Italian,Pizzas"
27972,BTW,Bikaner,3.7,100,250,"South Indian,Chinese"
27973,Captain Sam's Pizza,Bikaner,3.8,100,300,"Pizzas,Fast Food"
27974,HAPPY RASOI,Bikaner,3.6,100,250,"North Indian,Chinese"
27975,THE SHAWARMA JUNCTION,Bikaner,3.9,500,200,"Chinese,Beverages"
27976,Kraving,Bikaner,3.8,100,200,"Biryani,Snacks"
27977,The Kathi Rolls,Bikaner,4.3,100,200,North Indian
27978,ANNUSAGAR,Bikaner,4.7,20,249,"North Indian,Kebabs"
27979,Prince Ki Rasai,Bikaner,3.7,100,250,"North Indian,Chinese"
27980,BOX8 - Desi Meals,Bikaner,4.2,500,250,"North Indian,Biryani"
27981,Uttrakhand fast food,Bikaner,4.1,50,250,"North Indian,Fast Food"
27982,Louis Burger,Bikaner,4.3,100,600,"American,Fast Food"
27983,South Dosa Plaza,Bikaner,4.0,100,200,South Indian
27984,Hotel Malabar,Bikaner,4.2,1000,250,"South Indian,Indian"
27985,Steamed & Fried,Bikaner,4.0,500,200,"Chinese,Thai"
27986,Apni Rasoi,Bikaner,4.2,50,200,Chinese
27987,Bang Bang Pizza,Bikaner,3.8,100,500,"Pizzas,Italian"
27988,CHATORO KI CHAAT,Bikaner,3.3,100,200,"Chaat,Fast Food"
27989,Thalaivars Biryani,Bikaner,4.2,500,300,"Andhra,Biryani"
27990,Krispy Kreme,Bikaner,4.2,100,400,Desserts
27991,Shahi Muradabadi Chicken Corner,Bikaner,3.7,100,300,Biryani
27992,CHAMPARAN DESI GHEE MUTTON & CHICKEN,Bikaner,4.3,500,300,"North Indian,Biryani"
27993,Desi Spice,Bikaner,3.8,100,250,"Indian,Chinese"
27994,D.S Hunger Hut,Bikaner,3.4,500,200,Chinese
27995,Bikkgane Biryani,Bikaner,4.1,500,400,"Biryani,Hyderabadi"
27996,FreshMenu,Bikaner,3.8,1000,250,"Chinese,Continental"
27997,Golden Story,Bikaner,4.8,20,600,North Indian
27998,Parashar kitchen,Bikaner,3.7,500,300,"North Indian,Biryani"
27999,CAKES POINT,Bikaner,2.6,20,200,"Bakery,Desserts"
28000,Darjeeling Momo Chowmein,Bikaner,3.3,100,200,"Chinese,Fast Food"
28001,Dhaba 99,Bikaner,3.6,100,150,"North Indian,Snacks"
28002,Nutriphy,Bikaner,4.0,500,600,"Healthy Food,Salads"
28003,Subhub,Bikaner,4.0,500,200,"American,Salads"
28004,Bikaner Sweets & Restaurant,Bikaner,3.2,50,250,"Snacks,Beverages"
28005,Oven Story Pizza,Bikaner,3.9,100,400,Pizzas
28006,Bhai Ji Shawarma,Bikaner,4.3,1000,300,North Indian
28007,Naivedyam,Bikaner,4.3,500,300,South Indian
28008,Manorma,Bikaner,3.8,500,150,"North Indian,Chinese"
28009,Bikaner Sweets Snacks and Restaurant,Bikaner,2.9,100,300,"North Indian,Sweets"
28010,VEERJI MALAI CHAAP WALE,Bikaner,3.4,100,300,"North Indian,Tandoor"
28011,Salad Company,Bikaner,4.3,500,500,"Salads,Healthy Food"
28012,Garam Tandoor (Serving Authentic Indian),Bikaner,3.8,50,200,"North Indian,Mughlai"
28013,Falhari - A Fruitful Habit,Bikaner,3.9,1000,250,"Healthy Food,Beverages"
28014,Sabkuch,Bikaner,3.3,20,400,South Indian
28015,Samosa Party,Bikaner,4.3,100,250,"Chaat,North Indian"
28016,The Cakecity Patisserie,Bikaner,4.2,100,250,Desserts
28017,The Masala Story,Bikaner,4.1,100,700,"North Indian,Mughlai"
28018,Raj Foods,Bikaner,4.1,100,400,"Indian,Chinese"
28019,A-One Muradabadi Chicken Biryani Corner,Bikaner,3.9,100,350,"Mughlai,Biryani"
28020,Chef Style,Bikaner,4.3,500,300,"North Indian,Chinese"
28021,Yangkiez by Momo Mami,Bikaner,3.9,500,300,"Chinese,Pan-Asian"
28022,Chef Mantra,Bikaner,4.3,100,300,"North Indian,Chinese"
28023,Food of Dreams,Bikaner,4.0,100,300,"North Indian,Chinese"
28024,Prince Ki Choice,Bikaner,3.9,100,300,"Chinese,North Indian"
28025,Faasos - Wraps & Rolls,Bikaner,4.3,500,200,"Fast Food,Snacks"
28026,Swear By Biryani,Bikaner,4.5,100,600,"Biryani,Kebabs"
28027,Fu.D,Bikaner,4.2,500,200,"Chaat,Continental"
28028,The Chinese Kitchen,Bikaner,4.0,100,350,"Chinese,Thai"
28029,AMRITSARI KULCHA 24/7,Bikaner,4.1,100,300,North Indian
28030,Barbeque Nation,Bikaner,4.1,100,600,"North Indian,Barbecue"
28031,Champaran Mutton Dhaba,Bikaner,3.8,20,500,"Indian,Combo"
28032,Royal Spice,Bikaner,4.0,500,250,"North Indian,Chinese"
28033,Chicago Pizza,Bikaner,3.5,100,350,"Pizzas,Pastas"
28034,Mealy - Your Everyday Meal,Bikaner,4.0,1000,200,"North Indian,Street Food"
28035,The Canteen Project,Bikaner,4.1,100,250,"North Indian,Fast Food"
28036,Sweet Truth - Cake and Desserts,Bikaner,4.5,50,450,"Bakery,Desserts"
28037,Chai Point,Bikaner,4.1,100,100,"Bakery,Beverages"
28038,Rolls Inn,Bikaner,4.1,100,250,Fast Food
28039,Angeethi,Bikaner,3.9,100,300,"North Indian,Chinese"
28040,My Tea Chapel- Pinsa pizza waffles,Bikaner,4.6,50,700,"Pizzas,Beverages"
28041,The Burger Company,Bikaner,4.0,100,200,"American,Desserts"
28042,Biryani By Kilo,Bikaner,4.2,500,700,"Biryani,Mughlai"
28043,Madurai Meenakshi Bhawan,Bikaner,3.9,500,250,"South Indian,Indian"
28044,Mr Noodles,Bikaner,3.9,500,300,"Chinese,Tibetan"
28045,MUMBAIKAR'S,Bikaner,4.3,100,250,"Continental,Snacks"
28046,Goli Vada Pav No .1,Bikaner,3.9,100,100,"Maharashtrian,North Indian"
28047,Samrat Sweets,Bikaner,4.1,100,300,"Desserts,Snacks"
28048,"Got Tea | 32nd Ave, Gurgaon",Bikaner,4.7,100,520,"Beverages,Fast Food"
28049,Mad Over Donuts,Bikaner,4.2,100,200,"Desserts,Sweets"
28050,Fauji Dhaba,Bikaner,3.8,100,400,"North Indian,Chinese"
28051,Pizza by inch,Bikaner,3.7,20,200,Pizzas
28053,Bhookemon,Bikaner,4.1,100,700,"Continental,North Indian"
28054,Romi Da Dhaba,Bikaner,3.9,100,250,"North Indian,Punjabi"
28056,Nazeer Foods,Bikaner,3.9,100,400,"North Indian,Biryani"
28058,Taste of Champaran,Bikaner,4.2,100,400,North Indian
28059,The Tummy Section,Bikaner,4.2,100,300,North Indian
28060,Pizza Inn,Bikaner,3.8,50,250,"Pizzas,Italian"
28061,Domino's Pizza,Bikaner,4.3,100,400,Pizzas
28062,The Baker's Dozen,Bikaner,4.3,20,350,"Bakery,Juices"
28063,The Munchin Co.,Bikaner,3.9,100,250,"Chinese,North Indian"
28064,Monginis Cake Shop,Bikaner,4.1,50,150,"Bakery,Desserts"
28065,Paradise Biryani,Bikaner,3.8,1000,400,"Biryani,Kebabs"
28066,Ghee Shakkar - Sweets & Snacks,Bikaner,3.9,100,150,"North Indian,Sweets"
28067,Tibb's Frankie Express - Serving Rolls since 1969,Bikaner,3.8,100,200,"Chinese,Indian"
28068,BIRYANINAMA,Bikaner,4.6,20,300,"Biryani,Snacks"
28069,Urban Dhaba,Bikaner,4.0,100,500,"Mughlai,North Indian"
28070,Desi Kitchen,Bikaner,4.1,50,250,North Indian
28071,New Sher A Punjab,Bikaner,3.5,50,300,"North Indian,Chinese"
28075,Prem Ji Chur Chur Naan,Bikaner,3.9,50,150,North Indian
28076,Fitness key,Bikaner,3.1,50,600,"Salads,Snacks"
28077,Top Dog,Bikaner,4.3,50,300,"Fast Food,Snacks"
28078,Wangshi's,Bikaner,4.5,50,400,"Chinese,Asian"
28080,Dragon Ball,Bikaner,3.7,20,200,"Chinese,Fast Food"
28081,The Good Bowl,Bikaner,4.3,100,400,"North Indian,Punjabi"
28082,Costa Coffee,Bikaner,4.0,50,450,Beverages
28083,Dhaba Ambarsar,Bikaner,3.9,100,200,"North Indian,Home Food"
28084,Baba's,Bikaner,4.3,100,700,North Indian
28085,Natural Ice Cream,Bikaner,4.6,100,150,Ice Cream
28086,Dhaba HR-26,Bikaner,4.0,100,400,North Indian
28087,South Store,Bikaner,3.9,500,300,"South Indian,Snacks"
28088,Chinese Veg Crunch,Bikaner,4.2,100,300,Chinese
28089,cake box,Bikaner,4.3,100,200,"Bakery,Desserts"
28090,Kolkata Biryani House,Bikaner,3.9,100,600,"North Indian,Biryani"
28091,Dana Choga,Bikaner,4.4,100,600,"North Indian,Indian"
28092,Handi Xpress (DLF Phase 3),Bikaner,4.2,100,400,"Mughlai,North Indian"
28093,The Darjeeling House,Bikaner,3.5,50,200,"North Indian,Chinese"
28094,PizzaInn,Bikaner,3.6,20,200,"Pizzas,Pastas"
28095,The Millionaire Express,Bikaner,4.2,1000,250,"Italian,Desserts"
28096,WOW SAMOSA,Bikaner,3.4,100,250,"Snacks,Indian"
28097,Qureshi's kabab corner,Bikaner,4.3,100,600,"North Indian,Mughlai"
28098,B.TECH CHAAP WALA,Bikaner,3.9,100,300,"Chinese,Snacks"
28099,ShawarmaoNa,Bikaner,4.1,500,300,"Lebanese,Biryani"
28100,Lazeez Food,Bikaner,4.0,100,500,"Mughlai,North Indian"
28101,Singh Dhaba,Bikaner,3.7,100,299,"North Indian,Chinese"
28102,Capital Restaurant & Bar-Be-Que,Bikaner,4.1,500,450,North Indian
28104,Gorillaz Pizzeria - Wood Fire Pizzas,Bikaner,4.3,20,500,"Pizzas,Italian"
28105,Fudge You,Bikaner,4.2,20,200,Desserts
28106,Don Vada Pav N Rolls,Bikaner,2.8,50,250,"Snacks,Chinese"
28107,Rolls & Buns,Bikaner,4.4,100,300,"Snacks,Beverages"
28108,EatFit,Bikaner,4.0,100,270,"Healthy Food,Pizzas"
28109,Burgrill - The Win Win Burger,Bikaner,4.3,100,250,"Burgers,Healthy Food"
28110,China Bowl,Bikaner,3.9,100,300,"Chinese,Thai"
28111,WarmOven Cakes & Desserts,Bikaner,4.1,100,200,"Bakery,Desserts"
28112,Meals N Paranthas,Bikaner,4.1,100,200,"North Indian,Thalis"
28113,Slay Coffee,Bikaner,4.5,100,200,"Beverages,Desserts"
28114,Indian Tandoor (Since 1997),Bikaner,3.8,100,200,"North Indian,Mughlai"
28115,Cake Desire,Bikaner,3.9,50,500,Bakery
28116,Baba Banarsi,Bikaner,4.1,100,200,"North Indian,Street Food"
28117,Cafe Coffee Day,Bikaner,3.9,100,300,"Beverages,Snacks"
28118,Behrouz Biryani,Bikaner,4.3,500,500,"Biryani,Mughlai"
28119,The Hyderabadi Biryani House,Bikaner,4.1,100,400,"Biryani,North Indian"
28120,Tossin Pizza,Bikaner,4.2,100,600,"Pizzas,Italian"
28121,Chaat & Chai CO.,Bikaner,3.8,100,350,"Chaat,Snacks"
28122,Southern Junction,Bikaner,3.9,100,250,South Indian
28123,Carnatic Cafe,Bikaner,4.1,100,400,"South Indian,Indian"
28124,Kulcha Lal Paratha Das,Bikaner,4.1,500,300,"North Indian,Beverages"
28125,Khan Chacha,Bikaner,4.1,100,400,"North Indian,Biryani"
28126,Kaiser,Bikaner,4.2,100,400,"North Indian,Biryani"
28127,Gopala,Bikaner,4.5,20,200,"Sweets,Desserts"
28128,MOPP -  Mad Over Parathas & Pakodas,Bikaner,4.1,1000,250,"North Indian,Snacks"
28129,California Burrito,Bikaner,4.4,1000,250,"Mexican,American"
28130,Swiss Cake,Bikaner,4.2,100,200,"Bakery,Desserts"
28131,Xero Degrees Golf Course Rd,Bikaner,4.0,20,600,Pizzas
28132,Bercos Express,Bikaner,3.9,100,550,"Chinese,Thai"
28133,Francesco's Pizzeria,Bikaner,3.5,50,700,Pizzas
28134,Timpano - The Pasta Shop,Bikaner,4.1,100,350,"Italian,Pastas"
28135,Nizam's Kathi Kabab,Bikaner,4.1,100,500,"North Indian,Mughlai"
28136,PEHLE CHAI,Bikaner,4.5,50,200,"Street Food,Snacks"
28137,Home Plate by EatFit,Bikaner,3.9,100,160,"North Indian,Home Food"
28138,Andhra Kodi Pulao,Bikaner,4.1,100,350,"Biryani,Indian"
28139,NOTO - Healthy Ice Cream,Bikaner,4.2,50,250,Ice Cream
28140,Stanley Ka Dibba,Bikaner,4.1,1000,150,"Indian,Chinese"
28141,Momo Box,Bikaner,4.2,100,250,"Chinese,Oriental"
28142,House of Chinese (Since 2005),Bikaner,4.0,100,200,"Chinese,Thai"
28143,House of Chow,Bikaner,4.0,500,300,"Pan-Asian,Chinese"
28144,Caterspoint,Bikaner,4.2,500,600,"Healthy Food,Salads"
28145,Gully Boy Pizza,Bikaner,3.4,20,120,"Pizzas,Pastas"
28146,Ninja Bowl,Bikaner,3.9,100,350,"Chinese,Asian"
28147,Sagar Ratna,Bikaner,4.2,100,600,"South Indian,North Indian"
28148,Chinese Fiction (Authentic Thai & Chinese),Bikaner,4.0,500,150,"Chinese,Pan-Asian"
28150,INDIAN - SPICE,Bikaner,3.5,20,200,"Chinese,Combo"
28152,Angels in my Kitchen,Bikaner,4.1,50,600,Bakery
28155,Yo! Dimsum,Bikaner,3.6,20,200,"Chinese,Fast Food"
28156,CHANDNI CHOWK RESTAURANT,Bikaner,3.6,50,200,"North Indian,Punjabi"
28158,Honey & Dough,Bikaner,4.1,100,400,"Bakery,Burgers"
28159,Grameen Kulfi,Bikaner,4.6,100,120,"Ice Cream,Desserts"
28160,Los Amigos Cafe,Bikaner,4.3,100,350,"Fast Food,Continental"
28161,EKDUM! Biryani.Kebabs.More,Bikaner,4.4,50,250,"Biryani,Mughlai"
28162,Food mood,Bikaner,3.8,100,300,"Indian,Chinese"
28163,Jay's Tandoori Corner,Bikaner,4.4,20,500,"North Indian,Chinese"
28164,kavya kitchen,Bikaner,4.2,100,300,North Indian
28166,Yadav Dhaba,Bikaner,4.3,20,200,"Chinese,Indian"
28168,Street Monk - Pan Asian Gourmet,Bikaner,3.9,100,250,"Chinese,Pan-Asian"
28169,China Box,Bikaner,3.8,100,300,"Chinese,Tibetan"
28170,UP 60 RESTAURANT,Bikaner,4.2,20,680,"North Indian,Chinese"
28171,Chaap Delight,Bikaner,4.0,100,250,"North Indian,Tandoor"
28172,Chopsticks Gully,Bikaner,4.1,100,250,"Chinese,Lebanese"
28173,MATKI BY MASALA GALI,Bikaner,3.9,20,450,"North Indian,Mughlai"
28174,Doggy Style Hot Dogs,Bikaner,3.9,50,550,"American,Fast Food"
28175,The Fry Guys,Bikaner,3.7,20,100,"Fast Food,Snacks"
28176,De Cakery,Bikaner,4.6,50,600,"Bakery,Desserts"
28177,Yum Yum Cha,Bikaner,4.6,50,1800,"Japanese,Sushi"
28178,MY TIFFIN,Bikaner,3.7,100,200,"Indian,Tandoor"
28179,BASANT DHABA,Bikaner,3.4,50,400,"North Indian,Chinese"
28181,The Millionaire Parantha & Pakora,Bikaner,4.1,1000,300,"Chaat,North Indian"
28182,The Burger Factory,Bikaner,4.1,100,250,"American,Snacks"
28183,Unmarried Kitchen - Value Meals and Combos,Bikaner,3.7,100,300,"North Indian,Punjabi"
28184,Grotto,Bikaner,4.7,50,499,"Pizzas,Beverages"
28185,CAKE O CLOCKS,Bikaner,4.2,100,300,Desserts
28186,Yumways,Bikaner,4.1,500,199,"Thalis,North Indian"
28187,Sandburg Shakes,Bikaner,4.4,100,500,"American,Salads"
28188,Sage Concept stone oven,Bikaner,3.7,50,250,"Pizzas,Italian"
28189,New Shama Chicken Corner,Bikaner,3.4,100,250,Biryani
28190,Pasta Tales,Bikaner,4.1,100,300,"Italian,Desserts"
28191,Saladspoint,Bikaner,4.4,100,600,"Healthy Food,Salads"
28192,Cheesecake & co.,Bikaner,4.3,100,500,Bakery
28193,Karnataka,Bikaner,4.2,100,350,"South Indian,Chinese"
28194,Chinese Byte,Bikaner,4.5,100,300,"Chinese,Fast Food"
28195,Ammus South Indian,Bikaner,3.0,100,300,South Indian
28196,RENU KI RASOI,Bikaner,4.3,100,200,Indian
28197,C.I.A Call It Asiian,Bikaner,4.7,50,800,"Chinese,Thai"
28198,Street Foods By Punjab Grill,Bikaner,3.9,50,350,"North Indian,Indian"
28199,Singh Chicken And Fish Corner,Bikaner,4.3,100,400,"North Indian,Punjabi"
28200,Pasta La Vista,Bikaner,3.6,20,250,Italian
28201,Culinaire,Bikaner,4.3,100,600,"Chinese,Asian"
28202,JVR - Jai Vaishno Rasoi,Bikaner,4.2,500,250,"Chinese,North Indian"
28203,Wai Yu Mun Ching,Bikaner,4.3,100,550,"Chinese,Thai"
28204,GURGAON FOOD HUB,Bikaner,3.9,50,150,"Indian,Chinese"
28205,Westside Story,Bikaner,4.0,50,700,"Pizzas,Italian"
28206,Biryani Badshah,Bikaner,4.0,100,350,"Biryani,Hyderabadi"
28208,Green Cravings,Bikaner,3.9,50,250,"Healthy Food,Continental"
28209,PUNJABI HATTI,Bikaner,3.9,100,299,"North Indian,Punjabi"
28211,Wangchuk's Ladakhi & Tibetan Kitchen (Original),Bikaner,4.0,50,650,"Tibetan,Chinese"
28212,Chinjabi,Bikaner,4.1,100,300,"Chinese,Oriental"
28213,Qmono Express - A Chinese Affair,Bikaner,4.1,100,500,"Chinese,Thai"
28214,Krazy Rolls,Bikaner,4.0,100,250,Snacks
28215,Burger Hut,Bikaner,4.4,20,150,Fast Food
28216,Asia Seven,Bikaner,3.9,100,350,"Chinese,Asian"
28217,Chinese Daily,Bikaner,4.4,50,400,"Chinese,Thai"
28218,Ice Pice - Shakes & Sundaes,Bikaner,4.0,100,200,"Beverages,Desserts"
28219,Salt & Sugar,Bikaner,4.2,20,500,"Bakery,Desserts"
28220,Nikhil Food Point,Bikaner,3.8,100,250,North Indian
28221,Healthie,Bikaner,4.3,100,400,"Healthy Food,Keto"
28222,Baskin Robbins,Bikaner,3.8,20,250,"Desserts,Ice Cream"
28223,T WOK MANIA,Bikaner,4.2,50,150,"Fast Food,Snacks"
28224,DND - Daily Nutritional Diet,Bikaner,4.5,100,300,"Healthy Food,Salads"
28225,Chinese King,Bikaner,4.1,100,200,"Chinese,Snacks"
28226,The Orange Twigs Cafe,Bikaner,4.2,100,600,"Italian,American"
28227,KOOLCHAS - Mera Wala Kulcha,Bikaner,4.1,100,250,"North Indian,Snacks"
28229,Khabootar,Bikaner,4.0,100,600,"North Indian,Mughlai"
28230,Paratha Wala,Bikaner,3.7,500,300,"North Indian,Indian"
28231,Dhaba 29,Bikaner,4.3,100,1100,North Indian
28232,Jarfull,Bikaner,3.7,20,250,"Desserts,Bakery"
28233,Tandoori Nation,Bikaner,3.9,100,200,"Tandoor,North Indian"
28234,Ghee and Turmeric,Bikaner,4.2,100,500,"North Indian,Tandoor"
28235,DOKO'S,Bikaner,4.0,100,250,"Chinese,North Indian"
28236,Uttrakhand Bohra Bhojanalaya,Bikaner,4.2,50,300,"North Indian,Chinese"
28237,Dakshin Tadka,Bikaner,4.2,100,150,"South Indian,Snacks"
28238,Qwinny's,Bikaner,4.3,100,600,"Chinese,Pan-Asian"
28239,TWO HUNGRY STONERS,Bikaner,4.0,500,250,"Italian,Pizzas"
28240,LunchBox - Meals and Thalis,Bikaner,4.2,100,200,"North Indian,Punjabi"
28241,Indian Alley,Bikaner,4.4,100,450,"Indian,Snacks"
28242,ROLLS VILLE,Bikaner,3.9,100,300,"Burgers,Beverages"
28243,Dhaba 1947,Bikaner,4.1,1000,300,"North Indian,Tandoor"
28244,Chandni Chowk to Galwan Valley,Bikaner,4.2,1000,150,"Chinese,North Indian"
28245,GOHANA FAMOUS JALEBI,Bikaner,3.9,50,300,"Sweets,Desserts"
28246,Smokey kitchen,Bikaner,3.2,50,300,"North Indian,Chinese"
28247,CAFE TOASTIES,Bikaner,3.9,20,150,"Fast Food,Italian"
28250,Burma Burma,Bikaner,4.4,100,1500,Burmese
28251,Shawarma House,Bikaner,4.0,20,300,"Lebanese,Mediterranean"
28256,Balaji Food Service,Bikaner,4.1,20,200,"North Indian,Thalis"
28257,Jalsa - Indian and Ladakhi Kitchen,Bikaner,4.2,50,400,"Tibetan,North Indian"
28260,Captain G's - Burger Company,Bikaner,3.7,20,900,"American,Continental"
28262,Sweet Obsession,Bikaner,3.8,20,1100,"Bakery,Desserts"
28263,Arika Food Junction,Bikaner,4.2,20,200,"Indian,North Indian"
28268,Breakfast to Dinner,Bikaner,3.8,100,200,"North Indian,South Indian"
28269,Cafeteria & Co,Bikaner,3.6,20,900,"Continental,Italian"
28270,ASAGAO BY YUHI,Bikaner,4.7,20,800,"Japanese,Sushi"
28274,Daily Eats,Bikaner,3.8,500,250,"North Indian,South Indian"
28276,Currynama by Seven Seas,Bikaner,4.4,20,600,"North Indian,Mughlai"
28277,GetAWhey - Healthy Ice creams.,Bikaner,4.4,20,250,"Ice Cream,Healthy Food"
28278,SWEET AMNESIA,Bikaner,4.0,20,250,"Pizzas,Waffle"
28280,Murthal Xpress,Bikaner,3.1,20,250,"North Indian,Chinese"
28282,Uma Restaurant,Bikaner,3.9,20,300,"North Indian,Chinese"
28284,Smoodies,Bikaner,4.5,20,140,"Beverages,Snacks"
28287,Cafe Sain,Bikaner,4.6,50,200,"Chinese,Continental"
28288,Alam Muradabadi Biryani,Bikaner,3.6,50,250,Indian
28290,FLAVOURS ISLAND,Bikaner,3.8,100,200,Chinese
28292,Cocoberry,Bikaner,3.9,50,350,Desserts
28296,Punjabi By Nature,Bikaner,4.0,20,1300,North Indian
28301,NH1 Bowls - Highway To North,Bikaner,4.0,20,250,"North Indian,Punjabi"
28303,Tibb's Frankie - Serving Rolls since 1969,Bikaner,3.8,50,300,"Chinese,Indian"
28305,Curry N Grill Co,Bikaner,3.9,20,200,North Indian
28306,Bhai Ji Muradabadi & Hydrabadi Chicken Biryani,Bikaner,4.0,20,300,"Biryani,North Indian"
28308,Tea Cafe,Bikaner,3.7,20,100,"Beverages,Snacks"
28309,Side Wok,Bikaner,4.1,50,800,"Chinese,Pan-Asian"
28311,Zaika Amritsari,Bikaner,4.0,50,200,North Indian
28314,Keventers Ice Cream,Bikaner,4.5,20,300,"Ice Cream,Desserts"
28315,Omelette Station,Bikaner,3.7,20,300,"Snacks,Healthy Food"
28316,Balle Balle Punjab,Bikaner,3.6,100,300,"North Indian,Chinese"
28319,Dosa On My Plate (DOMP),Bikaner,3.5,100,200,"South Indian,Chinese"
28320,HRX by Eatfit,Bikaner,5.0,20,270,"Healthy Food,Salads"
28324,Silom,Bikaner,4.8,20,800,"Pan-Asian,Thai"
28326,New York Slice,Bikaner,4.1,100,350,"Pizzas,Italian"
28328,Choudhary Gohana Jalebi,Bikaner,3.8,50,150,"Sweets,Snacks"
28329,TASTE OF SIKKIM,Bikaner,4.0,100,300,"Chinese,Snacks"
28330,MoonMoon - Juicy Crustwiches,Bikaner,4.1,100,300,"American,Snacks"
28331,MOM IN THE KITCHEN,Bikaner,4.2,50,300,"North Indian,Chaat"
28334,Thaalicious,Bikaner,4.1,50,150,"North Indian,Chinese"
28335,THE SHAWARMA SECTION,Bikaner,3.8,100,200,"Indian,Pizzas"
28338,Flavors of Chennai,Bikaner,4.0,100,400,"South Indian,Snacks"
28339,Lo! - Low Carb and Keto Foods,Bikaner,4.1,100,100,"Healthy Food,Keto"
28340,Ghar Ki Rasoi,Bikaner,3.9,100,147,"North Indian,Combo"
28341,Mucchad's SamosaZz & More,Bikaner,3.5,100,250,"Street Food,North Indian"
28342,Cake club,Bikaner,3.8,50,199,"Bakery,Desserts"
28343,MURADABADI CHICKEN BIRYANI,Bikaner,3.8,20,200,"Biryani,North Indian"
28344,Hudson Chopsticks,Bikaner,4.4,100,300,"Chinese,Thai"
28345,DA PIZZA,Bikaner,2.2,20,500,Pizzas
28346,Stanley Ka Khichdi Dibba,Bikaner,4.4,500,150,"Home Food,Indian"
28347,Cafe Delhi Heights,Bikaner,4.0,100,800,"Continental,American"
28348,Arz- A food poetry,Bikaner,4.1,100,300,"North Indian,Indian"
28349,Great Indian Khichdi by EatFit,Bikaner,4.4,500,200,"Home Food,Indian"
28350,Dhokla House,Bikaner,3.7,50,150,"Gujarati,Desserts"
28351,Indian Tandoor,Bikaner,3.9,50,200,"North Indian,Tandoor"
28352,L' Opera,Bikaner,4.2,50,600,"Bakery,Desserts"
28353,DOSAMA,Bikaner,4.0,100,300,"South Indian,Andhra"
28354,Tongue Twisters,Bikaner,4.0,50,200,"Ice Cream,Desserts"
28355,The Sandwich Club,Bikaner,4.2,100,350,"Beverages,Salads"
28356,Chinese Hot Spot,Bikaner,4.2,100,200,"Chinese,Pan-Asian"
28357,Noodles Affair - Desi Chinese,Bikaner,4.1,100,250,"Indian,Chinese"
28358,BURGER MONK,Bikaner,3.5,50,250,"American,Pizzas"
28359,Enoki - Fresh Asian Kitchen,Bikaner,3.7,50,1000,"Chinese,Pan-Asian"
28360,Absolut Pasta - By Chef John,Bikaner,4.5,20,250,"Healthy Food,Pastas"
28361,Spicy Bites,Bikaner,4.3,50,300,"Chinese,Thai"
28362,"The Empress, A Mughlai Affair",Bikaner,4.2,1000,200,"North Indian,Mughlai"
28363,The Rajender Chaap,Bikaner,4.0,100,200,North Indian
28364,Tandoori Lane,Bikaner,4.2,500,500,"Indian,Mughlai"
28365,Vaango,Bikaner,3.8,100,400,South Indian
28366,Mahabelly,Bikaner,4.2,100,800,"South Indian,Kerala"
28367,MR. PAO,Bikaner,4.2,100,150,"Maharashtrian,Snacks"
28368,Bombay Meri Jaan,Bikaner,3.8,50,300,"Maharashtrian,Snacks"
28369,The Ivy,Bikaner,4.3,100,800,"Mediterranean,Lebanese"
28370,Road Through Dessert,Bikaner,4.4,100,400,"Bakery,Desserts"
28371,Ah So Yum,Bikaner,4.5,100,800,"Chinese,Pan-Asian"
28372,POMP - Pizza On My Plate,Bikaner,3.9,100,700,"Pizzas,American"
28373,Oriental Fusion,Bikaner,4.2,100,500,"Chinese,Thai"
28374,Champaran Meat Co.,Bikaner,4.1,100,300,"Bihari,Rajasthani"
28375,OM Shanti OM Sweets,Bikaner,2.3,20,300,Sweets
28376,Biryani Queen,Bikaner,3.7,100,400,"Biryani,Mughlai"
28377,34 Chowringhee Lane,Bikaner,4.3,100,200,Snacks
28380,The Fit Food,Bikaner,3.7,100,350,"Salads,Continental"
28381,Just Punjabi,Bikaner,4.0,100,350,"Indian,North Indian"
28382,How I Met Your Burger(Made in-house with love),Bikaner,4.0,50,200,"Continental,American"
28383,The Al Lazeez (Lajpat Nagar Fame),Bikaner,4.0,100,400,"Mughlai,North Indian"
28384,Yo! Chaw Mein,Bikaner,3.9,50,200,Chinese
28385,KOLKATA SWEETS,Bikaner,4.5,100,250,Indian
28386,SMOOR,Bikaner,4.1,50,350,"Desserts,Bakery"
28387,Wat-A-Burger! - India ka Burger,Bikaner,3.9,100,200,"Fast Food,American"
28388,Fat Lulu's Pizza,Bikaner,4.1,100,800,"Pizzas,Italian"
28392,Tapriwala,Bikaner,3.3,20,100,"Beverages,Snacks"
28393,Chakhna Padega,Bikaner,3.0,50,250,"North Indian,Chinese"
28396,Pita Pit,Bikaner,4.2,100,400,"Healthy Food,Salads"
28398,21 Gun Salute,Bikaner,4.0,20,1300,"Chinese,Oriental"
28401,Lucknowi Khazana,Bikaner,4.3,100,200,"North Indian,Biryani"
28404,Daebak Cafe - Delight In Every Bite,Bikaner,4.2,20,600,"Asian,Korean"
28405,Kwaliti,Bikaner,3.9,20,200,"North Indian,Chinese"
28406,La Vera Pizzeria,Bikaner,2.9,20,200,"Pizzas,Pastas"
28407,Abar Khabo,Bikaner,3.9,100,400,Bengali
28408,Kings Kulfi,Bikaner,4.5,20,100,"Ice Cream,Desserts"
28410,Imperfecto Patio,Bikaner,3.8,50,300,Indian
28411,Twisted Parathas,Bikaner,4.3,20,250,"North Indian,Snacks"
28412,Delectable Cafe,Bikaner,4.1,100,500,"Lebanese,Italian"
28413,SCUZO,Bikaner,4.3,50,250,"Ice Cream,Beverages"
28414,Kk Chaap Express,Bikaner,3.3,20,150,"North Indian,Snacks"
28415,Blue Tokai Coffee Roasters,Bikaner,4.3,100,800,"Healthy Food,Pastas"
28416,Matamaal,Bikaner,4.2,100,650,"North Indian,Kashmiri"
28420,Jalsa Indian & Ladakhi Kitchen,Bikaner,3.6,20,500,"Chinese,Snacks"
28422,Sheikh Shawarma,Bikaner,4.3,20,500,Lebanese
28423,Giani's,Bikaner,4.4,100,200,"Ice Cream,Desserts"
28424,It's Just Wings,Bikaner,4.0,20,400,"American,Fast Food"
28426,Anil Bombay Pav Bhaji Corner,Bikaner,3.6,50,150,North Indian
28427,Kitchen of Awadh,Bikaner,4.2,100,750,"Mughlai,Awadhi"
28428,Lebanese Points,Bikaner,4.0,100,300,"Lebanese,Mediterranean"
28429,Tandoori Trumpets,Bikaner,3.5,20,400,"North Indian,Chinese"
28430,Regal Curries,Bikaner,4.2,20,400,"North Indian,Rajasthani"
28431,WOW 38,Bikaner,2.7,20,350,Chinese
28433,Alkauser,Bikaner,3.9,100,550,"Mughlai,North Indian"
28434,Waffle Party,Bikaner,4.0,20,200,Desserts
28435,Royal Amritsar,Bikaner,4.6,20,300,"North Indian,Biryani"
28438,Flavours of Champaran,Bikaner,5.0,20,200,"North Indian,Bihari"
28439,Hilsas,Bikaner,4.0,100,400,"Bengali,Biryani"
28441,DELHI 38,Bikaner,3.3,20,300,"North Indian,Tandoor"
28442,Pirates of Grill,Bikaner,4.4,100,600,"North Indian,Mughlai"
28444,Burgerama,Bikaner,4.4,500,500,"American,Beverages"
28445,Fat Guy's Pizza,Bikaner,4.4,50,800,"Pizzas,Pastas"
28446,Gaon,Bikaner,3.9,100,300,"Bihari,Rajasthani"
28447,Imly,Bikaner,3.5,20,500,"South Indian,Chinese"
28448,Sehar Saanjh,Bikaner,3.9,50,400,"Biryani,Mughlai"
28449,THE WOK STORY,Bikaner,4.5,20,300,Chinese
28451,Biswas Dhaba,Bikaner,4.0,100,199,"North Indian,Bengali"
28454,Makery- Healthy Meal Bowls,Bikaner,4.4,50,800,"Healthy Food,Salads"
28457,Curry House CoCo Ichibanya,Bikaner,4.9,50,800,Asian
28461,Ministry Of Bhatura,Bikaner,3.9,20,350,"North Indian,Kebabs"
28463,Food Sauda,Bikaner,4.0,100,250,"North Indian,Chinese"
28465,The 56th Street,Bikaner,4.2,20,400,"North Indian,Fast Food"
28466,"WITCHERY, THE SANDWICH CO",Bikaner,4.4,50,500,"American,Salads"
28468,Theos,Bikaner,4.4,100,500,"Bakery,Pizzas"
28471,OLLY,Bikaner,4.3,20,900,"Pizzas,European"
28472,Asian Glitch,Bikaner,4.0,50,700,"Asian,Chinese"
28473,Nam's Kitchen,Bikaner,4.9,20,399,"North Indian,Awadhi"
28475,Bread Talk,Bikaner,4.1,20,450,"Desserts,Beverages"
28476,Goli Vada Pav No. 1,Bikaner,4.0,20,100,"Maharashtrian,North Indian"
28477,The Chhaunk,Bikaner,4.1,50,700,"Bihari,Street Food"
28479,CP'S Bhape,Bikaner,3.9,20,350,"Indian,Biryani"
28480,It's Sundae - Crave For More,Bikaner,4.6,20,180,"Desserts,Ice Cream"
28483,Canteen Central by Eatfit,Bikaner,3.7,100,200,"Pizzas,American"
28484,Cinnabon,Bikaner,4.5,50,500,Bakery
28485,Mr Singh Pizzeria,Bikaner,4.2,50,500,"Pizzas,Italian"
28486,DJ's Pizza & Pasta,Bikaner,4.1,100,400,"Pizzas,Pastas"
28487,Maalgaadi by Dhaba Estd 1986 Delhi,Bikaner,4.1,100,300,"North Indian,Indian"
28488,Greenr Cafe,Bikaner,4.2,50,1000,"Salads,Pizzas"
28489,Caffe Tonino,Bikaner,4.6,20,1400,Italian
28490,Spice Market - Premium Kebab Experience,Bikaner,4.9,20,600,"Indian,Mughlai"
28491,Kebab Tales (Authentic Indian),Bikaner,4.2,20,250,"North Indian,Kebabs"
28493,Creme Castle,Bikaner,3.8,20,200,"Desserts,Bakery"
28494,Addy's Burger & Pizza,Bikaner,2.6,20,250,"Fast Food,Pizzas"
28495,Khana Khazana Restaurant,Bikaner,2.6,20,200,Indian
28496,Maalaa Meal - Desi Thali,Bikaner,4.1,20,200,"North Indian,Thalis"
28497,Mad Over Curry,Bikaner,3.6,100,300,"North Indian,Mughlai"
28498,JHIBHE JAL,Bikaner,4.4,100,250,"Bengali,Bangladeshi"
28499,Juicy Lucy Burgers,Bikaner,4.2,20,400,"American,Fast Food"
28500,Sandhouse Cafe,Bikaner,4.3,100,600,"American,Pastas"
28501,UBQ by Barbeque Nation,Bikaner,4.1,500,300,"North Indian,Barbecue"
28502,Noshi - Yum Asian Delivery,Bikaner,4.5,50,1000,"Asian,Japanese"
28503,Moshio,Bikaner,5.0,20,700,"Asian,Chinese"
28504,SHOUSI WU,Bikaner,4.2,50,300,"Sushi,Japanese"
28505,Asian Fusion,Bikaner,4.1,100,300,"Chinese,Asian"
28506,Punjab Grill,Bikaner,3.9,100,700,"North Indian,Indian"
28507,The Sugar Free Keto Kafe - By Artinci,Bikaner,4.3,50,200,"Healthy Food,Keto"
28509,Paltan,Bikaner,4.3,100,500,"Indian,Mughlai"
28511,WAH JI WAH,Bikaner,3.1,20,300,"North Indian,Chinese"
28512,The Healers Cafe(THC),Bikaner,4.0,100,200,"Healthy Food,Salads"
28515,"Kebabi Karvaan - Kebabs, Curries & Biryanis",Bikaner,3.9,50,300,"Kebabs,Mughlai"
28516,BOLLYWOOD TADKA,Bikaner,3.9,100,250,"North Indian,Chinese"
28517,Drizzle & Dust,Bikaner,3.8,20,600,"Bakery,Beverages"
28518,Getafix,Bikaner,4.3,20,800,"Healthy Food,Continental"
28519,Curry Lounge,Bikaner,4.0,100,400,"North Indian,Mughlai"
28521,Nomad Pizza- Traveller Series,Bikaner,4.7,50,850,Indian
28522,WoW - Vada Pav & More,Bikaner,3.8,50,250,"Street Food,Fast Food"
28523,Nona's Kitchen,Bikaner,4.2,20,350,"Indian,Street Food"
28524,Sri Bikaner Mishtan Bhandar,Bikaner,3.6,50,400,"Snacks,Sweets"
28525,Crepe-fe,Bikaner,4.1,100,450,"Desserts,Pizzas"
28526,The Barbeque Company,Bikaner,3.5,50,500,"Barbecue,North Indian"
28527,Dhaba by Eleven Chefs,Bikaner,4.2,1000,200,"Indian,Mughlai"
28529,Barfi,Bikaner,4.3,1000,150,"North Indian,South Indian"
28531,Bakeburry,Bikaner,4.0,20,200,"Bakery,Desserts"
28532,Chinese Chong,Bikaner,4.1,20,200,"Chinese,North Indian"
28533,Vintage Kitchen,Bikaner,4.3,100,500,"Continental,Italian"
28534,Noodle Bowl,Bikaner,4.1,50,300,"Chinese,Thai"
28535,Urban Veg Meals,Bikaner,4.1,100,350,"North Indian,Chinese"
28536,Hunger Mafia,Bikaner,3.8,20,299,"Continental,North Indian"
28537,Indian Masala Story,Bikaner,4.1,20,200,"North Indian,Biryani"
28539,Saffron Aroma,Bikaner,4.2,50,399,"Indian,Biryani"
28540,ATH - All Things Healthy!,Bikaner,4.2,100,200,"Healthy Food,Snacks"
28541,Pind Balluchi (Sector 29),Bikaner,3.9,500,400,"Mughlai,North Indian"
28542,Waffle Fever,Bikaner,4.2,100,250,"Ice Cream,Desserts"
28543,Firangi Bake,Bikaner,3.5,20,400,"Italian,Mexican"
28544,Southy,Bikaner,3.2,100,200,"South Indian,Snacks"
28545,Ice Cream Square - A Royal Sweet Treat,Bikaner,4.0,50,140,"Desserts,Ice Cream"
28546,Delhi 6,Bikaner,4.1,100,300,"North Indian,Tandoor"
28547,The Pasta Bowl Company,Bikaner,4.4,20,800,"Italian,Pizzas"
28548,Thali House,Bikaner,3.7,20,250,"Thalis,North Indian"
28550,House of Wok,Bikaner,4.6,50,1000,"Chinese,Thai"
28551,EXPRESS BY AB'S,Bikaner,4.0,20,400,"Biryani,North Indian"
28552,Cake Party,Bikaner,4.1,20,200,"Bakery,Desserts"
28553,Dhaba 31,Bikaner,3.9,500,350,"North Indian,Tandoor"
28554,MAGIC MOMO,Bikaner,3.7,100,250,"Chinese,Continental"
28555,Lub Lub Lebanese,Bikaner,3.6,100,600,"Lebanese,Mediterranean"
28556,CDB (Chaat Dosa Biryani),Bikaner,3.9,20,250,"South Indian,Biryani"
28557,MATU RAM GOHANA JALEBI,Bikaner,3.6,50,300,Sweets
28558,Alessandro's Pizza,Bikaner,4.1,100,400,"Pizzas,Italian"
28559,Asian Haus - By Haus Delivery,Bikaner,4.1,50,800,"Asian,Chinese"
28560,Pure Veg Meals by Lunchbox,Bikaner,4.0,20,200,"North Indian,Desserts"
28561,Another Fine Day,Bikaner,4.7,100,500,"Continental,Healthy Food"
28562,Khichdi Aroma,Bikaner,4.2,100,200,"North Indian,Home Food"
28563,Indi Trail - Premium Indian Restaurant,Bikaner,4.2,20,250,"North Indian,Mughlai"
28564,Irfan Qashmi Biryani Center,Bikaner,4.2,50,250,"Biryani,North Indian"
28565,Third Wave Coffee,Bikaner,4.2,100,400,"Beverages,Bakery"
28566,Choko la,Bikaner,4.5,20,300,"Bakery,Cafe"
28567,Potli,Bikaner,3.7,100,450,"North Indian,Tandoor"
28568,Hollywood Pasta - Creamy Italian Taste,Bikaner,4.0,50,200,"Italian,Pastas"
28569,Mughal Affair,Bikaner,4.1,100,600,"North Indian,Mughlai"
28570,Kulcha walas,Bikaner,3.8,20,300,"North Indian,Desserts"
28571,Camino Pizzeria,Bikaner,4.5,20,300,"Pizzas,Italian"
28572,The champaran meat house,Bikaner,4.0,100,350,North Indian
28573,Cake Pals,Bikaner,3.9,20,199,"Bakery,Desserts"
28574,Sushiya,Bikaner,4.2,100,1200,"Sushi,Japanese"
28575,Sehat Cafe,Bikaner,4.3,100,400,"Salads,Continental"
28576,The Mummy's Parantha And Chinese Cuisines,Bikaner,4.5,100,200,"Indian,Thalis"
28577,48 Plates,Bikaner,4.3,100,500,"Goan,South Indian"
28578,Khuraak-Stay Healthy,Bikaner,4.1,100,250,"Healthy Food,Continental"
28579,Sandwich Cafe - Fresh To Your Home,Bikaner,4.1,50,180,"Healthy Food,Continental"
28580,GOBSMACKERS,Bikaner,4.2,50,600,"American,Burgers"
28581,Taste buds,Bikaner,4.3,100,299,"North Indian,Tandoor"
28582,Chinz Chinese,Bikaner,4.0,20,150,"Chinese,Indian"
28583,MALLU KERALA HOME KITCHEN,Bikaner,3.9,100,250,"South Indian,North Indian"
28584,Big Ones Burger's by Big Wong,Bikaner,4.3,100,400,"Fast Food,American"
28585,Fullon Punjab,Bikaner,4.0,100,250,"North Indian,Indian"
28586,Cake Adda,Bikaner,1.6,20,100,"Bakery,Indian"
28587,Mamagoto,Bikaner,4.3,100,800,"Chinese,Asian"
28588,Nando's,Bikaner,4.3,100,450,"Portuguese,African"
28589,The Spice Lab,Bikaner,4.3,100,800,"North Indian,Chinese"
28590,Grandma's Khichdi (Pure Veg),Bikaner,4.3,100,200,"Home Food,Indian"
28591,Nino Burgers,Bikaner,3.7,20,600,"American,Fast Food"
28593,Fork with Stick,Bikaner,3.9,50,300,"Chinese,Fast Food"
28594,KANSI,Bikaner,4.2,100,200,"North Indian,Combo"
28595,Chef Kenzo,Bikaner,4.7,20,700,"Continental,Mexican"
28596,Dhaba Estd 1986 Delhi,Bikaner,3.8,20,900,"Biryani,Hyderabadi"
28597,Rasoi - Khana Ghar Ka,Bikaner,3.9,50,200,"Home Food,North Indian"
28598,Waffle Fever Cafe,Bikaner,3.8,50,300,Desserts
28599,Cake and Art,Bikaner,3.1,20,200,"Bakery,Desserts"
28600,Konnichiwa - Sushi & New Age Japanese,Bikaner,4.0,50,950,"Japanese,Sushi"
28601,Coastal Reef,Bikaner,4.3,100,600,"Coastal,Seafood"
28602,Paratha home,Bikaner,3.9,20,199,"North Indian,Punjabi"
28603,Henry Havaldar,Bikaner,4.4,50,700,"North Indian,Mughlai"
28605,The DingDong Pizzeria By Big Wong,Bikaner,3.9,20,700,"Italian,Continental"
28606,CHATTYNADU,Bikaner,4.0,100,250,"South Indian,Kerala"
28608,Sushi Haus - By Haus Delivery,Bikaner,4.2,20,1000,"Japanese,Sushi"
28609,Ambersar By Enoki,Bikaner,4.1,50,800,"North Indian,Mughlai"
28610,The Republic of Biryani TROB,Bikaner,4.9,20,500,"Biryani,Kebabs"
28611,Lite Bite & Biryani,Bikaner,4.5,20,300,"Indian,Biryani"
28612,Tandoori Pizza,Bikaner,3.8,20,500,"Pizzas,Kebabs"
28615,Cakeoroma,Bikaner,3.7,20,600,Bakery
28616,"Oki Poki - Sushi, Dimsums & More",Bikaner,5.0,20,900,"Japanese,Sushi"
28617,Karim's,Bikaner,4.2,50,650,"Mughlai,North Indian"
28619,Prasuma Momo Kitchen,Bikaner,4.4,50,150,"Chinese,Beverages"
28620,YouMee,Bikaner,4.0,50,600,"Japanese,Asian"
28621,Slice Of Italy,Bikaner,3.9,20,500,"Pizzas,Italian"
28623,BIRYANI GRAM,Bikaner,4.4,20,400,"Indian,Combo"
28625,Purple Parrot- An Indian Kitchen,Bikaner,4.0,50,600,"North Indian,Biryani"
28626,Auntie Fung's,Bikaner,3.8,100,500,"Thai,Chinese"
28628,Southy Dosa (Gurgaon),Bikaner,3.6,100,200,"South Indian,Chinese"
28629,Fabcafe by Fabindia,Bikaner,4.3,20,800,"Indian,Continental"
28630,Chakhna 24X7,Bikaner,3.5,20,250,"Fast Food,Combo"
28631,Gunpowder Express,Bikaner,4.1,1000,300,"South Indian,Desserts"
28632,Indian Bowl Company (Awarded for Best Indian Bowls),Bikaner,4.3,20,200,"North Indian,Mughlai"
28635,Burrppp,Bikaner,3.8,100,300,"North Indian,Italian"
28636,The Ladakhi Kitchen,Bikaner,4.1,100,400,"Chinese,Tibetan"
28639,Tony's Italian Pizza,Bikaner,4.1,100,500,"Italian,Pizzas"
28641,Sakley's The Mountain Cafe,Bikaner,3.9,20,1200,"Italian,Continental"
28642,Cantonese Aroma,Bikaner,4.6,50,850,"Asian,Beverages"
28643,Chai Nashta,Bikaner,3.2,20,125,"Beverages,Snacks"
28645,PICK A TIKKA,Bikaner,4.2,100,350,"Mughlai,North Indian"
28646,Biryani au Dum,Bikaner,4.2,1000,300,"Biryani,Kebabs"
28647,Cake Town,Bikaner,3.7,50,300,Bakery
28649,United Coffee House Rewind,Bikaner,4.4,20,1000,"North Indian,European"
28650,Fries Please Cafe - Crispiest Fries Delivered,Bikaner,4.5,20,220,"Fast Food,American"
28652,Proper Burger,Bikaner,3.6,20,100,"Burgers,Beverages"
28653,FAT KING BURGER,Bikaner,3.4,20,300,"American,Fast Food"
28654,Mumbai Express Pav Bhaji Vada Pav,Bikaner,4.2,20,300,Fast Food
28657,Balaji's Vegetarian,Bikaner,4.2,50,200,"North Indian,Chinese"
28658,Parat,Bikaner,4.2,100,600,"North Indian,Kebabs"
28659,Dragon Dray,Bikaner,4.0,50,600,"Chinese,Snacks"
28660,Barista,Bikaner,4.1,50,350,"Beverages,Snacks"
28661,GRs Kitchen,Bikaner,4.1,20,350,"North Indian,Chinese"
28662,UDUPI,Bikaner,4.4,50,300,"South Indian,North Indian"
28663,Bowl Company Express,Bikaner,4.1,50,150,"Mughlai,North Indian"
28664,Superdogs - Gourmet Hotdogs,Bikaner,3.8,50,700,"Fast Food,American"
28665,The Keto Kitchen,Bikaner,4.0,20,500,"Continental,Indian"
28666,THE CAKE ELEVEN,Bikaner,4.5,20,500,"Bakery,Desserts"
28668,royal dhaba,Bikaner,3.7,20,150,"Indian,Chinese"
28669,Omelette Fusion,Bikaner,4.3,100,300,"Indian,Beverages"
28671,The Dessert Heaven - Pure Veg,Bikaner,4.4,50,200,"Bakery,Beverages"
28673,Call Chotu - Your Everyday Food Genie,Bikaner,4.5,50,300,"North Indian,American"
28674,SMELL OF KALIKATA,Bikaner,3.9,100,600,"Bengali,Bangladeshi"
28675,Call Chotu - Meal in a Bowl,Bikaner,4.6,50,300,"North Indian,Biryani"
28676,Cake 4 U,Bikaner,2.5,20,500,"Desserts,Bakery"
28678,Social,Bikaner,4.2,100,600,"North Indian,Chinese"
28679,Dribble,Bikaner,4.6,20,400,"Continental,Beverages"
28680,Oishii Wok,Bikaner,4.3,20,800,"Asian,Japanese"
28681,Indi Trail - Premium Indian Restaurant,Bikaner,3.7,20,250,"North Indian,Biryani"
28682,Delhi Wale Sardar Ji Veg & Non Veg,Bikaner,4.1,50,300,"North Indian,Biryani"
28683,Thali by Eden (Combos & Thalis),Bikaner,3.7,100,200,"Thalis,North Indian"
28684,Train to Punjab,Bikaner,4.0,50,600,"North Indian,Punjabi"
28685,Tiny Tuscan,Bikaner,4.1,50,500,"Italian,Pizzas"
28686,Ambarsari Chowk,Bikaner,4.1,20,600,"North Indian,Desserts"
28687,Indian Alchemy - Inspired by Tradition,Bikaner,4.3,20,500,"North Indian,Mughlai"
28688,Poi Saag,Bikaner,4.1,20,400,"North Indian,Chinese"
28690,Kin Thai,Bikaner,4.4,50,1000,"Thai,Asian"
28691,The Dessert Zone,Bikaner,3.8,20,200,"Bakery,Desserts"
28692,3 and a Half Cafe,Bikaner,4.4,50,500,"Healthy Food,Juices"
28693,Two Wholesome Bakers,Bikaner,3.8,20,300,Bakery
28694,Indian Grill Room,Bikaner,4.2,100,800,"North Indian,Mughlai"
28695,Combo Affairs,Bikaner,3.9,50,300,"North Indian,Chinese"
28696,Jamie Oliver's Diner,Bikaner,3.6,20,500,"American,Italian-American"
28699,Burger Queen,Bikaner,3.9,20,200,"Snacks,Beverages"
28700,The Dimsum House,Bikaner,3.8,20,400,"Chinese,Thai"
28702,Fuchsia Bakery & Patissarie,Bikaner,3.7,20,300,Bakery
28703,Cakes Today,Bikaner,3.4,20,200,"Bakery,Desserts"
28704,Golden Dragon,Bikaner,4.1,20,1300,"Chinese,Seafood"
28705,Go Kylin,Bikaner,3.9,20,800,"Chinese,Asian"
28707,Xing Chinese,Bikaner,4.1,20,200,"Chinese,Pan-Asian"
28708,Crudo Juicery & Salad Bar,Bikaner,4.4,20,500,"Salads,Juices"
28709,Biryani Shah,Bikaner,4.1,20,400,"Biryani,Hyderabadi"
28711,Italiano,Bikaner,3.9,20,1000,"Italian,Pizzas"
28712,Baketards,Bikaner,4.2,50,300,"Bakery,Desserts"
28713,The Artful Baker,Bikaner,4.5,20,500,"Desserts,Bakery"
28714,Sabai,Bikaner,4.0,20,399,"Asian,Thai"
28715,Asian King,Bikaner,4.3,20,500,"Chinese,Asian"
28717,Panbox Noshery,Bikaner,4.4,20,300,"Asian,Chinese"
28718,EMOI- ARTISANAL ICE CREAMS & GELATO,Bikaner,4.5,20,200,"Ice Cream,Desserts"
28722,Bengali By Nature,Bikaner,3.4,50,350,"Bengali,Street Food"
28723,Nutri Ninja,Bikaner,4.0,50,300,"Healthy Food,Fast Food"
28724,Affordable Burgers,Bikaner,4.6,20,100,Snacks
28726,Anu Amaravathi Hotel,Bikaner,3.0,20,400,"South Indian,North Indian"
28727,OriBonng,Bikaner,4.3,100,300,"Bengali,Desserts"
28728,Black Mustard,Bikaner,4.4,100,200,"Indian,Mughlai"
28732,tandoori daawat,Bikaner,3.6,20,200,"North Indian,Chinese"
28733,Yo! China,Bikaner,3.9,20,500,Chinese
28734,Hahn's Kitchen,Bikaner,4.2,20,1500,Korean
28735,"Cafe Dakia-Pizza,Pasta & More",Bikaner,4.0,50,400,"Pizzas,Pastas"
28736,Chickeera,Bikaner,4.2,100,500,"American,Mexican"
28739,Mealbox By Dana Choga,Bikaner,4.1,50,300,North Indian
28740,AKU'S - The Brrgrr Co,Bikaner,4.6,20,600,"Beverages,American"
28742,Biradar,Bikaner,4.0,50,300,"Indian,North Indian"
28744,Punjab The Pind,Bikaner,4.1,50,200,"Chinese,North Indian"
28745,The Flying Gastronaut,Bikaner,4.2,50,300,"Pizzas,Italian"
28746,Apna tiffin service,Bikaner,3.9,20,800,"Chinese,North Indian"
28748,World In a Wok,Bikaner,4.0,20,600,"Thai,Chinese"
28750,MOTI MAHAL DELUX,Bikaner,3.9,100,300,"Chinese,North Indian"
28751,Tadka Nation,Bikaner,4.1,50,200,"North Indian,Mughlai"
28752,Tandoori Laziz,Bikaner,4.3,50,150,"North Indian,Chinese"
28756,Jamie's Pizzeria by Jamie Oliver,Bikaner,3.9,20,800,"Italian,Pizzas"
28759,1900 Ad - A Kitchen Love Story,Bikaner,4.5,20,400,"North Indian,Biryani"
28765,Masala Synergy,Bikaner,4.9,50,700,"North Indian,Mughlai"
28767,The Asian Secret,Bikaner,4.2,20,200,"North Indian,Chinese"
28770,Made In Punjab,Bikaner,3.9,100,600,"North Indian,Mughlai"
28774,Bombay Food Point,Bikaner,3.6,20,199,Indian
28777,Chawlas2,Bikaner,3.7,100,400,"Indian,Chinese"
28778,Delight Express,Bikaner,3.6,20,400,"North Indian,Indian"
28780,Dhaba 2.0,Bikaner,4.4,20,500,"Chinese,North Indian"
28782,Dimsum & co,Bikaner,4.4,50,600,"Chinese,Thai"
28786,Shake O Burger,Bikaner,4.6,20,200,"Beverages,Fast Food"
28789,The Sprinklez,Bikaner,3.8,20,200,"Bakery,Snacks"
28790,Itminaan Biryani - Dum Pukht,Bikaner,4.4,20,400,"Biryani,North Indian"
28795,The Potbelly Divine,Bikaner,3.3,20,1100,"Bihari,Beverages"
28796,FOODIE ADA,Bikaner,3.3,50,250,"Arabian,North Indian"
28798,The protein cafe,Bikaner,3.9,20,200,"American,Healthy Food"
28803,Saleem Javed Rule The Rolls,Bikaner,4.0,20,500,"Fast Food,Mughlai"
28806,Edesia by Freshmenu,Bikaner,4.4,20,150,"Desserts,Bakery"
28809,Little roti,Bikaner,3.7,50,250,"North Indian,Tandoor"
28819,Artiste Handcrafted Ice Cream,Bikaner,4.4,50,300,"Ice Cream,Desserts"
28825,Annapurna Tiffin Service,Bikaner,3.8,20,200,"North Indian,Indian"
28829,Oh China,Bikaner,3.8,20,250,"Chinese,Tibetan"
28831,Yours Truly Butter Chicken,Bikaner,4.7,50,600,"North Indian,Kebabs"
28840,JANAAB TANDOOR SINGH,Bikaner,4.4,20,400,North Indian
28844,Garlic in the bread - Cheesier Than Ever,Bikaner,3.9,50,250,"Continental,Italian"
28850,Kathi Cartel,Bikaner,3.6,50,300,"North Indian,Lebanese"
28852,TROHO - Desi Binge,Bikaner,3.9,100,250,"North Indian,Street Food"
28862,Mr. PARATHA DAS,Bikaner,2.8,20,200,"North Indian,Chinese"
28864,LA TANDOORI,Bikaner,4.5,20,300,"North Indian,Chinese"
28868,Butter Chicken Factory,Bikaner,4.1,20,500,"North Indian,Indian"
28878,Red Hot - The Asian Kitchen,Bikaner,4.2,20,700,"Asian,Chinese"
28880,Cake Innovation,Bikaner,3.5,20,350,Bakery
28884,Shawarma's Affairs,Bikaner,3.9,20,250,"Arabian,Lebanese"
28888,Dagrooz,Bikaner,4.2,50,400,"North Indian,Chinese"
28895,Eighty-Twenty,Bikaner,4.9,20,450,"American,Fast Food"
28912,Dhaba by Royal Spice,Bikaner,3.9,20,200,"North Indian,Beverages"
28917,THE BOWL FACTORY,Bikaner,3.7,100,200,"North Indian,Biryani"
28920,Shera Da Dhaba,Bikaner,3.2,50,300,"North Indian,Punjabi"
28921,Juice Nation,Bikaner,3.8,20,200,"Juices,Beverages"
28922,ECO MEAL,Bikaner,4.0,100,150,"Combo,North Indian"
28925,Anytime Meals,Bikaner,2.8,20,200,"Indian,Sweets"
28927,Way 2 Fit - Delicious way of healthy living,Bikaner,4.0,20,300,"Healthy Food,Salads"
28934,Comorin,Bikaner,4.3,20,1000,"North Indian,South Indian"
28936,Sharaabi Kebabi,Bikaner,3.8,50,200,"Kebabs,North Indian"
28937,Paratha King,Bikaner,4.1,20,200,Indian
28942,Brahmin's Kitchen,Bikaner,3.7,20,500,"North Indian,Tandoor"
28943,Dragon Singh,Bikaner,4.7,20,500,"North Indian,Snacks"
28946,THALI CORNER,Bikaner,4.5,20,250,"North Indian,Chinese"
28955,Guru Ji Fresh Juice,Bikaner,4.3,20,200,"Juices,Beverages"
28969,shakes & chakna,Bikaner,3.8,20,200,"Beverages,Ice Cream"
28976,Eco Meals,Bikaner,3.9,50,150,"North Indian,Mughlai"
28980,Roots - Cafe In The Park,Bikaner,4.4,20,800,"Italian,Indian"
28981,Vaishno Dhaba,Bikaner,5.0,20,200,"Indian,Thalis"
28992,SHAMA CHICKEN BIRYANI CORNER,Bikaner,3.4,20,250,North Indian
28995,Punjabi Rasoi,Bikaner,4.8,20,400,"North Indian,Chinese"
29009,Radhe Radhe Chaap Corner,Bikaner,4.3,20,200,North Indian
29017,ChaiBaaz,Bikaner,4.0,20,199,"Beverages,Chaat"
29018,Nayi Dilli ke Paranthe,Bikaner,4.7,50,300,"Indian,North Indian"
29026,Norenj,Bikaner,3.9,50,700,"Indian,Chinese"
29028,Yeti - The Himalayan Kitchen,Bikaner,4.1,50,1000,"Asian,Nepalese"
29030,Tummies,Bikaner,3.5,20,400,"North Indian,Chinese"
29031,BHATURI BATEY,Bikaner,3.7,20,150,"North Indian,Street Food"
29032,Bhains Ki Aankh - Indian Kitchen,Bikaner,4.0,50,450,"North Indian,Tandoor"
29038,Ching's Town,Bikaner,4.1,50,400,"Chinese,Pan-Asian"
29048,Pizza Theory,Bikaner,3.3,20,400,"Pizzas,Italian"
29050,KARIM'S MUGHLAI FOOD,Bikaner,4.2,20,600,"Mughlai,Tandoor"
29055,Haka,Bikaner,4.2,20,500,"Chinese,Asian"
29056,Mainland China,Bikaner,3.9,20,1000,"Chinese,Asian"
29058,Asia Kitchen by Mainland China,Bikaner,4.8,20,1000,"Chinese,Asian"
29073,chow china,Bikaner,4.3,20,250,Chinese
29078,Paratha Box by EatFit,Bikaner,4.1,20,250,"North Indian,Punjabi"
29085,Diwans Curry,Bikaner,4.6,20,300,"North Indian,Indian"
29093,Special Mutton Handi,Bikaner,4.0,20,250,North Indian
29104,Begums Khansama,Bikaner,4.3,50,200,"North Indian,Snacks"
29111,Dheeraj Vaishno Dhaba,Bikaner,3.9,1000,200,"North Indian,Indian"
29115,KB's Kulfi & Icecream,Bikaner,3.3,20,200,Ice Cream
29119,Posa - All Things Indian,Bikaner,4.6,20,800,"North Indian,Tandoor"
29129,Khadak Singh Da Dhaba,Bikaner,4.8,20,300,"North Indian,Mughlai"
29133,Casa Curry (Authentic Indian),Bikaner,3.8,100,200,"North Indian,Tandoor"
29137,ParaFit Delivers,Bikaner,4.4,20,400,"Healthy Food,Continental"
29139,Fittin,Bikaner,5.0,20,300,"Indian,North Indian"
29142,Dal Chini,Bikaner,2.3,20,200,"North Indian,Chinese"
29153,31 China Town,Bikaner,4.0,100,350,"Chinese,Asian"
29159,Pantastic,Bikaner,4.4,20,450,"Asian,Chinese"
29161,Pikopiko,Bikaner,4.7,20,450,"Continental,Healthy Food"
29167,Punjab on My Plate,Bikaner,4.3,20,500,"North Indian,Italian"
29180,Noodle The Chinese Cuisine,Bikaner,3.3,20,200,Chinese
29191,The Cafe by Foodhall,Bikaner,4.4,20,300,"Continental,Desserts"
29192,Brown Sugar,Bikaner,4.3,50,600,"Fast Food,Chinese"
29194,Copper Chimney,Bikaner,4.9,20,800,"North Indian,Indian"
29195,Bowls To You,Bikaner,4.1,20,200,"North Indian,Snacks"
29196,Grubs 'N' Munchies,Bikaner,4.8,20,300,"North Indian,Chinese"
29200,Oh! Calcutta,Bikaner,4.3,100,800,Bengali
29204,Mirchi Dhaba,Bikaner,3.8,100,200,"North Indian,Chinese"
29207,Cafe 96,Bikaner,4.8,20,300,"Chinese,Thai"
29209,Only Bowl,Bikaner,4.8,20,300,"North Indian,Chinese"
29212,Tai Chi Bowl,Bikaner,4.5,20,300,"Chinese,Thai"
29215,Bao & More,Bikaner,4.4,20,300,"Thai,Chinese"
29216,The Greedy Man Pizzeria,Bikaner,4.9,20,500,"Pizzas,Desserts"
29223,Lucknowee,Bikaner,4.3,20,600,"North Indian,Biryani"
29233,Little momo cafe,Bikaner,3.8,20,200,"Chinese,Tibetan"
29235,Kowloon Chinese,Bikaner,4.1,20,200,"Chinese,Beverages"
29236,Al-Rasheed,Bikaner,4.6,50,600,Mughlai
29240,Fat Lulu's Cafe & Bar,Bikaner,3.7,20,800,"Pizzas,Italian"
29245,Royal Bawarchi,Bikaner,3.8,20,350,"North Indian,Mughlai"
29251,TROHO Homffins - Sim's Tasty Treat,Bikaner,3.9,100,200,"North Indian,Home Food"
29260,Vyanjan 2.O,Bikaner,4.1,20,300,"North Indian,Chinese"
29281,The Spice Wok - Chinese Kitchen,Bikaner,4.2,50,450,"Chinese,Thai"
29290,Miso - The Asian Kitchen,Bikaner,4.1,20,600,"Asian,Japanese"
29292,ITC Fabelle Chocolates,Bikaner,4.8,20,600,"Bakery,Desserts"
29301,The Lunchbox,Bikaner,3.7,50,500,Indian
29312,SHEIKH CHANG SINGH,Bikaner,4.5,50,200,"Chinese,Indian"
29320,Shiso & YuChoi,Bikaner,4.3,20,1600,"Japanese,Thai"
29340,Mummy's Kitchen,Bikaner,4.3,20,200,Indian
29346,Jugaad Kitchen,Bikaner,4.0,100,300,"North Indian,Mughlai"
29357,MeBo,Bikaner,4.1,20,600,"Salads,Indian"
29380,Shokeen Mumbai Vada Pav,Bikaner,3.0,20,250,"Fast Food,Chinese"
29381,The shawarma star,Bikaner,4.1,20,500,"Lebanese,Arabian"
29385,Jujube Asian Cookhouse,Bikaner,4.6,50,450,"Pan-Asian,Chinese"
29387,Waffle O Burger,Bikaner,3.3,20,200,"South Indian,Combo"
29392,Paratha by Inch,Bikaner,3.9,100,250,"Indian,Chinese"
29396,Tandoori Platter,Bikaner,3.4,50,400,"Tandoor,Mughlai"
29400,Tempted by Tandoor,Bikaner,3.7,20,400,"Tandoor,Chinese"
29401,Chinese Mantra,Bikaner,4.2,20,200,"Chinese,Pan-Asian"
29402,Foxtrot,Bikaner,4.2,20,900,"Pizzas,Salads"
29410,Colonel's Kababz,Bikaner,3.7,20,800,"Mughlai,North Indian"
29414,NUTRIPOT,Bikaner,3.6,50,200,"North Indian,Thalis"
29416,WAH ! AMRITSAR,Bikaner,3.8,20,600,Indian
29423,Kuuraku Sushi Bar,Bikaner,4.3,20,1300,Japanese
29425,DESI DHABA,Bikaner,3.0,50,300,"Chinese,Indian"
29436,THE PIZZA AFFAIR,Bikaner,3.9,20,200,"Pizzas,American"
29437,RAJDHANI BURGER,Bikaner,4.0,20,500,"Continental,Italian"
29438,SodaBottleOpenerWala,Bikaner,3.8,100,600,Parsi
29440,SMOKE HOUSE DELI,Bikaner,4.3,50,800,"Italian,Continental"
29443,Asian Culinaire - Pan Asian Gourmet,Bikaner,4.0,100,200,"Chinese,Thai"
29444,DONER KEBAB HOUSE,Bikaner,3.8,50,450,"Lebanese,Turkish"
29461,CHENG HENG ASIA,Bikaner,4.1,20,300,"Chinese,Thai"
29466,KALAKAARI,Bikaner,4.4,50,499,"North Indian,Pizzas"
29482,The Good Phat,Bikaner,4.0,20,400,"Continental,Juices"
29492,Tandoori Grill (Authentic Indian),Bikaner,3.7,20,200,"Tandoor,North Indian"
29493,Maiden's Pan Asian Gourmet,Bikaner,3.3,20,200,"North Indian,Mughlai"
29495,HELLO FOODS,Bikaner,3.0,20,200,"North Indian,Chinese"
29502,Stop My Starvation,Bikaner,4.2,20,300,"Bakery,Fast Food"
29503,Heritage,Bikaner,4.2,20,500,North Indian
29504,TasteBox,Bikaner,3.3,20,200,"North Indian,Beverages"
29505,B Chom Ping,Bikaner,5.0,20,450,"Chinese,Snacks"
29511,BOKCHOY,Bikaner,3.3,20,700,"Japanese,Thai"
29513,ALMADHAQ,Bikaner,4.2,100,250,"Lebanese,Desserts"
29516,RAOJI,Bikaner,4.2,50,250,Indian
29527,Tandoori Knights,Bikaner,4.1,20,300,North Indian
29528,Bombay Sandwich Company,Bikaner,3.5,50,200,"Maharashtrian,Indian"
29535,Culinary Blend,Bikaner,3.7,20,1000,"Mexican,Oriental"
29536,Hunger mania,Bikaner,3.1,20,250,Indian
29544,The Waffle Club,Bikaner,4.2,20,200,"Desserts,Beverages"
29552,NYC.PIE,Bikaner,4.0,20,500,"Pizzas,Italian"
29553,Fitchef,Bikaner,3.8,50,400,"Healthy Food,American"
50728,DESI THAATH,"Greater Kailash 2,Delhi",4.0,20,500,"Indian,Chinese"
50731,Shiv Da Dhaba,"Greater Kailash 2,Delhi",4.3,20,500,"Indian,Chinese"
50738,Anytime Restaurant,"Greater Kailash 2,Delhi",4.6,500,250,"Chinese,North Indian"
50739,Madras Vyanjan,"Greater Kailash 2,Delhi",2.8,20,200,South Indian
50743,HEALING BITE,"Greater Kailash 2,Delhi",3.3,20,300,Healthy Food
50746,La Mia,"Greater Kailash 2,Delhi",4.1,50,300,"Bakery,Desserts"
50747,Keventers Ice Cream,"Greater Kailash 2,Delhi",4.0,100,300,"Ice Cream,Desserts"
50749,Southern Junction,"Greater Kailash 2,Delhi",4.0,50,600,South Indian
50751,The Good Bowl,"Greater Kailash 2,Delhi",4.2,50,400,"North Indian,Punjabi"
50753,Panda Wokk,"Greater Kailash 2,Delhi",3.9,100,600,"Chinese,Thai"
50754,Dolna Aunty Momos & Chinese,"Greater Kailash 2,Delhi",3.6,20,300,"Chinese,Snacks"
50755,The Burger Club,"Greater Kailash 2,Delhi",4.1,1000,250,"American,Beverages"
50756,Annapurna SWEET HOUSE,"Greater Kailash 2,Delhi",4.4,20,70,"Sweets,Snacks"
50760,Aggarwal Sweet center,"Greater Kailash 2,Delhi",4.0,100,150,"North Indian,Sweets"
50762,JUST A BITE,"Greater Kailash 2,Delhi",4.1,100,300,"Chinese,Fast Food"
50763,The Hunger Home,"Greater Kailash 2,Delhi",3.9,100,200,"Chinese,North Indian"
50764,Chulha Punjabi Da,"Greater Kailash 2,Delhi",2.9,20,250,"Mughlai,Indian"
50766,Ghee and Turmeric,"Greater Kailash 2,Delhi",3.8,100,500,"North Indian,Tandoor"
50767,Tandoori Pizza,"Greater Kailash 2,Delhi",3.8,20,500,"Pizzas,Kebabs"
50769,Edesia by Freshmenu,"Greater Kailash 2,Delhi",3.9,20,150,"Desserts,Bakery"
50774,Carnatic Cafe,"Greater Kailash 2,Delhi",4.4,100,400,South Indian
50775,Ah So Yum,"Greater Kailash 2,Delhi",4.5,500,500,"Chinese,Pan-Asian"
50783,Biswas Sweets,"Greater Kailash 2,Delhi",4.0,50,80,Sweets
50784,Dolce Gelato,"Greater Kailash 2,Delhi",4.5,20,200,"Ice Cream,Desserts"
50795,Takkar Dhaba,"Greater Kailash 2,Delhi",3.6,100,300,"North Indian,Chinese"
50796,Bikkgane Biryani,"Greater Kailash 2,Delhi",4.1,1000,400,"Biryani,Mughlai"
50797,Prince Chaat by Prince Paan,"Greater Kailash 2,Delhi",3.8,20,300,"Street Food,Fast Food"
50801,Urban Meal,"Greater Kailash 2,Delhi",4.0,20,500,American
50802,Bhatti Sardara Di,"Greater Kailash 2,Delhi",3.7,100,300,"North Indian,Punjabi"
50803,Brown Sugar,"Greater Kailash 2,Delhi",3.9,100,600,"Chinese,American"
50807,Pure Veg Meals by Lunchbox,"Greater Kailash 2,Delhi",4.1,20,200,"North Indian,Desserts"
50811,Amar Shonar Bangla,"Greater Kailash 2,Delhi",4.1,500,500,"Bengali,North Indian"
50812,Mo and Co,"Greater Kailash 2,Delhi",3.5,50,150,"Chinese,Fast Food"
50814,AAM ODISHA,"Greater Kailash 2,Delhi",3.8,50,150,Oriya
50815,For God's Cake,"Greater Kailash 2,Delhi",3.7,100,250,"Desserts,Bakery"
50824,Haldirams,"Greater Kailash 2,Delhi",4.3,20,500,"Chaat,North Indian"
50827,Taco Bell,"Greater Kailash 2,Delhi",3.9,100,300,Mexican
50831,Tandoor-e-Khwab,"Greater Kailash 2,Delhi",4.1,20,500,"North Indian,Kebabs"
50834,Kake Da Kukkad,"Greater Kailash 2,Delhi",4.0,100,250,"North Indian,Kebabs"
50842,Madam Curry - Luxury Indian Delivery,"Greater Kailash 2,Delhi",4.2,20,800,"North Indian,Mughlai"
50844,Bowl Meals And More,"Greater Kailash 2,Delhi",3.9,100,300,"North Indian,Biryani"
50845,Amma Food Corner,"Greater Kailash 2,Delhi",4.2,20,200,South Indian
50848,Eastern Cravings,"Greater Kailash 2,Delhi",4.2,100,300,"Chinese,Asian"
50849,The Kulchas,"Greater Kailash 2,Delhi",4.0,500,100,"North Indian,Snacks"
50851,Asli Pishori kharode wala,"Greater Kailash 2,Delhi",3.9,20,250,"North Indian,Mughlai"
50855,Kabab Corner,"Greater Kailash 2,Delhi",4.2,20,500,Mughlai
50857,Punjabiya di Hatti,"Greater Kailash 2,Delhi",3.9,100,300,"North Indian,Mughlai"
50859,Neha's Street,"Greater Kailash 2,Delhi",4.0,20,300,"Chinese,Thai"
50860,Grameen Kulfi,"Greater Kailash 2,Delhi",4.4,50,120,"Ice Cream,Desserts"
50861,Rollsking,"Greater Kailash 2,Delhi",3.9,500,250,"Fast Food,North Indian"
50862,The Canteen Project,"Greater Kailash 2,Delhi",4.2,20,250,"North Indian,Street Food"
50866,The Big Grill,"Greater Kailash 2,Delhi",3.6,20,300,"Indian,Mughlai"
50867,Culinaire,"Greater Kailash 2,Delhi",4.3,100,600,"Chinese,Thai"
50868,Pizza Hut,"Greater Kailash 2,Delhi",3.7,500,350,Pizzas
50872,Chinese Culture,"Greater Kailash 2,Delhi",3.8,20,450,Chinese
50873,The Baker's Dozen,"Greater Kailash 2,Delhi",4.1,50,300,"Bakery,Desserts"
50874,Kwality Walls Frozen Dessert and Ice Cream Shop,"Greater Kailash 2,Delhi",4.3,100,300,Ice Cream
50875,Annapurna Bhojnalya,"Greater Kailash 2,Delhi",3.8,100,150,"Indian,Chinese"
50876,Burgrill - The Win Win Burger,"Greater Kailash 2,Delhi",4.4,100,250,"Burgers,Healthy Food"
50878,Pahadi Caterers,"Greater Kailash 2,Delhi",3.9,20,200,Indian
50883,Theobroma,"Greater Kailash 2,Delhi",4.7,100,800,"Desserts,Bakery"
50887,Bercos - If you love chinese,"Greater Kailash 2,Delhi",4.1,100,600,"Chinese,Thai"
50889,Keventers - Milkshakes and Desserts,"Greater Kailash 2,Delhi",4.2,500,300,"Beverages,Ice Cream"
50891,SoupX-Sip of Health,"Greater Kailash 2,Delhi",4.0,20,400,"Healthy Food,Salads"
50892,BIG Burger 247,"Greater Kailash 2,Delhi",4.8,20,500,American
50893,Good Flippin' Burgers,"Greater Kailash 2,Delhi",4.7,20,600,"Burgers,Fast Food"
50894,BIKANER STREET,"Greater Kailash 2,Delhi",3.8,20,400,"Indian,Chinese"
50896,Vatika,"Greater Kailash 2,Delhi",4.0,100,200,"North Indian,Mughlai"
50903,Healthiemenu,"Greater Kailash 2,Delhi",3.9,500,250,"Healthy Food,Salads"
50904,THE PIZZA COOK,"Greater Kailash 2,Delhi",3.5,100,299,Pizzas
50910,Panx Pizza,"Greater Kailash 2,Delhi",3.6,20,300,"Italian,Fast Food"
50915,THE CAKE PALACE,"Greater Kailash 2,Delhi",2.3,20,200,Desserts
50918,Pehlwan Di Hatti,"Greater Kailash 2,Delhi",3.7,50,300,"Mughlai,North Indian"
50923,Momo City Express,"Greater Kailash 2,Delhi",3.9,100,150,"Chinese,Snacks"
50926,VIP SWEETS ( CR PARK MARKET 2 ),"Greater Kailash 2,Delhi",4.0,20,300,Sweets
50927,ZAZA 22 Spice Biryani,"Greater Kailash 2,Delhi",3.8,50,250,"Biryani,North Indian"
50931,Prince Paan,"Greater Kailash 2,Delhi",4.5,20,200,Paan
50932,Slice of Venice Pizzas,"Greater Kailash 2,Delhi",4.0,100,300,"Pizzas,Pastas"
50934,Tibb's Frankie,"Greater Kailash 2,Delhi",3.9,100,250,"Chinese,Indian"
50936,Time's Kitchen,"Greater Kailash 2,Delhi",3.6,20,300,"Chinese,Fast Food"
50939,Asia Kitchen by Mainland China,"Greater Kailash 2,Delhi",5.0,20,1000,"Asian,Chinese"
50940,Madhuvan chinese fast food,"Greater Kailash 2,Delhi",3.7,20,100,"Chinese,North Indian"
50941,Big Fat Sandwich & Pizza,"Greater Kailash 2,Delhi",3.9,20,800,"American,Continental"
50945,Asli Desi Thaath,"Greater Kailash 2,Delhi",4.6,20,250,"North Indian,Mughlai"
50946,Nando's,"Greater Kailash 2,Delhi",4.2,100,450,"Portuguese,African"
50947,Muradabadi Shahi Biryani and Chicken Corner,"Greater Kailash 2,Delhi",3.8,100,250,Biryani
50948,ETSU,"Greater Kailash 2,Delhi",4.2,50,700,"Asian,Chinese"
50949,Creme N Crisp,"Greater Kailash 2,Delhi",3.9,500,400,"Desserts,Bakery"
50951,Angry Mama's Wok,"Greater Kailash 2,Delhi",4.3,50,500,"Asian,Thai"
50952,Badnaam Chur Chur Naan,"Greater Kailash 2,Delhi",3.7,20,200,North Indian
50953,Plates And Bowls,"Greater Kailash 2,Delhi",4.0,100,300,"North Indian,Kebabs"
50954,Indian Cravings,"Greater Kailash 2,Delhi",3.9,50,300,"Indian,Chinese"
50956,PANDAN - Asian Eats,"Greater Kailash 2,Delhi",4.3,50,700,"Asian,Chinese"
50957,Punjab Grill,"Greater Kailash 2,Delhi",4.0,50,900,"North Indian,Indian"
50959,The Food Section,"Greater Kailash 2,Delhi",4.3,20,200,"Chinese,North Indian"
50960,Zambar,"Greater Kailash 2,Delhi",4.5,20,400,"South Indian,Andhra"
50961,Kebabish,"Greater Kailash 2,Delhi",4.5,20,300,"North Indian,Chinese"
50963,The Artful Baker,"Greater Kailash 2,Delhi",4.1,20,400,"Desserts,Bakery"
50964,Qwinny's,"Greater Kailash 2,Delhi",4.9,20,600,"Chinese,Pan-Asian"
50966,Begum Noor Jahan Biryani,"Greater Kailash 2,Delhi",4.7,20,600,Biryani
50967,YouMee,"Greater Kailash 2,Delhi",4.2,50,800,"Japanese,Asian"
50969,Street Foods By Punjab Grill,"Greater Kailash 2,Delhi",3.9,100,300,"Mughlai,North Indian"
50973,La Mesa,"Greater Kailash 2,Delhi",4.1,20,400,"American,Fast Food"
50974,LCC - Love Cheesecakes,"Greater Kailash 2,Delhi",4.6,20,350,"Desserts,Bakery"
50978,Beijing Momo,"Greater Kailash 2,Delhi",4.5,20,300,"Chinese,Pan-Asian"
50979,NH1 Bowls - Highway To North,"Greater Kailash 2,Delhi",4.1,20,250,"North Indian,Punjabi"
50981,Anupama Express,"Greater Kailash 2,Delhi",4.1,50,250,"Sweets,North Indian"
50982,Thaali Box - Desi Meals & Thalis,"Greater Kailash 2,Delhi",4.2,100,300,"North Indian,Fast Food"
50983,Uncle Jack's,"Greater Kailash 2,Delhi",3.9,100,300,"American,Fast Food"
50984,DHIYANSHI KITCHEN,"Greater Kailash 2,Delhi",4.1,20,200,"Bengali,North Indian"
50986,Indian and Chinese Food Express,"Greater Kailash 2,Delhi",3.8,50,250,"North Indian,Chinese"
50992,Roll Club,"Greater Kailash 2,Delhi",4.1,50,250,"Biryani,Street Food"
50996,Behrouz Biryani - Royal & Safe,"Greater Kailash 2,Delhi",4.4,100,500,"Biryani,Mughlai"
50999,Francesco's Pizzeria,"Greater Kailash 2,Delhi",4.8,20,700,"Pizzas,Italian"
51000,NOVELTY CHICKEN CORNER,"Greater Kailash 2,Delhi",3.8,100,300,"Indian,Chinese"
51001,The Belgian Waffle Co.,"Greater Kailash 2,Delhi",4.4,100,200,"Desserts,Ice Cream"
51002,Sampa Caterers & Food Point,"Greater Kailash 2,Delhi",3.3,20,200,Bengali
51006,McDonald's,"Greater Kailash 2,Delhi",4.3,1000,400,American
51007,Hudson Chopsticks,"Greater Kailash 2,Delhi",4.2,500,300,"Chinese,Pan-Asian"
51009,Pizza Connection,"Greater Kailash 2,Delhi",4.0,20,300,Italian
51013,79-TASTE OF KOLKATA,"Greater Kailash 2,Delhi",4.0,20,240,"Indian,Bengali"
51014,The burger + burger,"Greater Kailash 2,Delhi",4.2,50,200,Continental
51017,Karim's,"Greater Kailash 2,Delhi",3.8,100,650,"North Indian,Mughlai"
51019,Cafe Coffee Day,"Greater Kailash 2,Delhi",3.8,100,300,"Beverages,Snacks"
51021,Nino Burgers,"Greater Kailash 2,Delhi",4.5,50,600,"American,Fast Food"
51023,Glocal Bhoj,"Greater Kailash 2,Delhi",3.4,20,150,"North Indian,Chinese"
51024,Dimcha,"Greater Kailash 2,Delhi",4.2,20,800,"Pan-Asian,Chinese"
51028,Chinese place,"Greater Kailash 2,Delhi",3.5,20,199,Chinese
51029,Aami Bangali,"Greater Kailash 2,Delhi",3.3,20,600,"Bengali,North Indian"
51030,Rolls Mania,"Greater Kailash 2,Delhi",4.0,50,200,"Fast Food,Beverages"
51033,CAFE BELMONTE,"Greater Kailash 2,Delhi",5.0,20,300,"Fast Food,Pastas"
51037,THE GRILLED CHEESE LAB,"Greater Kailash 2,Delhi",4.6,20,500,"American,Fast Food"
51040,HAMBRE HOMBRE,"Greater Kailash 2,Delhi",4.5,20,700,Mexican
51043,ROMS PIZZA,"Greater Kailash 2,Delhi",3.7,20,200,Pizzas
51049,Giani,"Greater Kailash 2,Delhi",4.1,100,300,"Ice Cream,Desserts"
51050,The Passion Project,"Greater Kailash 2,Delhi",4.5,20,600,Healthy Food
51057,Kebab & Rolls,"Greater Kailash 2,Delhi",3.8,100,500,"Kebabs,North Indian"
51058,Fat Wrap Fat Roll,"Greater Kailash 2,Delhi",4.1,20,400,"Snacks,Beverages"
51060,Crusty Culture- Artisan Pizzas,"Greater Kailash 2,Delhi",3.9,50,550,"Pizzas,Italian"
51061,Wow! Momo,"Greater Kailash 2,Delhi",3.9,100,300,"Tibetan,Healthy Food"
51063,Tobiko by ENOKI,"Greater Kailash 2,Delhi",4.6,50,800,"Chinese,Sushi"
51064,Havmor Havfunn ice cream,"Greater Kailash 2,Delhi",4.3,100,200,"Ice Cream,Ice Cream Cakes"
51065,Al Sameer,"Greater Kailash 2,Delhi",3.0,20,300,"North Indian,Mughlai"
51076,BOSS Burger,"Greater Kailash 2,Delhi",4.0,100,500,"American,Continental"
51079,CHEEZY BLEND,"Greater Kailash 2,Delhi",4.1,20,400,"American,Pizzas"
51081,"Chai Lelo- Chai, Snacks & More","Greater Kailash 2,Delhi",3.6,50,150,"Beverages,Snacks"
51083,Recipe Master- Crafted Shawarmas and More,"Greater Kailash 2,Delhi",4.2,50,500,"Lebanese,Middle Eastern"
51084,Meals and Bowls,"Greater Kailash 2,Delhi",3.4,100,150,Indian
51085,Enoki - Fresh Asian Kitchen,"Greater Kailash 2,Delhi",4.3,100,1000,"Chinese,Pan-Asian"
51087,The Great Cafe,"Greater Kailash 2,Delhi",3.1,20,50,Beverages
51089,MoonMoon - Juicy Crustwiches,"Greater Kailash 2,Delhi",4.1,100,300,"American,Snacks"
51090,Baskin Robbins,"Greater Kailash 2,Delhi",4.5,50,300,"Ice Cream,Desserts"
51092,Tony's Italian Pizza,"Greater Kailash 2,Delhi",4.0,100,550,"Italian,Pizzas"
51098,Khandani,"Greater Kailash 2,Delhi",4.2,20,150,"Snacks,Beverages"
51099,Taste of Tibet,"Greater Kailash 2,Delhi",3.7,100,500,Tibetan
51100,Faasos - Wraps & Rolls,"Greater Kailash 2,Delhi",4.1,500,200,"Fast Food,Snacks"
51101,Chowman East of Kailash,"Greater Kailash 2,Delhi",4.3,100,750,"Chinese,Asian"
51104,Sandburg Shakes,"Greater Kailash 2,Delhi",4.5,100,500,"American,Salads"
51112,Chef on street,"Greater Kailash 2,Delhi",4.4,20,250,"Chinese,Italian"
51114,Wafflesome,"Greater Kailash 2,Delhi",4.3,50,299,"Fast Food,Desserts"
51116,Taste of China,"Greater Kailash 2,Delhi",3.4,20,300,Fast Food
51122,Noodle HOUSE,"Greater Kailash 2,Delhi",4.4,20,350,"Chinese,Thai"
51124,VEER JI MALAI CHAAP WALE,"Greater Kailash 2,Delhi",3.7,100,300,"Tandoor,North Indian"
51125,Al - Jawahar Restaurant,"Greater Kailash 2,Delhi",3.0,20,500,"North Indian,Snacks"
51128,The Bong Connections,"Greater Kailash 2,Delhi",4.2,50,500,"Bengali,Thalis"
51129,The Punjabi Food Factory,"Greater Kailash 2,Delhi",2.9,20,200,Indian
51130,Starbucks Coffee,"Greater Kailash 2,Delhi",4.0,50,400,Beverages
51131,Giani's,"Greater Kailash 2,Delhi",4.6,50,200,"Ice Cream,Desserts"
51133,Drums of heaven express,"Greater Kailash 2,Delhi",4.2,50,900,"Thai,Chinese"
51134,Curry Affair,"Greater Kailash 2,Delhi",4.3,20,300,"North Indian,Desserts"
51135,SAINA FOOD POINT,"Greater Kailash 2,Delhi",4.1,100,300,"Chinese,Indian"
51136,Punjab-E-Zaika,"Greater Kailash 2,Delhi",3.3,20,200,"Mughlai,Tandoor"
51137,A W Foods,"Greater Kailash 2,Delhi",4.0,100,500,North Indian
51139,SGF - Spice Grill Flame,"Greater Kailash 2,Delhi",3.7,100,250,"North Indian,Chinese"
51141,WICHEE,"Greater Kailash 2,Delhi",4.2,20,400,"American,Beverages"
51142,Yummy world,"Greater Kailash 2,Delhi",3.1,50,299,"Snacks,Healthy Food"
51147,GYM FOODIE,"Greater Kailash 2,Delhi",3.8,20,250,"Fast Food,Indian"
51148,Al- Mueen Chicken Corner,"Greater Kailash 2,Delhi",3.9,100,200,"Mughlai,Biryani"
51149,Chungwa,"Greater Kailash 2,Delhi",4.3,20,1000,"Thai,Seafood"
51154,Layla's Shawarma & Middle Eastern Kitchen,"Greater Kailash 2,Delhi",4.4,100,900,Middle Eastern
51155,Call Chotu - Your Everyday Food Genie,"Greater Kailash 2,Delhi",4.0,500,300,"North Indian,American"
51158,LEAFSNBEANS,"Greater Kailash 2,Delhi",3.5,20,200,"Continental,Desserts"
51163,Wok Me,"Greater Kailash 2,Delhi",4.2,20,550,"Chinese,Thai"
51164,Subway (Kalkaji),"Greater Kailash 2,Delhi",4.2,100,300,"Fast Food,Salads"
51168,Punjabi Zaika,"Greater Kailash 2,Delhi",3.6,100,500,"Mughlai,North Indian"
51176,Defence Bakery,"Greater Kailash 2,Delhi",4.5,100,500,"Bakery,Desserts"
51181,The Biryani Life,"Greater Kailash 2,Delhi",4.3,20,250,"Biryani,Hyderabadi"
51182,Kori's,"Greater Kailash 2,Delhi",4.1,100,1000,"Korean,Sushi"
51186,Bol Gappe,"Greater Kailash 2,Delhi",4.1,100,200,"Chaat,Street Food"
51187,Kake Da Hotel ( Of Connaught Place Fame),"Greater Kailash 2,Delhi",4.2,500,400,North Indian
51188,Truffle Story,"Greater Kailash 2,Delhi",4.0,20,300,Bakery
51190,Kebab Ganj,"Greater Kailash 2,Delhi",4.0,20,200,"North Indian,Biryani"
51191,Whipped,"Greater Kailash 2,Delhi",4.2,100,1000,Bakery
51192,Momo Singh,"Greater Kailash 2,Delhi",3.3,20,250,"Indian,Chinese"
51195,POMP - Pizza On My Plate,"Greater Kailash 2,Delhi",4.1,100,700,"Pizzas,American"
51196,BIMBOX - Burger In My Box,"Greater Kailash 2,Delhi",4.0,100,550,"American,Beverages"
51198,Ashirbad Snacks Corner,"Greater Kailash 2,Delhi",4.1,100,100,"Bengali,Fast Food"
51201,Maa Tara,"Greater Kailash 2,Delhi",4.2,100,400,"North Indian,Bengali"
51205,The emperors chef,"Greater Kailash 2,Delhi",4.7,20,600,"Chinese,Pan-Asian"
51207,Third Wave Coffee,"Greater Kailash 2,Delhi",4.3,100,400,"Beverages,Bakery"
51208,Domino's Pizza,"Greater Kailash 2,Delhi",4.1,100,400,Pizzas
51211,Flaming Wok,"Greater Kailash 2,Delhi",4.3,20,600,"Chinese,Thai"
51212,ParaFit Delivers,"Greater Kailash 2,Delhi",4.3,100,500,"Indian,Continental"
51213,INDISH - The Art Of Mughlai Food,"Greater Kailash 2,Delhi",4.2,50,400,"North Indian,Mughlai"
51214,Green Cravings,"Greater Kailash 2,Delhi",3.9,50,250,"Healthy Food,Continental"
51217,Nikke Tikke Express,"Greater Kailash 2,Delhi",4.1,20,400,"Afghani,North Indian"
51218,CAFE  CLOVE,"Greater Kailash 2,Delhi",4.1,20,250,"North Indian,Indian"
51220,Bikaner Express,"Greater Kailash 2,Delhi",4.2,50,150,Indian
51222,Chickeera,"Greater Kailash 2,Delhi",4.1,100,500,"American,Mexican"
51223,MONGINIS- The Cake Shop,"Greater Kailash 2,Delhi",4.7,20,300,"Bakery,Desserts"
51224,LunchBox - Meals and Thalis,"Greater Kailash 2,Delhi",4.2,100,200,"North Indian,Punjabi"
51227,Nirula's,"Greater Kailash 2,Delhi",4.2,100,300,"Desserts,Ice Cream"
51232,L' Opera,"Greater Kailash 2,Delhi",4.0,20,600,"Bakery,Desserts"
51235,Lords Of Chaap,"Greater Kailash 2,Delhi",3.9,100,300,North Indian
51236,Burger King,"Greater Kailash 2,Delhi",4.1,1000,350,American
51237,Barista,"Greater Kailash 2,Delhi",3.8,20,350,"Beverages,Snacks"
51240,Lhasa,"Greater Kailash 2,Delhi",3.9,100,400,"Chinese,Tibetan"
51241,Wagh Bakri Tea Lounge,"Greater Kailash 2,Delhi",4.4,20,500,"Beverages,Snacks"
51243,Alam Muradabadi Chicken Corner,"Greater Kailash 2,Delhi",2.6,20,300,Mughlai
51249,Dhaba Punjabi,"Greater Kailash 2,Delhi",3.8,100,200,North Indian
51250,Dadu Cutlet Shop,"Greater Kailash 2,Delhi",4.0,100,150,Indian
51251,Little Chinese Chef,"Greater Kailash 2,Delhi",3.4,20,250,Fast Food
51253,Shekaza - Since 1992,"Greater Kailash 2,Delhi",4.3,100,300,"North Indian,Chinese"
51254,C.I.A Call it Asiian,"Greater Kailash 2,Delhi",4.6,500,800,"Pan-Asian,Chinese"
51256,Sweet Truth - Cake and Desserts,"Greater Kailash 2,Delhi",4.1,50,450,"Ice Cream,Bakery"
51257,Madly Bangalee,"Greater Kailash 2,Delhi",3.0,20,400,"Bengali,Continental"
51258,The Projekt,"Greater Kailash 2,Delhi",3.3,20,350,"Chinese,Asian"
51264,Sheikh Chang Singh,"Greater Kailash 2,Delhi",4.3,50,450,"Chinese,Biryani"
51265,Veg Potli,"Greater Kailash 2,Delhi",3.0,20,150,"Indian,North Indian"
51267,Stop My Starvation,"Greater Kailash 2,Delhi",4.8,20,300,"Bakery,Fast Food"
51269,New Chennai Cafe,"Greater Kailash 2,Delhi",2.4,20,250,South Indian
51271,Mr  D elicious,"Greater Kailash 2,Delhi",4.7,50,200,"North Indian,Indian"
51272,SuperSucker,"Greater Kailash 2,Delhi",3.7,20,400,"Chinese,Beverages"
51273,THALI AT 99,"Greater Kailash 2,Delhi",3.8,100,99,"Thalis,Indian"
51274,Slay Coffee,"Greater Kailash 2,Delhi",4.6,100,200,"Beverages,Desserts"
51277,Sai Durga Dosa & Pizza Corner,"Greater Kailash 2,Delhi",3.7,50,250,"South Indian,Italian"
51278,Currynama by Seven Seas,"Greater Kailash 2,Delhi",4.4,20,800,"North Indian,Mughlai"
51284,Khidmat,"Greater Kailash 2,Delhi",4.3,20,750,"Mughlai,Indian"
51289,S b Punjabi Tadka,"Greater Kailash 2,Delhi",4.0,50,100,North Indian
51299,Think Biryani,"Greater Kailash 2,Delhi",5.0,20,500,"Biryani,North Indian"
51303,Aminia,"Greater Kailash 2,Delhi",4.1,100,500,"Mughlai,Biryani"
51306,EMOI- ARTISANAL ICE CREAMS & GELATO,"Greater Kailash 2,Delhi",4.6,50,200,"Ice Cream,Desserts"
51308,Butter Chicken Company,"Greater Kailash 2,Delhi",3.9,50,600,"North Indian,Tandoor"
51309,Azzurro Express,"Greater Kailash 2,Delhi",4.4,20,800,"Pizzas,Pastas"
51310,CHICAGO PIZZA,"Greater Kailash 2,Delhi",3.5,100,300,Pizzas
51312,The Food Box - Thalis & Meals,"Greater Kailash 2,Delhi",4.6,50,300,"Thalis,North Indian"
51313,Punjabi Rasoi,"Greater Kailash 2,Delhi",3.6,1000,200,"North Indian,Biryani"
51316,Biryani Badshah,"Greater Kailash 2,Delhi",4.1,100,400,"Biryani,Hyderabadi"
51317,Yours Truly Butter Chicken,"Greater Kailash 2,Delhi",4.2,100,600,"North Indian,Kebabs"
51318,Hot Paprika,"Greater Kailash 2,Delhi",3.6,100,250,"Chinese,Snacks"
51322,Kake Da Dhaba,"Greater Kailash 2,Delhi",2.5,20,200,Indian
51323,Chaayos Chai+Snacks=Relax,"Greater Kailash 2,Delhi",4.6,100,250,"Bakery,Beverages"
51333,Hong Kong Express,"Greater Kailash 2,Delhi",4.0,100,450,"Chinese,Thai"
51335,Angels in my Kitchen,"Greater Kailash 2,Delhi",4.1,20,600,Bakery
51343,Thalis Of Nation,"Greater Kailash 2,Delhi",3.3,20,250,"North Indian,South Indian"
51346,Grill Kitchen,"Greater Kailash 2,Delhi",4.1,50,300,"North Indian,Mughlai"
51347,Mr. Momo Express,"Greater Kailash 2,Delhi",4.3,20,200,"Chinese,Fast Food"
51348,Auntie Fung's,"Greater Kailash 2,Delhi",3.8,50,600,"Thai,Chinese"
51352,Cocoberry,"Greater Kailash 2,Delhi",4.3,100,200,Desserts
51354,Biryani Blues,"Greater Kailash 2,Delhi",4.0,500,400,"Biryani,Hyderabadi"
51355,Open Oven Bakehouse,"Greater Kailash 2,Delhi",4.3,50,200,"Desserts,Bakery"
51358,Firangi Bake,"Greater Kailash 2,Delhi",4.0,20,400,"Italian,Mexican"
51360,Shake sahab,"Greater Kailash 2,Delhi",3.4,50,200,"Beverages,Ice Cream"
51364,Bang Bang Pizza,"Greater Kailash 2,Delhi",4.4,20,500,"Pizzas,Italian"
51367,Foodmenu,"Greater Kailash 2,Delhi",4.9,50,250,"North Indian,Indian"
51370,Oye Punjabi's,"Greater Kailash 2,Delhi",4.1,100,250,"Mughlai,North Indian"
51371,Shama  Biryani,"Greater Kailash 2,Delhi",3.3,20,200,Indian
51373,Oven Story Pizza,"Greater Kailash 2,Delhi",3.7,100,400,Pizzas
51377,SPICE ALLEY,"Greater Kailash 2,Delhi",3.9,20,450,"North Indian,Mughlai"
51382,Call Chotu - Meal in a Bowl,"Greater Kailash 2,Delhi",4.2,100,300,"North Indian,Chinese"
51389,MOMO,"Greater Kailash 2,Delhi",2.6,20,100,Chinese
51390,Pearl's Pizza,"Greater Kailash 2,Delhi",4.2,20,1200,Italian
51393,CHINESE CLOWN,"Greater Kailash 2,Delhi",3.7,50,450,"Chinese,Tibetan"
51395,Sardarji Di Bhatti (Since 1981),"Greater Kailash 2,Delhi",3.5,100,300,"North Indian,Punjabi"
51396,Chinese Daily,"Greater Kailash 2,Delhi",4.1,100,400,"Chinese,Thai"
51399,Amritsari Hatti,"Greater Kailash 2,Delhi",3.7,100,200,"North Indian,Mughlai"
51402,Khana Khazana Restaurant,"Greater Kailash 2,Delhi",4.1,100,200,"North Indian,Chinese"
51403,Momo Express,"Greater Kailash 2,Delhi",3.3,20,200,Chinese
51408,Baraat - Celebrate Indian Food,"Greater Kailash 2,Delhi",4.2,20,600,North Indian
51409,Maalgaadi by Dhaba Estd 1986 Delhi,"Greater Kailash 2,Delhi",4.0,100,300,"North Indian,Indian"
51410,Sona Sweets Sri Udupi Restaurant,"Greater Kailash 2,Delhi",4.4,50,400,"South Indian,North Indian"
51413,Yours Truly Butter Paneer,"Greater Kailash 2,Delhi",4.3,50,500,"Desserts,Kebabs"
51416,Spice Market - Premium Kebab Experience,"Greater Kailash 2,Delhi",4.2,50,600,"Indian,Mughlai"
51426,MOMO SHOMO,"Greater Kailash 2,Delhi",4.1,50,300,"Chinese,Fast Food"
51428,Hello Asia,"Greater Kailash 2,Delhi",3.8,20,300,"Chinese,Pan-Asian"
51429,Hangchuaa's Chinese food corner,"Greater Kailash 2,Delhi",3.0,100,300,Chinese
51430,THE WELCOME DRINKS,"Greater Kailash 2,Delhi",3.4,20,50,Beverages
51432,Wendy's,"Greater Kailash 2,Delhi",4.1,100,400,"American,Burgers"
51435,Lutyens kitchen,"Greater Kailash 2,Delhi",4.5,20,200,"Chinese,Pan-Asian"
51437,KHURAK-HEALTHY FOOD JOINT,"Greater Kailash 2,Delhi",4.0,20,200,"Juices,Beverages"
51439,Dilli 19,"Greater Kailash 2,Delhi",3.9,500,400,"Indian,Chinese"
51442,Nathu's Bakers & Sweets Shop,"Greater Kailash 2,Delhi",3.2,50,300,"North Indian,Desserts"
51443,GetAWhey - Healthy Ice creams.,"Greater Kailash 2,Delhi",4.6,20,250,"Ice Cream,Healthy Food"
51444,Yo Punjabi,"Greater Kailash 2,Delhi",3.9,20,400,"North Indian,Beverages"
51445,Prince Of China,"Greater Kailash 2,Delhi",3.7,20,500,"Chinese,Thai"
51446,Samosa super fast,"Greater Kailash 2,Delhi",3.7,50,110,"Indian,Snacks"
51449,Asian Dora,"Greater Kailash 2,Delhi",4.1,100,300,"Chinese,Asian"
51467,Blue Tokai Coffee Roasters,"Greater Kailash 2,Delhi",4.8,100,800,"Healthy Food,Pastas"
51468,CHINESE STORY,"Greater Kailash 2,Delhi",2.8,50,200,Chinese
51470,THE TARI STORY,"Greater Kailash 2,Delhi",1.2,20,500,"North Indian,Chinese"
51473,Smoke House Deli,"Greater Kailash 2,Delhi",4.3,100,600,"Italian,Continental"
51474,Captain Chinese,"Greater Kailash 2,Delhi",4.2,20,300,"Chinese,Thai"
51475,Yangkiez by Momo Mami,"Greater Kailash 2,Delhi",4.1,500,300,"Chinese,Pan-Asian"
51478,Wok Choi,"Greater Kailash 2,Delhi",4.4,50,500,"Asian,Chinese"
51479,Coastal Reef,"Greater Kailash 2,Delhi",4.6,50,600,"Coastal,Seafood"
51485,PetPuraan,"Greater Kailash 2,Delhi",4.3,20,600,"Biryani,Indian"
51487,Ikigai By Harisons Caterers (Est 1960),"Greater Kailash 2,Delhi",4.8,50,1100,"Japanese,Asian"
51497,NIC Natural Ice Creams,"Greater Kailash 2,Delhi",4.6,500,120,"Ice Cream,Desserts"
51498,Padmanabham,"Greater Kailash 2,Delhi",4.1,100,300,"South Indian,Mughlai"
51499,The Himalayan Kitchen,"Greater Kailash 2,Delhi",3.5,20,1300,"Chinese,Tibetan"
51500,New Minar Restaurant (GK1),"Greater Kailash 2,Delhi",4.2,20,1200,North Indian
51507,Horn Please,"Greater Kailash 2,Delhi",4.3,20,500,"Pan-Asian,Chinese"
51510,Ustad,"Greater Kailash 2,Delhi",4.1,50,350,"North Indian,Tandoor"
51518,Chocolateria San Churro,"Greater Kailash 2,Delhi",3.9,100,350,"Desserts,Bakery"
51520,PM 2 AM Food Bank,"Greater Kailash 2,Delhi",4.2,20,500,"Mughlai,Indian"
51523,Foodie India,"Greater Kailash 2,Delhi",3.8,20,500,"Chinese,Asian"
51524,Greenr Cafe,"Greater Kailash 2,Delhi",4.3,20,800,"Healthy Food,Salads"
51525,Natural Ice Cream,"Greater Kailash 2,Delhi",4.7,50,150,Ice Cream
51532,Bella Pizza,"Greater Kailash 2,Delhi",4.8,20,500,"Pizzas,Fast Food"
51539,Crazy Bao,"Greater Kailash 2,Delhi",2.5,20,200,"Pan-Asian,American"
51542,Napoli Pizza,"Greater Kailash 2,Delhi",4.0,20,400,"Pizzas,Italian"
51544,BE HEALTHY,"Greater Kailash 2,Delhi",3.5,20,250,"Healthy Food,Beverages"
51546,Dimsum & Co.,"Greater Kailash 2,Delhi",4.2,20,650,"Chinese,Thai"
51547,DELHI FOOD CORNER,"Greater Kailash 2,Delhi",3.8,50,300,"Chinese,Indian"
51548,Punjabi Snacks,"Greater Kailash 2,Delhi",3.9,20,150,Fast Food
51549,The Meal Factory,"Greater Kailash 2,Delhi",3.8,50,150,"Thalis,Combo"
51553,The Orange Twigs Cafe,"Greater Kailash 2,Delhi",4.5,50,600,American
51554,Yaami s Kitchen,"Greater Kailash 2,Delhi",4.1,20,300,Chinese
51556,ABSOLUTE SAMOSA,"Greater Kailash 2,Delhi",2.7,20,150,"Snacks,Indian"
51559,Pearl's Eatery,"Greater Kailash 2,Delhi",4.0,20,1500,"American,Desserts"
51562,Hungry Panda - Deliciously Chinese,"Greater Kailash 2,Delhi",3.5,20,300,"Chinese,Pan-Asian"
51566,Mr. Hungry,"Greater Kailash 2,Delhi",3.7,100,150,"Indian,Chinese"
51571,Khanti bangali,"Greater Kailash 2,Delhi",3.6,100,300,"Bengali,Seafood"
51572,CHINESE LICIOUS,"Greater Kailash 2,Delhi",4.2,20,300,"Chinese,Pan-Asian"
51573,The Asian Trail by Pearl Boutique Bakery,"Greater Kailash 2,Delhi",4.7,20,800,Chinese
51574,Naivedyam,"Greater Kailash 2,Delhi",4.2,100,300,South Indian
51575,Let's Noodle,"Greater Kailash 2,Delhi",4.6,20,350,"Chinese,Indian"
51577,Anupama Sweets and Restaurant,"Greater Kailash 2,Delhi",4.0,500,250,"Sweets,North Indian"
51578,Just Dig In,"Greater Kailash 2,Delhi",5.0,20,600,"Healthy Food,Snacks"
51581,CHINESE NATION,"Greater Kailash 2,Delhi",4.0,50,300,"Chinese,Thai"
51582,Aaro Khabo,"Greater Kailash 2,Delhi",3.1,100,300,Bengali
51583,MOMO.IN,"Greater Kailash 2,Delhi",2.0,20,99,Chinese
51585,Ice Cream Works,"Greater Kailash 2,Delhi",4.2,20,500,Ice Cream
51586,The Chinese story,"Greater Kailash 2,Delhi",2.8,20,300,Chinese
51589,Burgerama,"Greater Kailash 2,Delhi",4.4,100,600,"American,Beverages"
51593,CAFE CHINESE WOK,"Greater Kailash 2,Delhi",4.3,20,300,"Chinese,Thai"
51599,Sagar Ratna,"Greater Kailash 2,Delhi",4.1,100,450,"South Indian,North Indian"
51602,IKURA,"Greater Kailash 2,Delhi",3.8,20,800,"Chinese,Sushi"
51603,FreshMenu,"Greater Kailash 2,Delhi",3.9,500,250,"Chinese,Continental"
51604,Bijoli Grill,"Greater Kailash 2,Delhi",4.4,50,800,North Indian
51605,Insta Pizza,"Greater Kailash 2,Delhi",3.9,100,400,"Pizzas,Italian"
51612,"Fat Guy's Kitchen - Pizza, Pasta & Burgers!!","Greater Kailash 2,Delhi",4.1,20,800,"Pizzas,Pastas"
51616,AMMAS KITCHEN,"Greater Kailash 2,Delhi",4.2,50,400,South Indian
51617,Bombay Meri Jaan,"Greater Kailash 2,Delhi",4.1,100,300,"Fast Food,Street Food"
51619,Govindas,"Greater Kailash 2,Delhi",4.7,50,500,"Indian,Chinese"
51621,SECOND WIFE'S RESTAURANT,"Greater Kailash 2,Delhi",4.1,20,150,"North Indian,Chinese"
51623,Bunty Dhaba,"Greater Kailash 2,Delhi",3.8,100,500,"North Indian,Chinese"
51625,kitchen,"Greater Kailash 2,Delhi",3.5,20,500,"Tibetan,North Indian"
51627,Relax Xpress,"Greater Kailash 2,Delhi",4.2,100,400,"Mughlai,North Indian"
51636,The Punjabi Story,"Greater Kailash 2,Delhi",4.1,20,250,"Indian,Mughlai"
51639,Sandoz Nehru Place,"Greater Kailash 2,Delhi",4.3,100,300,North Indian
51641,Social,"Greater Kailash 2,Delhi",4.3,100,600,"North Indian,Chinese"
51643,GREEN PEPPER,"Greater Kailash 2,Delhi",3.6,20,400,"South Indian,Indian"
51650,Ghar Ka Tadka,"Greater Kailash 2,Delhi",3.6,100,150,Indian
51651,The Urban Dhaba,"Greater Kailash 2,Delhi",3.5,20,150,Indian
51657,JD CHINESE FAST FOOD,"Greater Kailash 2,Delhi",4.3,20,250,"Chinese,Pastas"
51658,Vaishno Rasoi,"Greater Kailash 2,Delhi",3.6,20,200,Indian
51660,Dessert Studio by Third Wave,"Greater Kailash 2,Delhi",5.0,20,400,Desserts
51661,Mehfil Biryani by Zakir Khan,"Greater Kailash 2,Delhi",3.4,20,350,"Biryani,Mughlai"
51664,Itminaan Biryani - Dum Pukht,"Greater Kailash 2,Delhi",4.4,20,400,"Biryani,North Indian"
51665,Fat Lulu's Pizza,"Greater Kailash 2,Delhi",3.9,500,800,"Pizzas,Italian"
51671,The Gourmet's,"Greater Kailash 2,Delhi",4.3,20,500,"North Indian,Mughlai"
51673,Wat-A-Thali !,"Greater Kailash 2,Delhi",3.1,20,150,Indian
51674,La Pino'z Pizza,"Greater Kailash 2,Delhi",3.7,500,400,"Pizzas,Italian"
51676,THE HOT SPICY,"Greater Kailash 2,Delhi",3.2,20,200,"Chinese,North Indian"
51681,Sardarji Malai Chaap Wale,"Greater Kailash 2,Delhi",3.3,100,300,North Indian
51682,BIRYANI TIMES,"Greater Kailash 2,Delhi",4.4,20,600,"Biryani,Lucknowi"
51684,"Sassy Begum - Biryani, Kebabs & Curries","Greater Kailash 2,Delhi",4.1,100,500,"Hyderabadi,Biryani"
51685,Motown - Detroit Style Pizza,"Greater Kailash 2,Delhi",4.5,50,900,Pizzas
51688,Cafe Lhasa House,"Greater Kailash 2,Delhi",3.8,100,400,"Tibetan,Chinese"
51689,Aggarwal sweets ( Night),"Greater Kailash 2,Delhi",3.8,50,250,Desserts
51691,Apni Veg Rasoi,"Greater Kailash 2,Delhi",3.5,50,150,Indian
51692,WELCOME CHICKEN CORNER,"Greater Kailash 2,Delhi",3.9,100,300,"Chinese,Indian"
51693,Apna Aggarwal Sweets,"Greater Kailash 2,Delhi",3.8,100,120,"Sweets,North Indian"
51695,Moti Mahal,"Greater Kailash 2,Delhi",4.2,50,1200,"North Indian,Mughlai"
51696,Uncle Xpress,"Greater Kailash 2,Delhi",4.3,100,250,"North Indian,Chinese"
51699,Bhookemon,"Greater Kailash 2,Delhi",4.5,100,500,"North Indian,Chinese"
51700,Raju Vaishnav Dhaba,"Greater Kailash 2,Delhi",4.0,50,250,"Indian,Chinese"
51701,Mr.Momo,"Greater Kailash 2,Delhi",3.5,100,200,"Chinese,Nepalese"
51707,Chinese Only!,"Greater Kailash 2,Delhi",3.0,20,200,"Chinese,Beverages"
51711,LORDS OF CHINESE,"Greater Kailash 2,Delhi",3.8,20,150,Chinese
51712,Moolchand Paratha (Kalka Ji),"Greater Kailash 2,Delhi",4.1,1000,300,"North Indian,Snacks"
51714,Burger Singh (Big Punjabi Burgers),"Greater Kailash 2,Delhi",4.1,500,300,"Snacks,Fast Food"
51715,Sanjay Chur Chur Naan,"Greater Kailash 2,Delhi",3.9,50,300,Indian
51717,Aggarwal Sweet Corner & Restaurant,"Greater Kailash 2,Delhi",4.1,500,300,"North Indian,Desserts"
51718,CHINESE HUB,"Greater Kailash 2,Delhi",3.0,20,99,Chinese
51719,Kandy's Pastry Parlour,"Greater Kailash 2,Delhi",4.2,100,250,"Fast Food,Desserts"
51723,34 Chowringhee Lane,"Greater Kailash 2,Delhi",4.1,100,300,Fast Food
51725,Tiffin Story,"Greater Kailash 2,Delhi",4.4,1000,200,"Home Food,South Indian"
51726,The Bowl Company,"Greater Kailash 2,Delhi",4.3,1000,300,"Continental,Indian"
51727,Amritsari Chaap Wale,"Greater Kailash 2,Delhi",3.3,20,300,"North Indian,Fast Food"
51729,Sameer's Restaurant,"Greater Kailash 2,Delhi",3.7,500,450,"North Indian,Chinese"
51730,BOX8 - Desi Meals,"Greater Kailash 2,Delhi",4.1,500,250,"North Indian,Biryani"
51734,Nirvana - Taste of Heaven,"Greater Kailash 2,Delhi",3.7,100,300,"North Indian,Tandoor"
51735,Anna Ka Dosa,"Greater Kailash 2,Delhi",3.9,1000,250,"South Indian,Indian"
51742,Chai Point,"Greater Kailash 2,Delhi",4.2,1000,150,"Bakery,Beverages"
51749,Annapurna Tiffin service,"Greater Kailash 2,Delhi",3.8,50,150,Indian
51750,Mealful Rolls - Meals in a Roll,"Greater Kailash 2,Delhi",4.3,20,250,"Fast Food,North Indian"
51752,Vegetarian Bawarchi,"Greater Kailash 2,Delhi",3.6,100,150,"North Indian,Chinese"
51753,Dawat,"Greater Kailash 2,Delhi",4.2,50,350,"Mughlai,Indian"
51758,Box Of Desire-Lets Make Momories,"Greater Kailash 2,Delhi",4.0,50,200,"Chinese,Tibetan"
51762,KFC,"Greater Kailash 2,Delhi",4.0,1000,400,"American,Snacks"
51763,Big Dragon,"Greater Kailash 2,Delhi",4.1,50,500,"Chinese,Pan-Asian"
51764,Hunger Hub,"Greater Kailash 2,Delhi",4.4,50,300,"Chinese,Tibetan"
67841,Royal Tandoor,"sohna road,Gurgaon",3.9,100,100,"North Indian,Chinese"
67845,Moti Mahal Delux Tandoori Trail,"sohna road,Gurgaon",4.2,50,700,Indian
67849,Giani,"sohna road,Gurgaon",4.0,20,300,"Ice Cream,Beverages"
67850,Punjab Junction,"sohna road,Gurgaon",3.8,500,250,"North Indian,Chinese"
67851,Nomad Pizza- Traveller Series,"sohna road,Gurgaon",4.4,50,700,"Pizzas,Italian"
67857,Ghee and Turmeric,"sohna road,Gurgaon",4.1,100,500,"North Indian,Tandoor"
67858,Well Served,"sohna road,Gurgaon",4.4,50,280,"Indian,Thalis"
67859,HR-26 Zaika,"sohna road,Gurgaon",3.8,1000,350,"North Indian,Chinese"
67860,shri ram dhaba,"sohna road,Gurgaon",3.9,500,400,"North Indian,Tandoor"
67865,Domino's Pizza,"sohna road,Gurgaon",4.0,100,400,Pizzas
67866,Sardar Ji Chicken Corner,"sohna road,Gurgaon",3.4,20,550,"Indian,Chinese"
67867,Subway,"sohna road,Gurgaon",4.0,100,350,"Fast Food,Salads"
67869,Choudhary sweets,"sohna road,Gurgaon",3.9,500,250,"Sweets,Desserts"
67874,RAJU CHOLE KULCHE,"sohna road,Gurgaon",4.3,100,140,North Indian
67875,WAH JI WAH,"sohna road,Gurgaon",3.0,20,450,"North Indian,Chinese"
67876,GUPTA JI DHABA,"sohna road,Gurgaon",3.3,20,200,"North Indian,Thalis"
67890,Great Indian Khichdi by EatFit,"sohna road,Gurgaon",4.3,100,200,"Home Food,Indian"
67891,Dilli Biryani,"sohna road,Gurgaon",3.9,20,300,"Biryani,North Indian"
67893,Fu. Kin,"sohna road,Gurgaon",4.9,20,500,"Chinese,Tibetan"
67896,THE BEAR SHAKE,"sohna road,Gurgaon",4.0,20,200,Beverages
67898,Cakeoroma,"sohna road,Gurgaon",4.4,100,250,"Bakery,Desserts"
67903,Foodies Junction,"sohna road,Gurgaon",3.7,50,100,"Indian,North Indian"
67904,BetterHalf Pizza,"sohna road,Gurgaon",4.9,20,350,"Pizzas,Pastas"
67907,Red onion,"sohna road,Gurgaon",5.0,20,200,"North Indian,Chinese"
67922,Desi Dhaba,"sohna road,Gurgaon",3.7,100,100,"North Indian,Chinese"
67925,Sugarlicious,"sohna road,Gurgaon",4.2,50,250,"Desserts,Continental"
67928,The Masala Story,"sohna road,Gurgaon",4.0,100,700,"North Indian,Mughlai"
67929,Auntie Fung's,"sohna road,Gurgaon",3.6,100,500,"Asian,Chinese"
67932,Annapurna Rasoi,"sohna road,Gurgaon",3.4,100,200,"Biryani,North Indian"
67933,VEERJI MALAI CHAAP,"sohna road,Gurgaon",4.7,20,350,"North Indian,Indian"
67935,CAKE HOUSE,"sohna road,Gurgaon",3.7,20,300,"Bakery,Desserts"
67936,Falhari - A Fruitful Habit,"sohna road,Gurgaon",3.9,100,300,"Healthy Food,Beverages"
67939,Om Sweets & Snacks (Good Earth),"sohna road,Gurgaon",4.2,1000,400,"Sweets,North Indian"
67940,khush dil kulfi rabri kulfi shop,"sohna road,Gurgaon",2.7,20,150,Ice Cream
67943,Giani's,"sohna road,Gurgaon",4.4,50,150,"Ice Cream,Beverages"
67944,MEALS 24*7,"sohna road,Gurgaon",3.9,20,100,"Beverages,North Indian"
67950,Al-Rasheed,"sohna road,Gurgaon",3.4,20,600,Mughlai
67951,Taco Bell,"sohna road,Gurgaon",4.0,100,300,Mexican
67957,McDonald's,"sohna road,Gurgaon",4.3,1000,400,American
67961,SHAHI CHICKEN CORNER,"sohna road,Gurgaon",3.7,20,400,"North Indian,Biryani"
67963,Dhaba By Gulati's,"sohna road,Gurgaon",3.2,20,250,"North Indian,Desserts"
67965,Rollz Karvaan,"sohna road,Gurgaon",4.1,20,300,"Snacks,Fast Food"
67967,KFC,"sohna road,Gurgaon",4.1,500,450,"American,Snacks"
67968,Curry House,"sohna road,Gurgaon",4.0,100,100,"North Indian,Chinese"
67969,The Baker's Dozen,"sohna road,Gurgaon",4.1,20,300,"Bakery,Desserts"
67970,Burger King,"sohna road,Gurgaon",4.3,100,350,American
67972,Dilli Rolls,"sohna road,Gurgaon",3.9,50,300,"Snacks,Beverages"
67973,RESTAURANT 71,"sohna road,Gurgaon",3.8,20,250,"Indian,North Indian"
67975,Burger Singh (Big Punjabi Burgers),"sohna road,Gurgaon",4.2,100,300,"American,Beverages"
67976,Grameen Kulfi,"sohna road,Gurgaon",4.6,100,120,"Ice Cream,Desserts"
67978,Chinese Daily,"sohna road,Gurgaon",3.8,20,400,"Chinese,Pan-Asian"
67980,SLAY Coffee,"sohna road,Gurgaon",4.3,20,200,"Beverages,Desserts"
67981,CHINESE KING'S POINT,"sohna road,Gurgaon",3.3,20,100,"Chinese,Snacks"
67982,Snack Station,"sohna road,Gurgaon",4.6,20,300,"Chinese,Continental"
67988,Sabki Pasand,"sohna road,Gurgaon",3.8,100,100,"North Indian,Chinese"
67990,ZAZA 22 Spice Biryani,"sohna road,Gurgaon",4.0,20,250,"Biryani,North Indian"
67991,Amritam Super Foods,"sohna road,Gurgaon",4.8,50,300,"Healthy Food,Salads"
67994,Pizza Hut,"sohna road,Gurgaon",3.5,100,350,Pizzas
67998,Nazeer Foods,"sohna road,Gurgaon",4.1,100,400,"North Indian,Biryani"
68000,Shophouse by Kylin,"sohna road,Gurgaon",4.4,20,1000,"Chinese,Pan-Asian"
68001,Hong's Kitchen,"sohna road,Gurgaon",3.7,100,250,"Chinese,Asian"
68003,The Coco Company,"sohna road,Gurgaon",3.8,50,400,"Desserts,Bakery"
68007,La Pino'z Pizza,"sohna road,Gurgaon",3.8,500,300,"Italian,Pizzas"
68012,Twigly,"sohna road,Gurgaon",4.1,100,400,"American,Italian"
68013,Nagpal's Chole Bhature (South City 2),"sohna road,Gurgaon",3.3,100,300,"North Indian,Snacks"
68015,Homely Tadka,"sohna road,Gurgaon",4.9,20,300,North Indian
68022,ALKA'S KITCHEN,"sohna road,Gurgaon",3.8,100,250,"Indian,Thalis"
68024,Cake Inventor,"sohna road,Gurgaon",4.3,100,500,Bakery
68025,Soya Moya chaap,"sohna road,Gurgaon",3.8,100,200,"North Indian,Mughlai"
68026,Wrapway- make your own rolls,"sohna road,Gurgaon",2.5,20,200,"North Indian,Tandoor"
68027,Nizam's Kathi Kabab,"sohna road,Gurgaon",4.2,100,450,"Kebabs,Indian"
68028,Scrummy Tummy - Authentic Indian Desi Chinese,"sohna road,Gurgaon",3.5,20,200,"North Indian,Chinese"
68029,Ghar Ki Rasoi,"sohna road,Gurgaon",3.4,500,100,"Biryani,North Indian"
68034,Biryani In The Kilo,"sohna road,Gurgaon",1.4,20,300,Biryani
68037,Theobroma,"sohna road,Gurgaon",4.4,1000,800,"Bakery,Desserts"
68039,Home Kitchen King,"sohna road,Gurgaon",3.0,20,200,"Indian,South Indian"
68043,The Burger Company,"sohna road,Gurgaon",3.9,100,250,Beverages
68049,Canteen Central by Eatfit,"sohna road,Gurgaon",3.5,20,300,"Pizzas,American"
68050,CHINESE ADDA,"sohna road,Gurgaon",3.6,20,300,"Chinese,Snacks"
68052,Pind Balluchi,"sohna road,Gurgaon",3.6,50,500,"North Indian,Desserts"
68057,Lub Lub Lebanese,"sohna road,Gurgaon",4.2,100,600,"Lebanese,Mediterranean"
68060,Chick Chicken Bareque,"sohna road,Gurgaon",3.7,100,100,"Biryani,Chinese"
68061,Cafe Delhi Heights,"sohna road,Gurgaon",4.0,100,800,"Continental,American"
68062,snack house,"sohna road,Gurgaon",5.0,20,200,"Beverages,Italian"
68065,Swaad Mahel,"sohna road,Gurgaon",3.9,50,100,"North Indian,Tandoor"
68066,Cold Stone Creamery,"sohna road,Gurgaon",3.7,20,400,"Ice Cream,Desserts"
68069,PizzaExpress,"sohna road,Gurgaon",3.8,50,1000,"Pizzas,Pastas"
68071,Hot line 24x7,"sohna road,Gurgaon",3.4,20,150,"Indian,Chinese"
68076,Rajasthan Dhaba,"sohna road,Gurgaon",3.7,100,100,"Biryani,Chinese"
68077,The Curry House,"sohna road,Gurgaon",3.4,100,100,"Biryani,Chinese"
68080,Irfan Bhai,"sohna road,Gurgaon",4.0,50,600,"Kebabs,North Indian"
68081,Pind Patiala,"sohna road,Gurgaon",3.7,20,500,"North Indian,Punjabi"
68083,Nirula's,"sohna road,Gurgaon",3.9,20,300,"Desserts,Ice Cream"
68085,Meals on wheels,"sohna road,Gurgaon",4.5,20,200,"North Indian,Chaat"
68086,MEAL A DEAL,"sohna road,Gurgaon",4.5,50,149,"Indian,Tandoor"
68087,Food Expresso,"sohna road,Gurgaon",3.6,100,250,"North Indian,Indian"
68090,Corporate Food Xpress,"sohna road,Gurgaon",3.8,50,400,"North Indian,Chinese"
68092,VIP SWEETS ( GURGAON ),"sohna road,Gurgaon",3.8,20,300,Sweets
68098,Nawabi Mughlai,"sohna road,Gurgaon",4.0,20,200,"Mughlai,North Indian"
68099,INDIAN GRILL,"sohna road,Gurgaon",3.7,50,250,"Indian,North Indian"
68101,Khana Khazana,"sohna road,Gurgaon",3.9,500,100,"North Indian,Chinese"
68106,Chutney India,"sohna road,Gurgaon",3.9,20,350,"North Indian,Snacks"
68107,Wendy's,"sohna road,Gurgaon",3.9,100,200,"American,Burgers"
68108,Dana Choga,"sohna road,Gurgaon",4.2,1000,600,"Chinese,Mughlai"
68109,UBQ by Barbeque Nation,"sohna road,Gurgaon",3.8,100,300,"North Indian,Barbecue"
68111,The Meal Bowl,"sohna road,Gurgaon",3.7,50,500,"North Indian,Chinese"
68116,Lucknow Kababs,"sohna road,Gurgaon",4.0,20,500,"Kebabs,Biryani"
68118,MI FOOD CENTRE,"sohna road,Gurgaon",4.1,20,400,"Tandoor,Arabian"
68120,Insta Pizza,"sohna road,Gurgaon",3.9,100,400,"Pizzas,Italian"
68122,BAKERS OVEN,"sohna road,Gurgaon",4.2,50,400,"Bakery,Desserts"
68125,Keventers - Milkshakes and Desserts,"sohna road,Gurgaon",4.3,50,350,"Beverages,Ice Cream"
68126,Prasuma Momo Kitchen,"sohna road,Gurgaon",4.3,100,300,"Pan-Asian,Snacks"
68133,SMOKEY KITCHEN,"sohna road,Gurgaon",3.1,20,300,"North Indian,Chinese"
68137,Goli Vada Pav No. 1,"sohna road,Gurgaon",3.7,20,100,"Maharashtrian,North Indian"
68139,The Belgian Waffle Co.,"sohna road,Gurgaon",4.2,20,200,"Desserts,Ice Cream"
68143,CHAMAIL SINGH DA DHABA,"sohna road,Gurgaon",3.4,20,299,North Indian
68145,Cake Plaza,"sohna road,Gurgaon",4.0,500,150,Bakery
68147,Midnight Cake Shop,"sohna road,Gurgaon",4.2,20,300,"Bakery,Desserts"
68151,Parantha Singh,"sohna road,Gurgaon",4.1,20,150,"North Indian,Snacks"
68153,Chilli Indiana,"sohna road,Gurgaon",3.5,20,600,"Italian,Continental"
68155,Fat Lulu's Pizza,"sohna road,Gurgaon",3.9,100,800,"Pizzas,Italian"
68157,CHAUBARA,"sohna road,Gurgaon",3.2,20,250,Chinese
68158,PURANI DILLI ZAYKA,"sohna road,Gurgaon",2.3,20,200,"North Indian,Chinese"
68159,Chaudhary G Food Court,"sohna road,Gurgaon",3.9,20,150,Indian
68160,SARDARJI CHAAP WALE,"sohna road,Gurgaon",4.6,20,450,"North Indian,Snacks"
68164,Basic Foods,"sohna road,Gurgaon",4.0,50,100,"North Indian,Chinese"
68165,The Burger Factory,"sohna road,Gurgaon",4.0,100,200,"American,Snacks"
68166,Pizza Factory,"sohna road,Gurgaon",3.6,100,300,"Pizzas,Italian"
68167,Dunkin',"sohna road,Gurgaon",4.4,100,600,"Beverages,Fast Food"
68170,Punjabi Swaad,"sohna road,Gurgaon",3.7,50,100,"North Indian,Biryani"
68171,Chaat Chowk,"sohna road,Gurgaon",3.3,50,300,Street Food
68182,Behrouz Biryani,"sohna road,Gurgaon",4.2,100,500,"Biryani,Mughlai"
68183,REAL TASTE OF ZAIKA,"sohna road,Gurgaon",3.7,20,100,"North Indian,Thalis"
68186,Biryani Blues,"sohna road,Gurgaon",4.5,50,400,"Biryani,Hyderabadi"
68190,Food Junction,"sohna road,Gurgaon",3.7,50,200,"North Indian,Chinese"
68192,Dhaba Estd 1986 Delhi,"sohna road,Gurgaon",4.0,20,900,"Biryani,Hyderabadi"
68193,Momo King,"sohna road,Gurgaon",3.8,100,400,"Chinese,Tibetan"
68195,Desi Tadka,"sohna road,Gurgaon",3.8,100,100,"North Indian,Chinese"
68204,Tandoori Kitchen,"sohna road,Gurgaon",3.9,20,100,"Indian,North Indian"
68205,BIRYANI BADSHAH,"sohna road,Gurgaon",4.2,100,350,"Biryani,Hyderabadi"
68208,TOS,"sohna road,Gurgaon",4.1,20,300,"Chinese,Tibetan"
68215,Southern Junction,"sohna road,Gurgaon",3.7,100,250,South Indian
68218,The Cakecity Patisserie,"sohna road,Gurgaon",4.1,100,400,"Bakery,Desserts"
68219,Pizza Galleria,"sohna road,Gurgaon",4.0,500,250,"Pizzas,Italian"
68220,Cake Box,"sohna road,Gurgaon",4.5,500,200,"Bakery,Desserts"
68223,Kwality Walls Frozen Dessert and Ice Cream Shop,"sohna road,Gurgaon",4.5,100,300,Ice Cream
68229,Maa Ke Rasoi,"sohna road,Gurgaon",4.7,20,100,"North Indian,Indian"
68232,Hudson Chopsticks,"sohna road,Gurgaon",3.8,50,300,"Pan-Asian,Chinese"
68235,Ghar jaisa khana,"sohna road,Gurgaon",4.8,20,100,"North Indian,Indian"
68236,Nathu's Sweets Since 1939,"sohna road,Gurgaon",3.9,100,250,"North Indian,South Indian"
68237,Chinese Under 99,"sohna road,Gurgaon",3.1,20,100,"Chinese,Indian"
68240,Kashmirana; Flavours of the Valley,"sohna road,Gurgaon",3.8,20,400,"Indian,Kashmiri"
68242,HOUSE OF SPICE,"sohna road,Gurgaon",3.7,20,200,"Chinese,Mughlai"
68244,Artinci - Indulge Guilt Free!,"sohna road,Gurgaon",4.3,50,200,"Ice Cream,Healthy Food"
68245,Momopoly by Little Skillet,"sohna road,Gurgaon",4.1,50,300,Chinese
68246,Gohana Famous Jalebi,"sohna road,Gurgaon",4.3,1000,150,"Desserts,Sweets"
68248,Desi Thaat,"sohna road,Gurgaon",3.8,100,600,North Indian
68250,Artiste Handcrafted Ice Cream,"sohna road,Gurgaon",4.8,20,300,"Ice Cream,Desserts"
68251,Cake and Art,"sohna road,Gurgaon",2.7,20,199,"Desserts,Bakery"
68254,PhiPhi,"sohna road,Gurgaon",4.1,100,350,"Pan-Asian,Sushi"
68255,Burrppp,"sohna road,Gurgaon",3.8,100,300,"North Indian,Mughlai"
68256,karims ( Baani square),"sohna road,Gurgaon",4.1,100,300,"North Indian,Mughlai"
68257,Shake Busters,"sohna road,Gurgaon",3.9,50,200,"Beverages,Desserts"
68258,"FILLicious - Rolls, Momos and Shakes","sohna road,Gurgaon",4.3,50,350,"Snacks,Chinese"
68261,Chai Point,"sohna road,Gurgaon",4.2,100,200,"Bakery,Beverages"
68262,SARDAR JI CHICKEN,"sohna road,Gurgaon",4.1,50,320,"Fast Food,North Indian"
68271,Delicious Meals,"sohna road,Gurgaon",3.6,50,100,"Indian,Chinese"
68272,Starbucks Coffee,"sohna road,Gurgaon",3.9,100,400,Beverages
68273,Mama M' Hungry,"sohna road,Gurgaon",2.7,20,300,"Italian,Pizzas"
68275,Kingdom Of Oven,"sohna road,Gurgaon",3.8,50,350,"Pizzas,Pastas"
68277,Punjabi Food Inn,"sohna road,Gurgaon",3.7,1000,250,"North Indian,Chinese"
68278,Fullon Punjab,"sohna road,Gurgaon",3.3,100,100,"North Indian,Tandoor"
68282,Thali Meals And More,"sohna road,Gurgaon",3.7,100,300,"North Indian,Desserts"
68287,Samosa Party,"sohna road,Gurgaon",3.8,100,250,"Chaat,North Indian"
68288,Paratha by Inch,"sohna road,Gurgaon",3.7,50,250,"North Indian,South Indian"
68291,Alkakori Alkauser,"sohna road,Gurgaon",3.5,50,400,Mughlai
68292,Fabcafe By Fabindia,"sohna road,Gurgaon",4.1,20,800,"North Indian,Healthy Food"
68298,The Cake Story,"sohna road,Gurgaon",3.9,100,300,"Bakery,Desserts"
68299,Thalaivar - The Boss of South Indian Food,"sohna road,Gurgaon",3.5,20,200,"Andhra,Kerala"
68300,AAP KI APNI RASOI,"sohna road,Gurgaon",2.6,20,200,"Indian,North Indian"
68304,AAPKI RASOI,"sohna road,Gurgaon",3.0,20,250,"Indian,Tandoor"
68305,HR 50 DHABA,"sohna road,Gurgaon",4.1,100,299,"Indian,Chinese"
68307,Firangi Bake,"sohna road,Gurgaon",4.0,20,400,"Italian,Mexican"
68313,Bikkgane Biryani,"sohna road,Gurgaon",4.2,100,400,"Biryani,Hyderabadi"
68317,The Calorie Kitchen,"sohna road,Gurgaon",3.7,20,450,"Healthy Food,Pizzas"
68318,CREME BORNE,"sohna road,Gurgaon",4.0,20,300,"Ice Cream,Beverages"
68320,Indian Spice,"sohna road,Gurgaon",3.6,100,100,"North Indian,Tandoor"
68324,Blue Tokai Coffee Roasters,"sohna road,Gurgaon",4.8,50,800,"Healthy Food,American"
68326,Asian Garage,"sohna road,Gurgaon",4.2,50,300,"Pan-Asian,Chinese"
68335,Delhi 6,"sohna road,Gurgaon",4.1,100,300,"North Indian,Snacks"
68337,Tibbs Frankie,"sohna road,Gurgaon",3.8,20,250,"Chinese,Italian"
68346,Delicious moment,"sohna road,Gurgaon",5.0,20,100,"North Indian,Chinese"
68347,CELEBRATION CAKE SHOP,"sohna road,Gurgaon",3.9,20,350,"Bakery,Desserts"
68352,Singh Da Dhaba,"sohna road,Gurgaon",3.8,100,300,"North Indian,Mughlai"
68354,Chakkhna Beyond Peanuts,"sohna road,Gurgaon",4.5,20,499,"Tandoor,Chinese"
68356,Biryani By Kilo,"sohna road,Gurgaon",4.3,500,700,"Biryani,Mughlai"
68359,Ice Pice - Shakes & Sundaes,"sohna road,Gurgaon",3.8,100,200,"Beverages,Desserts"
68363,Subhub,"sohna road,Gurgaon",4.1,100,250,"American,Salads"
68369,California Burrito,"sohna road,Gurgaon",4.3,500,250,"Mexican,American"
68371,FOOD 365,"sohna road,Gurgaon",4.1,50,200,"Indian,North Indian"
68372,Cocco n Curry,"sohna road,Gurgaon",4.0,100,200,"South Indian,North Indian"
68373,EatFit,"sohna road,Gurgaon",4.0,100,250,"Healthy Food,Pizzas"
68374,YO CHINA,"sohna road,Gurgaon",1.8,20,300,Chinese
68376,The Foodiez,"sohna road,Gurgaon",5.0,20,100,"North Indian,Indian"
68378,Twenty four seven (247),"sohna road,Gurgaon",5.0,20,100,"North Indian,Indian"
68382,Deshi Rasoi,"sohna road,Gurgaon",3.6,100,100,"North Indian,Thalis"
68383,Costa Coffee,"sohna road,Gurgaon",3.8,20,450,Beverages
68384,Golden China Hut,"sohna road,Gurgaon",4.2,20,250,Chinese
68389,Bakingo,"sohna road,Gurgaon",4.1,500,300,"Bakery,Desserts"
68392,North Indian Trail,"sohna road,Gurgaon",4.7,20,350,"North Indian,Chinese"
68394,Haldiram's,"sohna road,Gurgaon",4.3,100,450,"Sweets,Desserts"
68396,KISKEY WHISKEY,"sohna road,Gurgaon",3.6,50,100,"North Indian,Biryani"
68397,Chaap Delight,"sohna road,Gurgaon",3.8,100,250,"North Indian,Tandoor"
68403,The Sugar Free Keto Kafe - By Artinci,"sohna road,Gurgaon",4.6,50,200,"Healthy Food,Keto"
68404,Dhaba 1947,"sohna road,Gurgaon",4.1,1000,300,"North Indian,Snacks"
68405,DJ's Pizza & Pasta,"sohna road,Gurgaon",4.4,100,400,"Pizzas,Pastas"
68410,Wangshi's Chinese and Thai,"sohna road,Gurgaon",4.1,500,600,"Chinese,Thai"
68411,D Momo Factory,"sohna road,Gurgaon",4.8,20,300,"Chinese,Continental"
68412,Al-Baik Biryani Restaurant,"sohna road,Gurgaon",3.6,20,250,"Biryani,North Indian"
68415,Sagar Ratna,"sohna road,Gurgaon",3.9,20,450,"South Indian,North Indian"
68420,Mr Singh Pishori chicken,"sohna road,Gurgaon",4.2,100,300,North Indian
68422,My Tea Chapel- Pinsa pizza waffles,"sohna road,Gurgaon",4.2,20,700,"Pizzas,Beverages"
68428,Home Plate by EatFit,"sohna road,Gurgaon",3.8,100,160,"North Indian,Home Food"
68431,The Fit Food,"sohna road,Gurgaon",3.7,100,350,"Salads,Italian"
68439,Book My Cake,"sohna road,Gurgaon",4.4,100,300,"Bakery,Desserts"
68440,Kwaliti,"sohna road,Gurgaon",3.8,20,200,"North Indian,Chinese"
68444,Third Wave Coffee,"sohna road,Gurgaon",4.3,100,400,Beverages
68449,Chinese Corner,"sohna road,Gurgaon",4.0,500,200,Chinese
68450,Burgerama,"sohna road,Gurgaon",4.2,100,600,Fast Food
68451,THE APPUMM HOUSE,"sohna road,Gurgaon",3.9,20,600,"South Indian,Mangalorean"
68453,YUM EXPRESS - BURGER DELIVERY,"sohna road,Gurgaon",4.4,20,300,"American,Italian"
68456,Punjabi Swag,"sohna road,Gurgaon",3.8,50,100,"Biryani,North Indian"
68457,KUBER RASOI,"sohna road,Gurgaon",4.1,50,200,"North Indian,Snacks"
68458,Food Factory,"sohna road,Gurgaon",3.9,20,400,"North Indian,Chinese"
68459,PUNJABI CHAAP CORNER (South City 2),"sohna road,Gurgaon",3.4,50,350,"North Indian,Snacks"
68461,Chacha Food Street,"sohna road,Gurgaon",3.8,20,100,"Thalis,Tandoor"
68464,MoonMoon - Juicy Crustwiches,"sohna road,Gurgaon",4.3,100,300,"American,Snacks"
68465,The Dessert Heaven - Pure Veg,"sohna road,Gurgaon",4.3,20,200,"Desserts,Bakery"
68468,Paradise Biryani,"sohna road,Gurgaon",3.8,1000,400,"Biryani,Kebabs"
68469,Punjab King,"sohna road,Gurgaon",3.8,20,300,"North Indian,Chinese"
68472,Cheesecake & co.,"sohna road,Gurgaon",4.7,20,300,Bakery
68473,Dawat Bakery,"sohna road,Gurgaon",4.4,100,200,Indian
68479,Goli Vada Pav No .1,"sohna road,Gurgaon",4.0,100,100,"Maharashtrian,North Indian"
68480,Food hub,"sohna road,Gurgaon",4.6,20,100,"North Indian,Indian"
68481,The Good Bowl,"sohna road,Gurgaon",4.0,20,400,"North Indian,Punjabi"
68483,MASALA FUSION,"sohna road,Gurgaon",3.8,50,100,"North Indian,Chinese"
68486,Cake 99,"sohna road,Gurgaon",4.4,100,199,"Bakery,Desserts"
68488,Happy Shakes,"sohna road,Gurgaon",4.3,20,200,"Beverages,Desserts"
68495,The Burger Club,"sohna road,Gurgaon",4.0,500,250,"American,Beverages"
68496,SMOOR,"sohna road,Gurgaon",4.3,20,350,"Desserts,Bakery"
68498,Italian Mojo Pizza,"sohna road,Gurgaon",4.2,50,600,Italian
68500,Desi Chinese,"sohna road,Gurgaon",3.2,20,300,"Fast Food,Chinese"
68507,Pind Bhatura,"sohna road,Gurgaon",4.3,100,200,"North Indian,Punjabi"
68511,Just Punjabi,"sohna road,Gurgaon",4.1,100,100,"North Indian,Chinese"
68518,Taste Lover,"sohna road,Gurgaon",3.4,20,199,"Indian,North Indian"
68519,Tandoor Pitara,"sohna road,Gurgaon",4.2,20,100,"North Indian,Indian"
68520,Your Fusion Meals & Thalis,"sohna road,Gurgaon",3.9,20,300,"North Indian,Continental"
68521,Food Express,"sohna road,Gurgaon",3.9,100,100,"North Indian,Chinese"
68525,Cake For You.,"sohna road,Gurgaon",4.3,100,200,"Bakery,Desserts"
68527,34 Chowringhee lane,"sohna road,Gurgaon",3.9,100,300,Fast Food
68529,qilla,"sohna road,Gurgaon",4.3,20,600,"Awadhi,Lucknowi"
68530,HRX by Eatfit,"sohna road,Gurgaon",5.0,20,250,"Healthy Food,Salads"
68531,Khan Chacha,"sohna road,Gurgaon",4.0,50,400,"North Indian,Biryani"
68532,Rollsking,"sohna road,Gurgaon",4.0,100,300,"Fast Food,North Indian"
68534,NOTO - Healthy Ice Cream,"sohna road,Gurgaon",4.3,50,250,Ice Cream
68539,Liangs Asian,"sohna road,Gurgaon",4.4,20,250,"Chinese,Asian"
68540,Oriental Fusion,"sohna road,Gurgaon",4.1,100,500,"Chinese,Thai"
68542,Khansama Express,"sohna road,Gurgaon",4.1,100,650,"North Indian,Chinese"
68544,BroMomo,"sohna road,Gurgaon",3.9,100,400,"Chinese,Snacks"
68548,Bercos - If you love chinese,"sohna road,Gurgaon",4.3,100,600,"Chinese,Thai"
68549,Rolls Kart,"sohna road,Gurgaon",4.5,20,200,Snacks
68550,Hot Paprika,"sohna road,Gurgaon",4.0,100,200,Chinese
68551,Wangchuks Tibetan Kitchen,"sohna road,Gurgaon",4.0,100,500,"Chinese,Tibetan"
68556,Dhaba HR-26,"sohna road,Gurgaon",3.8,50,300,"Chinese,North Indian"
68558,Food Forever,"sohna road,Gurgaon",2.9,20,250,"North Indian,Chinese"
68567,Crustworthy Pizza,"sohna road,Gurgaon",3.7,20,350,"Pizzas,Pastas"
68569,Hungry Panda - Deliciously Chinese,"sohna road,Gurgaon",2.9,20,300,"Chinese,Pan-Asian"
68571,Dhaba Ambarsar,"sohna road,Gurgaon",3.9,100,200,"North Indian,Indian"
68577,Coastal Reef,"sohna road,Gurgaon",4.0,100,600,"Coastal,Seafood"
68580,Punjabi Kitchen,"sohna road,Gurgaon",3.6,100,100,"Biryani,North Indian"
68588,Cakes Today,"sohna road,Gurgaon",3.3,20,200,"Bakery,Desserts"
68592,Momo Shomo,"sohna road,Gurgaon",4.1,20,300,"Snacks,American"
68595,Wow! China,"sohna road,Gurgaon",3.8,20,400,"Tibetan,Chinese"
68597,Saravana Bhavan,"sohna road,Gurgaon",4.2,1000,250,South Indian
68599,The Biryani Life,"sohna road,Gurgaon",3.8,20,250,"Biryani,Hyderabadi"
68603,Naivedyam,"sohna road,Gurgaon",4.3,100,300,South Indian
68604,Baskin Robbins,"sohna road,Gurgaon",4.6,50,300,"Ice Cream,Desserts"
68607,CAFE 46,"sohna road,Gurgaon",3.5,100,199,"Continental,Indian"
68609,"Cest La Vie- Pizzas, Pastas & Burgers","sohna road,Gurgaon",4.3,100,800,"Italian,Continental"
68612,Handcrafted Bakers,"sohna road,Gurgaon",4.4,50,300,"Bakery,Desserts"
68613,CAKEY BAKEY,"sohna road,Gurgaon",4.5,50,200,Bakery
68617,ROYAL KITCHEN,"sohna road,Gurgaon",3.5,20,250,"North Indian,Chinese"
68619,Just Deshi Swaad,"sohna road,Gurgaon",3.6,50,100,"Biryani,Chinese"
68620,Hichkee,"sohna road,Gurgaon",3.9,20,100,"Biryani,Chinese"
68621,High on Chicken,"sohna road,Gurgaon",4.0,20,300,"Indian,Snacks"
68625,Louis Burger,"sohna road,Gurgaon",4.6,100,600,American
68627,Oven Story Pizza,"sohna road,Gurgaon",3.6,100,400,"Pizzas,Italian"
68629,Itminaan Biryani - Dum Pukht,"sohna road,Gurgaon",3.8,20,400,"Biryani,North Indian"
68631,Balle Balle Punjab,"sohna road,Gurgaon",3.4,100,250,"North Indian,Punjabi"
68634,Shahi Rasoi,"sohna road,Gurgaon",3.7,50,100,"North Indian,Biryani"
68638,Barbeque Nation,"sohna road,Gurgaon",3.7,100,600,"North Indian,Barbecue"
68639,Salad Days,"sohna road,Gurgaon",4.5,500,500,"Healthy Food,Salads"
68640,The Ladakhi Kitchen,"sohna road,Gurgaon",4.2,100,400,"Chinese,Tibetan"
68641,Pramod Kulche Wale,"sohna road,Gurgaon",4.4,50,200,Indian
68642,The Asian Dynasty,"sohna road,Gurgaon",3.7,20,300,"Asian,Indian"
68643,Burger Monk,"sohna road,Gurgaon",4.0,50,400,"American,Pizzas"
68644,Nawab Ke Kebab,"sohna road,Gurgaon",4.7,20,400,"Kebabs,North Indian"
68645,Bamboo House,"sohna road,Gurgaon",4.0,1000,400,"Chinese,Thai"
68646,Sushant FoJi Dhaba,"sohna road,Gurgaon",3.4,100,200,"North Indian,Fast Food"
68648,Bijoli Grill,"sohna road,Gurgaon",4.3,100,1000,Bengali
68653,Mumbai Cafe House,"sohna road,Gurgaon",3.5,50,250,"Snacks,North Indian"
68656,Masala Fusion Delight,"sohna road,Gurgaon",3.8,100,350,"North Indian,Chinese"
68657,JI memsaab indian terrace restaurant & bar,"sohna road,Gurgaon",4.0,20,1000,Indian
68658,Mr. Sandwiches,"sohna road,Gurgaon",4.1,100,300,"American,Pastas"
68662,Salad Company,"sohna road,Gurgaon",4.2,100,400,"Salads,Healthy Food"
68665,DESI MASALA TADKA,"sohna road,Gurgaon",4.6,20,200,"North Indian,Snacks"
68668,Fat Wrap Fat Roll,"sohna road,Gurgaon",3.5,20,400,"Snacks,Beverages"
68669,Faasos - Wraps & Rolls,"sohna road,Gurgaon",4.0,500,200,"Fast Food,Snacks"
68677,Master Shifu,"sohna road,Gurgaon",4.7,50,200,"Tibetan,Chinese"
68680,Cake Plaza 24x7,"sohna road,Gurgaon",3.9,50,300,Bakery
68681,JoJo Pizza,"sohna road,Gurgaon",4.4,20,200,"Pizzas,Fast Food"
68682,Yo! China,"sohna road,Gurgaon",4.0,100,600,Chinese
68684,Healthy Bowls & More,"sohna road,Gurgaon",3.9,100,250,"Indian,Chinese"
68685,KULHAD RESTRO-CAFE,"sohna road,Gurgaon",4.1,50,200,"North Indian,Biryani"
68687,Momo Station,"sohna road,Gurgaon",4.4,20,200,Chinese
68693,Danny's Fried Chicken,"sohna road,Gurgaon",4.2,100,350,"Fast Food,Snacks"
68694,Dhaba Stories,"sohna road,Gurgaon",4.8,20,200,"Tandoor,Kebabs"
68699,Bikanervala,"sohna road,Gurgaon",4.1,1000,450,"North Indian,Chinese"
68700,Moti Mahal Express,"sohna road,Gurgaon",4.1,100,400,"North Indian,Mughlai"
68705,Upper taste,"sohna road,Gurgaon",4.9,20,100,"North Indian,Tandoor"
68707,Nazim's Kathi Roll,"sohna road,Gurgaon",3.9,100,300,"Biryani,Tandoor"
68708,Al Lazziz Chicken Shawarma,"sohna road,Gurgaon",3.8,20,200,"Snacks,Chinese"
68718,Sachi Cakery,"sohna road,Gurgaon",4.5,20,700,"Desserts,Bakery"
68720,Khichdi Aroma,"sohna road,Gurgaon",4.0,100,200,"North Indian,Home Food"
68724,Hydrate - Juices & More,"sohna road,Gurgaon",4.9,50,220,"Juices,Beverages"
68727,HEALTHY MEALS,"sohna road,Gurgaon",3.5,20,300,"Beverages,Snacks"
68729,Cake Party,"sohna road,Gurgaon",3.3,50,200,"Bakery,Desserts"
68730,POTLI,"sohna road,Gurgaon",3.7,100,200,"North Indian,Tandoor"
68732,Biryani Affair,"sohna road,Gurgaon",3.8,50,500,"Biryani,Mughlai"
68734,BAKERS WORLD,"sohna road,Gurgaon",3.2,50,199,"Bakery,Snacks"
68740,Burger Hut,"sohna road,Gurgaon",4.2,100,200,Continental
68741,Sandburg Shakes,"sohna road,Gurgaon",4.3,100,500,"American,Salads"
68742,Magadh & Awadh,"sohna road,Gurgaon",4.0,100,300,"Bihari,Lucknowi"
68745,"FLAVORFOX- Burgers, Pasta & more","sohna road,Gurgaon",4.0,50,250,"American,Pastas"
68746,Chinese Bowl Company,"sohna road,Gurgaon",4.8,50,300,"North Indian,Chinese"
68747,EMOI ARTISANAL ICE CREAMS & GELATO,"sohna road,Gurgaon",4.6,20,200,"Ice Cream,Desserts"
68748,CakeZone,"sohna road,Gurgaon",4.1,50,200,"Bakery,Desserts"
68755,HOT STONE,"sohna road,Gurgaon",5.0,20,600,"Pizzas,Italian"
68756,9 Nomadic Eats,"sohna road,Gurgaon",4.0,20,500,"Continental,Chinese"
68760,"Kebabi Karvaan - Kebabs, Curries & Biryanis","sohna road,Gurgaon",4.3,20,300,"Kebabs,Mughlai"
68761,Wow! Momo,"sohna road,Gurgaon",4.0,100,300,"Tibetan,Healthy Food"
68763,TROHO HoMffins - KB,"sohna road,Gurgaon",3.7,50,250,"North Indian,Home Food"
68767,Houz Of Commons,"sohna road,Gurgaon",5.0,20,300,"Chinese,Thai"
68770,Rolls Mania,"sohna road,Gurgaon",3.9,100,200,Beverages
68772,BOX8 - Desi Meals,"sohna road,Gurgaon",4.1,100,250,"North Indian,Biryani"
68773,Tiffin Story,"sohna road,Gurgaon",4.3,1000,200,"Home Food,South Indian"
68775,Masala & Curry,"sohna road,Gurgaon",4.3,50,300,"Biryani,Indian"
68780,South Dosa Plaza,"sohna road,Gurgaon",3.7,100,200,South Indian
68781,Amritsari Kulcha by Mohan Ji,"sohna road,Gurgaon",3.8,100,300,North Indian
68783,Indian Curry House,"sohna road,Gurgaon",4.8,50,300,"North Indian,Chinese"
68785,Eat street,"sohna road,Gurgaon",4.7,20,100,"North Indian,Snacks"
68787,tokyo sushi,"sohna road,Gurgaon",4.8,20,299,"Chinese,Asian"
68788,Namak Shamak,"sohna road,Gurgaon",4.2,50,250,"North Indian,Chinese"
68789,Veer ji malai chaap wale,"sohna road,Gurgaon",4.0,100,400,North Indian
68794,TASTE OF VADA PAV,"sohna road,Gurgaon",3.7,20,200,"Snacks,North Indian"
68796,Thalaivars Biryani,"sohna road,Gurgaon",4.2,100,200,"Andhra,Biryani"
68801,Swiss Cake and Bakery,"sohna road,Gurgaon",4.1,100,200,"Bakery,Desserts"
68804,NIC Natural Ice Creams,"sohna road,Gurgaon",4.5,500,120,"Ice Cream,Desserts"
68808,The Dim Sum House,"sohna road,Gurgaon",4.2,20,500,"Chinese,Thai"
74398,Qaffeine Coffee,"Banjara Hills,Hyderabad",4.1,20,500,"Beverages,Desserts"
74399,Flying Spaghetti Monster,"Banjara Hills,Hyderabad",4.3,100,1500,"Italian,Pizzas"
74401,Haji Ali Fresh Fruit Juices,"Banjara Hills,Hyderabad",4.3,100,200,"Beverages,Ice Cream"
74402,Akson Restaurant,"Banjara Hills,Hyderabad",4.2,1000,250,"North Indian,Biryani"
74404,Al-Tazaj Fried Chicken,"Banjara Hills,Hyderabad",3.5,20,200,"Italian,Beverages"
74407,Makers of Milkshakes,"Banjara Hills,Hyderabad",4.2,100,250,"Beverages,Desserts"
74411,Dhaba Estd 1986 Delhi,"Banjara Hills,Hyderabad",4.7,20,600,"Biryani,Hyderabadi"
74412,Bikanervala Restaurant,"Banjara Hills,Hyderabad",4.3,50,700,"North Indian,Chinese"
74414,Mamagoto,"Banjara Hills,Hyderabad",4.9,20,800,"Chinese,Asian"
74415,Bright Moon Shawarma,"Banjara Hills,Hyderabad",3.6,20,200,"Arabian,Lebanese"
74417,Chutneys,"Banjara Hills,Hyderabad",4.2,5000,500,"North Indian,Chinese"
74419,Biryani Stories,"Banjara Hills,Hyderabad",4.1,500,300,"Biryani,North Indian"
74421,Southern Mirchi,"Banjara Hills,Hyderabad",4.1,100,600,"South Indian,North Indian"
74422,Ciro's Pizzeria,"Banjara Hills,Hyderabad",4.0,100,600,"Pizzas,Italian"
74423,Aromas of Asia,"Banjara Hills,Hyderabad",3.9,50,1000,"Pan-Asian,Chinese"
74424,The Tea Planet,"Banjara Hills,Hyderabad",4.0,20,200,Beverages
74428,Dine O' China,"Banjara Hills,Hyderabad",3.8,100,400,Chinese
74429,Sarvi Bakery,"Banjara Hills,Hyderabad",3.9,100,250,"Desserts,Bakery"
74430,Moin chakana,"Banjara Hills,Hyderabad",4.0,20,250,Hyderabadi
74431,Grameen Kulfi,"Banjara Hills,Hyderabad",4.7,50,120,"Ice Cream,Desserts"
74433,KHOLANIS RESTAURANT,"Banjara Hills,Hyderabad",4.0,20,600,"Biryani,Mughlai"
74434,ASIAN TREAT,"Banjara Hills,Hyderabad",4.2,100,500,"Asian,Chinese"
74436,Khichdi Express,"Banjara Hills,Hyderabad",3.8,100,200,"Indian,North Indian"
74440,Sahib Sindh Sultan,"Banjara Hills,Hyderabad",3.8,50,1000,"North Indian,Biryani"
74441,Ohri's Eatmor,"Banjara Hills,Hyderabad",4.0,500,450,"North Indian,Pizzas"
74442,KFC,"Banjara Hills,Hyderabad",3.7,500,450,"American,Snacks"
74443,Ohri's Ming's Court,"Banjara Hills,Hyderabad",3.9,100,1000,Chinese
74444,The Matter of Batter,"Banjara Hills,Hyderabad",4.1,100,400,Desserts
74445,Udupi dosa house,"Banjara Hills,Hyderabad",3.9,100,100,South Indian
74446,Biryaniwalla & Co - The Pride of Hyderabad,"Banjara Hills,Hyderabad",4.0,500,500,"Biryani,Indian"
74449,The Pit Smokers,"Banjara Hills,Hyderabad",4.0,20,700,Fast Food
74451,Punjabi kitchen,"Banjara Hills,Hyderabad",3.9,20,199,"Punjabi,North Indian"
74452,AB's-Absolute Barbecues,"Banjara Hills,Hyderabad",3.4,50,400,"Barbecue,Biryani"
74453,CRISPY CRUST,"Banjara Hills,Hyderabad",3.5,20,300,"Beverages,Fast Food"
74454,Arabella House of Arabic & Lebanese Cuisine,"Banjara Hills,Hyderabad",3.9,50,1000,Indian
74455,Suprabath tiffins,"Banjara Hills,Hyderabad",4.2,1000,150,South Indian
74458,La Pino'z Pizza,"Banjara Hills,Hyderabad",4.0,1000,300,Pizzas
74459,Al Azeez BBQ Chicken,"Banjara Hills,Hyderabad",3.9,50,500,Arabian
74460,Onesta,"Banjara Hills,Hyderabad",3.9,1000,200,"Italian,Desserts"
74463,Mandi @36,"Banjara Hills,Hyderabad",4.0,100,1000,"Arabian,Continental"
74465,Maalgaadi by Dhaba Estd 1986 Delhi,"Banjara Hills,Hyderabad",4.9,20,1200,"Chinese,Asian"
74471,THE BETEL LEAF CO - Originally from Bangalore,"Banjara Hills,Hyderabad",4.6,20,200,"Paan,Desserts"
74475,Pizza Hut,"Banjara Hills,Hyderabad",3.9,100,350,"Pizzas,Fast Food"
74476,Subway,"Banjara Hills,Hyderabad",3.3,20,350,"Fast Food,Salads"
74479,Vadilal Ice Cream,"Banjara Hills,Hyderabad",3.7,100,200,"Ice Cream,Desserts"
74481,Dunkin',"Banjara Hills,Hyderabad",4.3,500,250,"Beverages,Fast Food"
74482,Bangkok169,"Banjara Hills,Hyderabad",3.5,50,200,"Asian,Chinese"
74483,Sauced Up,"Banjara Hills,Hyderabad",4.4,1000,200,"American,Fast Food"
74484,Keshav Reddy Sweets,"Banjara Hills,Hyderabad",4.2,500,150,"Sweets,Bakery"
74485,ONESTA PIZZA HUT,"Banjara Hills,Hyderabad",1.5,20,400,"Pizzas,Pastas"
74486,Angaara 5,"Banjara Hills,Hyderabad",4.0,500,400,"North Indian,Biryani"
74487,Urvasi Hotel,"Banjara Hills,Hyderabad",3.6,20,450,"North Indian,Andhra"
74488,Millet Express,"Banjara Hills,Hyderabad",4.2,1000,200,"Healthy Food,South Indian"
74490,Sanjos Donuts,"Banjara Hills,Hyderabad",3.9,50,250,"Beverages,Desserts"
74491,Kulfi Nation,"Banjara Hills,Hyderabad",4.7,50,200,"Ice Cream,Desserts"
74494,Tipsy Topsy,"Banjara Hills,Hyderabad",3.7,100,250,"Chinese,Italian"
74495,Bakingo,"Banjara Hills,Hyderabad",4.1,100,300,Bakery
74497,Arya Bhavan Pure Veg,"Banjara Hills,Hyderabad",3.9,100,200,Indian
74499,Exotica,"Banjara Hills,Hyderabad",4.4,500,1000,"Indian,Chinese"
74501,Pure Veg Meals by Lunchbox,"Banjara Hills,Hyderabad",4.0,50,200,"North Indian,Desserts"
74502,Samosa Singh,"Banjara Hills,Hyderabad",4.0,100,150,"North Indian,Snacks"
74503,PVR Cafe,"Banjara Hills,Hyderabad",4.1,20,400,"Snacks,Fast Food"
74504,Gol Panipuri,"Banjara Hills,Hyderabad",3.4,20,500,Chaat
74505,Rolls & Bowls By FEEDX,"Banjara Hills,Hyderabad",4.2,100,300,"North Indian,Chinese"
74511,Fishland Express - Dhanturi Group of Hotels,"Banjara Hills,Hyderabad",3.8,100,350,"Biryani,Chinese"
74513,Potful - Claypot Biryanis,"Banjara Hills,Hyderabad",4.1,100,500,"Biryani,Kebabs"
74516,Pizza Delivery,"Banjara Hills,Hyderabad",1.6,20,200,Pizzas
74519,Fat Tiger,"Banjara Hills,Hyderabad",4.0,20,300,"Chinese,American"
74522,Haiku,"Banjara Hills,Hyderabad",4.3,500,1500,"Japanese,Asian"
74526,Srikanya,"Banjara Hills,Hyderabad",4.0,1000,250,"Andhra,Seafood"
74527,Diamond Pan Shop,"Banjara Hills,Hyderabad",4.3,100,250,"Paan,Indian"
74528,Haldirams,"Banjara Hills,Hyderabad",4.2,500,200,"Snacks,Indian"
74529,Shree Santosh Family Dhaba,"Banjara Hills,Hyderabad",3.7,500,200,"North Indian,Biryani"
74533,"Frozen Bottle - Milkshakes, Desserts And Ice Cream","Banjara Hills,Hyderabad",3.4,20,250,"Beverages,Desserts"
74534,Kwality Walls Frozen Dessert and Ice Cream Shop,"Banjara Hills,Hyderabad",4.2,50,300,Ice Cream
74541,Faasos - Wraps & Rolls,"Banjara Hills,Hyderabad",4.0,100,200,"Fast Food,Snacks"
74547,Roastery Coffee House,"Banjara Hills,Hyderabad",4.4,1000,600,"Desserts,American"
74548,Breakfast Express,"Banjara Hills,Hyderabad",4.2,100,200,"Continental,North Indian"
74551,Swiss Castle,"Banjara Hills,Hyderabad",4.3,100,500,"Bakery,Snacks"
74553,Krispy Kreme,"Banjara Hills,Hyderabad",4.4,100,170,"Desserts,Beverages"
74554,Vadapav & More,"Banjara Hills,Hyderabad",3.3,20,200,"Indian,Snacks"
74559,Absolute Fried Chicken,"Banjara Hills,Hyderabad",2.9,20,500,"Snacks,Fast Food"
74561,Bluefox,"Banjara Hills,Hyderabad",3.4,100,500,"Chinese,Indian"
74562,Cafe Niloufer Premium Lounge,"Banjara Hills,Hyderabad",4.5,5000,200,"Bakery,Snacks"
74564,Cookie Man Next Galleria Punjagutta,"Banjara Hills,Hyderabad",3.3,20,200,"Desserts,Ice Cream"
74565,Slice'd - The Gourmet Pizzeria,"Banjara Hills,Hyderabad",4.2,20,800,"Pizzas,Desserts"
74566,Nizami Shawarma - Dhanturi Group of Hotels,"Banjara Hills,Hyderabad",3.7,20,250,"Arabian,Beverages"
74567,The Thick Shake Factory,"Banjara Hills,Hyderabad",4.4,100,350,Beverages
74576,NIC Natural Ice Creams,"Banjara Hills,Hyderabad",4.5,500,120,"Desserts,Ice Cream"
74580,Firangi Bake,"Banjara Hills,Hyderabad",3.6,20,400,"Italian,Mexican"
74584,Desi Donne Biryani,"Banjara Hills,Hyderabad",3.8,20,300,"Biryani,South Indian"
74586,Tibbs Frankie,"Banjara Hills,Hyderabad",4.2,100,140,"Snacks,Indian"
74587,Momo Nation Cafe,"Banjara Hills,Hyderabad",2.9,20,350,"Chinese,Continental"
74589,Kitchen King Restaurant,"Banjara Hills,Hyderabad",3.3,50,300,Indian
74590,Bheemas Grand,"Banjara Hills,Hyderabad",4.1,1000,150,South Indian
74591,Lassi & Falooda Co,"Banjara Hills,Hyderabad",2.7,50,200,"Ice Cream,Beverages"
74594,Quality Cakes,"Banjara Hills,Hyderabad",3.3,20,300,Bakery
74596,McDonald's,"Banjara Hills,Hyderabad",4.4,1000,400,"Burgers,Beverages"
74601,Haiyya!,"Banjara Hills,Hyderabad",3.6,20,350,"Chinese,Asian"
74604,Gobblers Rolls & Bowls,"Banjara Hills,Hyderabad",3.7,100,300,"North Indian,Chinese"
74605,Sweet Truth - Cake and Desserts,"Banjara Hills,Hyderabad",3.7,20,450,"Ice Cream,Bakery"
74606,Theobroma,"Banjara Hills,Hyderabad",4.4,100,600,"Desserts,Bakery"
74607,Almond House,"Banjara Hills,Hyderabad",4.6,500,800,"Sweets,Desserts"
74612,Turkish Central,"Banjara Hills,Hyderabad",3.3,1000,200,"Turkish,Arabian"
74613,Ghrelin - Cafe and Patisserie,"Banjara Hills,Hyderabad",4.2,1000,450,"Desserts,Italian"
74615,Indulge Ice Cream By Almond House,"Banjara Hills,Hyderabad",4.7,20,240,"Ice Cream,Desserts"
74616,1441 Pizzeria,"Banjara Hills,Hyderabad",4.1,100,400,"Italian,Pizzas"
74621,SALEEM KI HALEEM,"Banjara Hills,Hyderabad",3.9,50,350,"Haleem,Biryani"
74623,Spice 6-The Arab Villagio,"Banjara Hills,Hyderabad",4.1,1000,900,"North Indian,Biryani"
74624,Huber & Holly,"Banjara Hills,Hyderabad",4.0,500,500,"Pizzas,Beverages"
74625,BOX8 - Desi Meals,"Banjara Hills,Hyderabad",3.8,20,250,"North Indian,Biryani"
74627,CakeZone,"Banjara Hills,Hyderabad",4.1,1000,200,"Desserts,Bakery"
74630,Iceberg Organic Icecreams,"Banjara Hills,Hyderabad",4.6,20,200,"Ice Cream,Desserts"
74631,10D Express,"Banjara Hills,Hyderabad",4.1,100,600,"Continental,Chinese"
74635,Istah Shawarma,"Banjara Hills,Hyderabad",4.3,1000,250,"Arabian,Lebanese"
74641,Chai Pani,"Banjara Hills,Hyderabad",3.6,20,200,"Beverages,Snacks"
74642,The Brooklyn Creamery - Healthy Ice Cream,"Banjara Hills,Hyderabad",4.4,20,200,"Desserts,Ice Cream"
74645,Authentic Chinese Town,"Banjara Hills,Hyderabad",4.0,100,300,"Chinese,Pan-Asian"
74646,Baskin Robbins,"Banjara Hills,Hyderabad",4.0,100,400,"Ice Cream,Beverages"
74658,Anand Sweets and Savouries,"Banjara Hills,Hyderabad",5.0,20,150,"Sweets,Snacks"
74659,SuperLean Meals,"Banjara Hills,Hyderabad",3.7,100,300,"Healthy Food,Juices"
74660,Desi Kitchen,"Banjara Hills,Hyderabad",3.8,500,200,Indian
74663,CAKES11,"Banjara Hills,Hyderabad",3.9,100,200,"Bakery,Desserts"
74666,Natural Ice Cream,"Banjara Hills,Hyderabad",4.5,1000,150,Ice Cream
74667,D-Lite Frankie,"Banjara Hills,Hyderabad",4.0,20,200,Indian
74672,Biryani By Kilo,"Banjara Hills,Hyderabad",4.1,100,700,"Biryani,Mughlai"
74673,BIRYANI WALLA,"Banjara Hills,Hyderabad",2.9,20,200,"Biryani,Chinese"
74674,Shanbhag Hotel,"Banjara Hills,Hyderabad",4.1,500,300,"North Indian,South Indian"
74677,Shaandar Shawarma by Roxtarz,"Banjara Hills,Hyderabad",4.1,100,200,"Lebanese,Arabian"
74679,Momo Zone - The Momo Company,"Banjara Hills,Hyderabad",3.4,20,200,"Chinese,Tibetan"
74680,LEVANT TURKISH RESTAURANT,"Banjara Hills,Hyderabad",4.2,20,1000,"American,Lebanese"
74681,Minerva Coffee Shop,"Banjara Hills,Hyderabad",3.1,100,500,"North Indian,Chinese"
74682,Ibaco,"Banjara Hills,Hyderabad",4.4,100,800,"Desserts,Ice Cream"
74687,Domino's Pizza,"Banjara Hills,Hyderabad",3.8,1000,400,Pizzas
74689,Wow! Momo,"Banjara Hills,Hyderabad",3.5,100,300,"Tibetan,Healthy Food"
74694,Y2K Restaurant,"Banjara Hills,Hyderabad",3.1,1000,300,"North Indian,Chinese"
74698,Zyqa Restaurant,"Banjara Hills,Hyderabad",3.7,1000,200,"North Indian,Biryani"
74700,Kouzina Kafe - The Food Court,"Banjara Hills,Hyderabad",4.1,20,150,"Bakery,Ice Cream"
74701,Burger It Up,"Banjara Hills,Hyderabad",4.0,50,150,"American,Fast Food"
74702,Kaati Zone Rolls & Wraps,"Banjara Hills,Hyderabad",4.3,100,150,Beverages
74704,Dadu's,"Banjara Hills,Hyderabad",4.3,500,250,"Sweets,Desserts"
74705,Indiana Burgers,"Banjara Hills,Hyderabad",3.9,50,150,"American,Desserts"
74710,Taco Bell,"Banjara Hills,Hyderabad",3.9,500,300,Mexican
74717,Kamat Hotel,"Banjara Hills,Hyderabad",4.3,1000,500,"North Indian,South Indian"
74719,Royal biryani kabab juice,"Banjara Hills,Hyderabad",3.5,20,200,"Juices,Salads"
74722,Mehfil,"Banjara Hills,Hyderabad",3.9,1000,300,"Biryani,Chinese"
74723,Starbucks Coffee,"Banjara Hills,Hyderabad",4.3,500,400,"Beverages,Ice Cream"
74724,The Dessert Heaven - Pure Veg,"Banjara Hills,Hyderabad",4.5,100,200,"Bakery,Desserts"
74725,Parampara - Flavours of India,"Banjara Hills,Hyderabad",4.2,50,450,"North Indian,Thalis"
74726,Shahi Dastarkhwan,"Banjara Hills,Hyderabad",4.0,500,500,"North Indian,Chinese"
74730,7 sisters,"Banjara Hills,Hyderabad",3.9,100,499,"Nepalese,Asian"
74731,Spicy Restaurant,"Banjara Hills,Hyderabad",3.7,10000,300,"Biryani,Tandoor"
74735,Paris Waffle Co.,"Banjara Hills,Hyderabad",3.7,50,200,"Bakery,Desserts"
74736,Combo Stories By 10D Express,"Banjara Hills,Hyderabad",4.3,100,400,"Continental,Chinese"
74743,Govi's Organic Foods,"Banjara Hills,Hyderabad",4.8,100,300,"Sweets,Desserts"
74744,Taiba Bakery & Cafe,"Banjara Hills,Hyderabad",4.4,100,300,"Bakery,Pizzas"
74745,Big Byte,"Banjara Hills,Hyderabad",4.2,1000,250,"Desserts,Bakery"
74747,Falafel Affair,"Banjara Hills,Hyderabad",4.3,50,200,Arabian
74748,Barbeque Nation,"Banjara Hills,Hyderabad",3.7,100,600,"North Indian,Barbecue"
74750,Burger King,"Banjara Hills,Hyderabad",4.2,1000,350,"American,Fast Food"
74752,Riyan Hotel,"Banjara Hills,Hyderabad",3.5,1000,300,"Hyderabadi,Mughlai"
74753,Sher-E-Punjab Dhaba,"Banjara Hills,Hyderabad",3.9,20,350,"Indian,Biryani"
74755,Prowl Foods By Tiger Shroff,"Banjara Hills,Hyderabad",4.0,50,500,"North Indian,Continental"
74757,Gayathri Bhavan,"Banjara Hills,Hyderabad",3.7,20,200,"South Indian,North Indian"
74759,NOODLE KING,"Banjara Hills,Hyderabad",4.1,100,280,"Chinese,Seafood"
74761,Creamy n Creamy Ice stone,"Banjara Hills,Hyderabad",3.6,50,150,"Desserts,Beverages"
74762,Express By AB's,"Banjara Hills,Hyderabad",3.4,100,400,"Biryani,North Indian"
74765,Baguette Salads,"Banjara Hills,Hyderabad",3.7,100,200,"Healthy Food,North Indian"
74767,Healing Rice Bowls,"Banjara Hills,Hyderabad",3.0,20,200,"Indian,South Indian"
74770,Jo Momo,"Banjara Hills,Hyderabad",4.0,100,200,"Asian,Chinese"
74774,Ohri's Happy Takeaway,"Banjara Hills,Hyderabad",3.8,100,380,"Chinese,North Indian"
74775,Makhanwala,"Banjara Hills,Hyderabad",4.0,20,400,"Indian,North Indian"
74776,Hotel Sandarshini,"Banjara Hills,Hyderabad",4.3,1000,200,"North Indian,Chinese"
74777,Santosh Dhaba Exclusive,"Banjara Hills,Hyderabad",3.8,1000,300,"North Indian,Biryani"
74783,Pista House,"Banjara Hills,Hyderabad",4.1,500,200,"Pizzas,Snacks"
74784,Shah Ghouse Cafe & Restaurant,"Banjara Hills,Hyderabad",4.1,1000,350,"Biryani,Chinese"
74785,WarmOven Cakes & Desserts,"Banjara Hills,Hyderabad",4.2,500,200,"Bakery,Desserts"
74786,Healthyway by Aryan,"Banjara Hills,Hyderabad",3.5,20,950,Indian
74788,Frozen stories,"Banjara Hills,Hyderabad",4.3,20,300,Beverages
74789,Skypark Cafe,"Banjara Hills,Hyderabad",3.9,500,500,"Chinese,Continental"
74794,Gullu Dada's Biryani,"Banjara Hills,Hyderabad",4.0,100,500,Biryani
74796,IQBATAN Restaurant,"Banjara Hills,Hyderabad",3.2,50,500,"Arabian,Mughlai"
74797,A'la Liberty,"Banjara Hills,Hyderabad",3.8,100,600,"North Indian,Biryani"
74798,Concu,"Banjara Hills,Hyderabad",4.3,50,600,"Desserts,Continental"
74799,Imperial Multi-Cuisine Restaurant,"Banjara Hills,Hyderabad",4.0,1000,400,"Biryani,Chinese"
74800,Friends Shawarma,"Banjara Hills,Hyderabad",4.2,500,200,Lebanese
74808,The Dessert Zone,"Banjara Hills,Hyderabad",4.1,50,200,"Bakery,Desserts"
74810,BIRYANI HOUSE,"Banjara Hills,Hyderabad",2.8,20,300,"Biryani,Chinese"
74811,ATH - All Things Healthy!,"Banjara Hills,Hyderabad",4.3,100,200,"Healthy Food,Indian"
74812,Zomoz - The Momo Company,"Banjara Hills,Hyderabad",4.1,100,250,"Tibetan,Chinese"
74813,What A Sandwich!,"Banjara Hills,Hyderabad",3.7,20,250,"Salads,Snacks"
74820,Panchakattu Dosa,"Banjara Hills,Hyderabad",4.5,1000,100,South Indian
74821,Cafe Graffiti Pizzeria,"Banjara Hills,Hyderabad",3.7,100,450,"Italian,Beverages"
74822,Cupcake Bliss Cakes & Desserts,"Banjara Hills,Hyderabad",3.9,100,200,"Bakery,Desserts"
74827,The Wrap Co.,"Banjara Hills,Hyderabad",2.0,20,350,"Fast Food,Desserts"
74829,Gandikota Restaurant,"Banjara Hills,Hyderabad",3.6,20,600,"North Indian,Chinese"
74831,The Thickshake Project,"Banjara Hills,Hyderabad",2.4,20,200,"Ice Cream,Beverages"
74834,Sarkar's kitchen,"Banjara Hills,Hyderabad",4.2,100,600,"Bengali,Biryani"
74835,Churrolto,"Banjara Hills,Hyderabad",4.4,100,700,"Continental,Italian"
74836,Sri sai mess,"Banjara Hills,Hyderabad",3.8,20,200,"Indian,Snacks"
74838,Cafe Niloufer Classic,"Banjara Hills,Hyderabad",4.4,5000,150,Bakery
74839,Kritunga Restaurant,"Banjara Hills,Hyderabad",3.9,1000,500,"Biryani,Andhra"
74840,Cream Stone Ice Cream,"Banjara Hills,Hyderabad",4.3,1000,350,"Ice Cream,Desserts"
74846,SWASTIK UDUPI VEF,"Banjara Hills,Hyderabad",3.4,20,48,"South Indian,Snacks"
74849,Pakka local,"Banjara Hills,Hyderabad",4.3,100,500,"Indian,Chinese"
74851,Nanking C.R - Estd 1957,"Banjara Hills,Hyderabad",4.1,500,600,Indian
74852,Sha Sha - Shandaar Shawarma,"Banjara Hills,Hyderabad",4.2,100,150,"Lebanese,Arabian"
74853,Sukha Sagara North Indian & Chinese,"Banjara Hills,Hyderabad",4.1,100,300,"North Indian,Chinese"
74860,ZOUQ FUSION FOODS,"Banjara Hills,Hyderabad",3.8,20,800,Turkish
74864,SLAY Coffee,"Banjara Hills,Hyderabad",4.3,100,200,"Beverages,Desserts"
74865,Dhaba Chef,"Banjara Hills,Hyderabad",3.5,20,400,"North Indian,Chinese"
74867,Balaji Mithai bhandar,"Banjara Hills,Hyderabad",4.3,100,300,Sweets
74868,Gourmet Ice Cream Cakes by Baskin Robbins,"Banjara Hills,Hyderabad",3.7,20,200,"Desserts,Ice Cream"
74869,Cafe Coffee Day,"Banjara Hills,Hyderabad",4.2,100,300,"Beverages,Snacks"
74871,Euphoria,"Banjara Hills,Hyderabad",4.7,100,600,Desserts
74872,Oven Story Pizza,"Banjara Hills,Hyderabad",3.7,100,400,"Pizzas,Italian"
74873,Waffle house,"Banjara Hills,Hyderabad",3.8,50,400,"Cafe,Desserts"
74875,Sharadas Chinese Restaurant,"Banjara Hills,Hyderabad",4.1,50,400,"Chinese,Snacks"
74877,Kulfi & Falooda Project,"Banjara Hills,Hyderabad",2.2,20,200,"Ice Cream,Beverages"
74880,Al Arabian Shawarma,"Banjara Hills,Hyderabad",4.2,100,150,Arabian
74881,Tasco Bakery,"Banjara Hills,Hyderabad",4.1,20,350,"Bakery,Desserts"
74883,GRAND CHICKEN HALEEM,"Banjara Hills,Hyderabad",3.4,20,150,Hyderabadi
74884,Lingaiah Hotel,"Banjara Hills,Hyderabad",4.6,100,200,South Indian
74888,Sammis shawarma,"Banjara Hills,Hyderabad",4.0,20,250,"Arabian,Snacks"
74889,Burger Division,"Banjara Hills,Hyderabad",4.0,100,500,"Snacks,American"
74892,Amantran Bengali Restaurant,"Banjara Hills,Hyderabad",3.8,1000,200,"Bengali,North Indian"
74893,Meals101,"Banjara Hills,Hyderabad",3.2,50,350,"Asian,North Indian"
74894,Chinese Pavilion,"Banjara Hills,Hyderabad",4.2,1000,850,"Chinese,Seafood"
74895,Sundae Everyday Ice Creams,"Banjara Hills,Hyderabad",3.5,50,150,"Desserts,Ice Cream"
74896,Chicken Shawarma Hub,"Banjara Hills,Hyderabad",3.5,1000,250,Arabian
74897,Slurpy Shakes,"Banjara Hills,Hyderabad",4.1,100,150,Beverages
74898,Belgian Waffle Factory,"Banjara Hills,Hyderabad",3.6,50,300,Desserts
74899,Seventh Heaven Restaurant,"Banjara Hills,Hyderabad",3.8,20,600,"Biryani,Indian"
74902,Cafe 555 & Aqeeq Restaurant,"Banjara Hills,Hyderabad",4.1,5000,300,"Biryani,North Indian"
74903,Hotel Al Shafa Kalyani Biryani,"Banjara Hills,Hyderabad",4.1,100,200,Biryani
74904,Tasty Momos,"Banjara Hills,Hyderabad",4.1,20,200,Indian
74905,Shadab Go,"Banjara Hills,Hyderabad",4.1,1000,500,"Biryani,North Indian"
74906,Chef Inam's Steak House,"Banjara Hills,Hyderabad",3.8,100,1200,"Steakhouse,American"
74907,Salwa Multicuisine Restaurant,"Banjara Hills,Hyderabad",3.8,100,300,"North Indian,Chinese"
74911,Mamu,"Banjara Hills,Hyderabad",4.0,20,300,"Fast Food,Snacks"
74912,Park Hyatt Hyderabad,"Banjara Hills,Hyderabad",3.5,20,800,"Italian,Indian"
74914,DHABA EXPRESS,"Banjara Hills,Hyderabad",3.9,100,500,"Biryani,Kebabs"
74917,Shree Meghana Foods Take Away,"Banjara Hills,Hyderabad",3.8,50,250,"Chinese,Indian"
74923,JUSTBAKE- CAKES & DESSERTS,"Banjara Hills,Hyderabad",4.0,50,150,"Bakery,Desserts"
74927,Scoops,"Banjara Hills,Hyderabad",4.5,100,200,"Desserts,Ice Cream"
74928,homely,"Banjara Hills,Hyderabad",4.2,1000,200,"Home Food,North Indian"
74929,Roll Zone,"Banjara Hills,Hyderabad",4.0,50,250,Fast Food
74930,Curry Combos,"Banjara Hills,Hyderabad",4.3,100,300,"Punjabi,North Indian"
74931,Wow! China,"Banjara Hills,Hyderabad",3.6,100,300,"Tibetan,Chinese"
74933,Chef Inam's KOB,"Banjara Hills,Hyderabad",4.1,20,1000,"Mughlai,Kebabs"
74935,HOUSE OF DESSERTS,"Banjara Hills,Hyderabad",4.3,20,300,Desserts
74936,Chili's American Grill & Bar,"Banjara Hills,Hyderabad",4.2,100,900,"American,Salads"
74937,Drunken Monkey,"Banjara Hills,Hyderabad",4.3,50,300,"Healthy Food,Beverages"
74938,Makhni Brothers,"Banjara Hills,Hyderabad",3.8,50,350,"North Indian,Kebabs"
74939,California Burrito,"Banjara Hills,Hyderabad",4.4,500,500,"Mexican,Salads"
74941,Roti Express,"Banjara Hills,Hyderabad",3.9,50,200,"Healthy Food,North Indian"
74943,The Biryani Life,"Banjara Hills,Hyderabad",3.5,50,250,"Biryani,North Indian"
74944,Masqati Ice Cream,"Banjara Hills,Hyderabad",4.3,100,300,"Ice Cream,Desserts"
74946,Mehfil Biryani by Zakir Khan,"Banjara Hills,Hyderabad",2.9,20,600,"Biryani,Mughlai"
74947,The Bowl Company,"Banjara Hills,Hyderabad",4.3,1000,300,"Continental,North Indian"
74948,Ya-marhaba Arabian Mandi,"Banjara Hills,Hyderabad",2.9,20,200,Arabian
74950,Ohri's Serengeti,"Banjara Hills,Hyderabad",3.5,50,400,"North Indian,Biryani"
74951,Chandni Chowk,"Banjara Hills,Hyderabad",3.6,20,150,"North Indian,Combo"
74953,Urban Singh,"Banjara Hills,Hyderabad",4.9,20,400,"North Indian,Chinese"
74954,The Just Biryani,"Banjara Hills,Hyderabad",3.8,50,200,"Chinese,South Indian"
74956,Country Oven,"Banjara Hills,Hyderabad",4.0,100,250,"Italian,Bakery"
74957,Eclair De Cake,"Banjara Hills,Hyderabad",3.3,20,300,"Desserts,Beverages"
74958,Biryani Junction,"Banjara Hills,Hyderabad",3.2,20,300,Biryani
74960,MATAAM AL JAZIRAH,"Banjara Hills,Hyderabad",3.3,20,300,"Desserts,Arabian"
74962,Roll Call,"Banjara Hills,Hyderabad",4.1,100,250,Fast Food
74963,Chopstick Veg Restro,"Banjara Hills,Hyderabad",4.0,50,250,Chinese
74964,Mohammedia Shawarma,"Banjara Hills,Hyderabad",3.9,100,250,"Arabian,Kebabs"
74966,Silver Salt,"Banjara Hills,Hyderabad",4.0,100,1000,"Hyderabadi,Biryani"
74967,Heer-The Nizami Spread,"Banjara Hills,Hyderabad",3.5,20,500,"Indian,North Indian"
74968,Mega tasty n spicy,"Banjara Hills,Hyderabad",3.9,100,150,"Biryani,Chinese"
74971,Asian Meal Box,"Banjara Hills,Hyderabad",3.8,1000,200,"Asian,Chinese"
74973,Balaji sitaram mithai bhandar,"Banjara Hills,Hyderabad",4.1,50,150,"Sweets,Fast Food"
74975,Feranoz,"Banjara Hills,Hyderabad",4.4,1000,500,"Desserts,Italian"
74977,Gabru Di Chaap,"Banjara Hills,Hyderabad",4.0,20,300,"North Indian,Snacks"
74978,Parathas & More,"Banjara Hills,Hyderabad",4.0,100,300,"Chinese,North Indian"
74985,Shahi Rasoi Multicuisine family Restaurant,"Banjara Hills,Hyderabad",3.8,100,750,"Biryani,Desserts"
74992,Anupama hotel,"Banjara Hills,Hyderabad",3.4,20,250,"Biryani,South Indian"
74993,The Good Bowl,"Banjara Hills,Hyderabad",4.0,50,400,"North Indian,Punjabi"
75000,Naimat Delight,"Banjara Hills,Hyderabad",4.0,20,240,"Indian,Desserts"
75006,Paradise Biryani,"Banjara Hills,Hyderabad",3.7,500,400,"Biryani,Kebabs"
75008,Nasheman Hotel  Altaf Bakery,"Banjara Hills,Hyderabad",4.3,100,500,"Hyderabadi,Tandoor"
75011,Ocean's Basket,"Banjara Hills,Hyderabad",4.1,20,1500,Seafood
75013,Burgasm,"Banjara Hills,Hyderabad",4.0,100,350,"Burgers,Beverages"
75014,Eat Italy,"Banjara Hills,Hyderabad",3.8,20,250,"Italian,American"
75016,Shadaab,"Banjara Hills,Hyderabad",2.3,20,200,"Biryani,Chinese"
75018,Seasons Xprs,"Banjara Hills,Hyderabad",4.1,500,200,"Lebanese,Arabian"
75019,Lean Bites,"Banjara Hills,Hyderabad",3.7,100,400,"Beverages,Continental"
75022,Fitmeals,"Banjara Hills,Hyderabad",4.3,100,500,"Continental,Lebanese"
75025,Giani's,"Banjara Hills,Hyderabad",4.1,20,250,"Ice Cream,Desserts"
75028,All Day Parathas,"Banjara Hills,Hyderabad",4.3,100,300,North Indian
75031,Dine Hill,"Banjara Hills,Hyderabad",4.1,100,400,"Arabian,Biryani"
75033,Rahul Tiffins,"Banjara Hills,Hyderabad",3.9,1000,200,South Indian
75034,Hotel Indu Deluxe,"Banjara Hills,Hyderabad",4.3,100,400,"South Indian,Biryani"
75036,555 BIRYANI,"Banjara Hills,Hyderabad",3.0,20,150,"Biryani,Chinese"
75037,Angeethi Asli Dhaba,"Banjara Hills,Hyderabad",4.0,50,1100,North Indian
75039,Ofen,"Banjara Hills,Hyderabad",4.1,100,300,"European,Italian"
75042,New Alhumdulillah Kalyani Biryani,"Banjara Hills,Hyderabad",3.6,20,300,"Biryani,North Indian"
75043,Hotel Sitara Grand - Dhanturi Group of hotels,"Banjara Hills,Hyderabad",3.7,500,300,"Biryani,Chinese"
75045,Butter Singh,"Banjara Hills,Hyderabad",3.2,20,400,"North Indian,Biryani"
75046,McDonald's Gourmet Burger Collection,"Banjara Hills,Hyderabad",4.2,20,600,"Burgers,Beverages"
75047,GUNTURI VARI OM SRI SAI RAM MESS,"Banjara Hills,Hyderabad",4.0,20,250,"Indian,North Indian"
75050,LunchBox - Meals and Thalis,"Banjara Hills,Hyderabad",4.1,500,200,"North Indian,Punjabi"
75051,Sampradaya Foods,"Banjara Hills,Hyderabad",4.4,100,500,"Sweets,Desserts"
75053,Spice 6 Global Dining,"Banjara Hills,Hyderabad",4.2,100,900,"Indian,Chinese"
75054,BHIMRAO MESS AND CURRIES,"Banjara Hills,Hyderabad",3.1,20,300,South Indian
75058,Milkshake Mafia,"Banjara Hills,Hyderabad",4.3,20,250,"Beverages,Desserts"
75059,Ohri's Cake Nation,"Banjara Hills,Hyderabad",4.0,500,600,"Desserts,Bakery"
75061,Indian Foodies Hub,"Banjara Hills,Hyderabad",3.5,100,500,"North Indian,Chinese"
75062,Thali Central,"Banjara Hills,Hyderabad",3.5,100,350,"Thalis,Fast Food"
75064,Behrouz Biryani,"Banjara Hills,Hyderabad",4.1,100,500,"Biryani,Mughlai"
75065,Oh! Punjab,"Banjara Hills,Hyderabad",3.7,20,300,"Punjabi,North Indian"
75068,Hyderabad Restaurant,"Banjara Hills,Hyderabad",4.1,500,800,"North Indian,Chinese"
75069,Fanooz,"Banjara Hills,Hyderabad",4.1,100,400,"Biryani,Kebabs"
75070,Keventers - Milkshakes and Desserts,"Banjara Hills,Hyderabad",4.1,100,300,"Beverages,Ice Cream"
75071,KARACHI BAKERY,"Banjara Hills,Hyderabad",4.2,1000,200,"Bakery,Pizzas"
75075,Just parantha,"Banjara Hills,Hyderabad",4.2,1000,200,North Indian
75078,Chai Point,"Banjara Hills,Hyderabad",4.1,1000,150,"Bakery,Beverages"
75079,Meethe Miya,"Banjara Hills,Hyderabad",4.2,100,300,"Desserts,Sweets"
75080,UBQ by Barbeque Nation,"Banjara Hills,Hyderabad",3.9,100,300,"North Indian,Barbecue"
75081,Sandwich Eatery,"Banjara Hills,Hyderabad",3.9,100,250,"Fast Food,Beverages"
75083,ROYAL PUNJABI DHABA,"Banjara Hills,Hyderabad",3.7,100,400,Punjabi
75085,Al kashaf Arabian Mandi,"Banjara Hills,Hyderabad",2.5,20,100,Arabian
75086,Lo! - Low Carb and Keto Foods,"Banjara Hills,Hyderabad",4.2,500,150,"Healthy Food,Keto"
75087,Meridian Restaurant,"Banjara Hills,Hyderabad",4.0,10000,400,"Biryani,Chinese"
75088,THE SHAWARMA CORNER ROTISSERIE,"Banjara Hills,Hyderabad",4.7,20,300,"Lebanese,Kebabs"
75091,Agra Sweets Banjara,"Banjara Hills,Hyderabad",4.3,5000,250,"Sweets,Desserts"
75093,Coco's Bar and Grill,"Banjara Hills,Hyderabad",3.7,20,800,"Italian,Chinese"
75095,Royal Tiffin Centre,"Banjara Hills,Hyderabad",3.9,1000,150,Indian
75096,MANNAT RESTAURANT,"Banjara Hills,Hyderabad",4.0,50,300,"North Indian,Chinese"
75098,House of Dosas,"Banjara Hills,Hyderabad",4.3,100,200,South Indian
76993,Grameen Kulfi,"Madhapur,Hyderabad",4.6,50,120,"Ice Cream,Desserts"
76996,SAI RAM MESS,"Madhapur,Hyderabad",4.3,100,300,"Indian,Combo"
76998,RollsKing,"Madhapur,Hyderabad",4.2,1000,250,"Fast Food,North Indian"
77001,Chai Point,"Madhapur,Hyderabad",4.3,100,150,"Bakery,Beverages"
77002,Karachi cafe,"Madhapur,Hyderabad",4.0,50,200,"Bakery,Pizzas"
77003,HUNGRY HOURS,"Madhapur,Hyderabad",2.8,20,300,"Continental,Beverages"
77012,PVR Cafe,"Madhapur,Hyderabad",4.0,20,250,"Snacks,Fast Food"
77014,CakeZone,"Madhapur,Hyderabad",4.1,1000,200,"Desserts,Bakery"
77017,Ananya Food Court,"Madhapur,Hyderabad",3.8,1000,300,Fast Food
77018,The Momo Co.,"Madhapur,Hyderabad",3.9,20,250,"Chinese,Snacks"
77020,Big Bowl Company,"Madhapur,Hyderabad",3.8,50,250,"Chinese,Indian"
77022,Shree Santosh Family Dhaba,"Madhapur,Hyderabad",3.6,1000,250,"North Indian,Chinese"
77023,Oh Biryani,"Madhapur,Hyderabad",2.8,20,300,"Biryani,Indian"
77024,Prasthan,"Madhapur,Hyderabad",3.5,100,200,"Biryani,Chinese"
77028,Biryani On Fire,"Madhapur,Hyderabad",3.0,50,300,"Biryani,Indian"
77029,Hotel Simhapuri Deluxe,"Madhapur,Hyderabad",4.0,100,600,"Indian,South Indian"
77030,Udipi's Upahar,"Madhapur,Hyderabad",4.3,100,200,"South Indian,North Indian"
77033,Maggiz & More,"Madhapur,Hyderabad",3.9,500,150,Beverages
77035,Wow Bawarchi,"Madhapur,Hyderabad",3.6,100,300,"South Indian,North Indian"
77038,Kouzina Kafe - The Food Court,"Madhapur,Hyderabad",4.4,20,150,"Bakery,Desserts"
77039,Momo Zone - The Momo Company,"Madhapur,Hyderabad",2.9,20,200,"Chinese,Tibetan"
77042,Sweet Truth - Cake and Desserts,"Madhapur,Hyderabad",4.1,20,450,"Ice Cream,Bakery"
77044,Firangi Bake,"Madhapur,Hyderabad",4.1,20,400,"Italian,Mexican"
77045,Oven Story Pizza,"Madhapur,Hyderabad",3.7,100,400,Pizzas
77046,Behrouz Biryani,"Madhapur,Hyderabad",4.1,100,500,"Biryani,Mughlai"
77047,The Big Noodles,"Madhapur,Hyderabad",3.4,100,300,"Chinese,North Indian"
77048,LunchBox - Meals and Thalis,"Madhapur,Hyderabad",4.0,100,200,"North Indian,Punjabi"
77050,The Biryani Life,"Madhapur,Hyderabad",3.3,20,250,"Biryani,North Indian"
77051,SR. MRCB,"Madhapur,Hyderabad",3.6,1000,350,"South Indian,Andhra"
77053,The Good Bowl,"Madhapur,Hyderabad",3.7,50,400,"North Indian,Punjabi"
77058,HEALTHHYY5IVE,"Madhapur,Hyderabad",4.7,20,400,"Healthy Food,Juices"
77059,Faasos - Wraps & Rolls,"Madhapur,Hyderabad",4.0,500,200,"Fast Food,Snacks"
77060,Bhojanams & Biryanis,"Madhapur,Hyderabad",3.6,20,500,"Indian,Chinese"
77063,Nanking Express,"Madhapur,Hyderabad",3.4,100,300,Chinese
77064,SLAY Coffee,"Madhapur,Hyderabad",4.5,100,200,"Beverages,Desserts"
77065,The Dessert Zone,"Madhapur,Hyderabad",3.9,50,200,"Bakery,Desserts"
77066,Burger It Up,"Madhapur,Hyderabad",4.0,100,150,"American,Fast Food"
77068,The Thickshake Project,"Madhapur,Hyderabad",3.7,20,300,"Ice Cream,Beverages"
77069,Burger Division,"Madhapur,Hyderabad",4.3,100,500,"American,Indian"
77073,The Little Tibet,"Madhapur,Hyderabad",4.0,50,500,"Chinese,Asian"
77076,GUNTUR MESS,"Madhapur,Hyderabad",4.2,20,250,Indian
77077,Polar bear,"Madhapur,Hyderabad",4.3,20,350,Ice Cream
77080,THE MAHI'S  KITCHEN,"Madhapur,Hyderabad",3.7,20,200,"North Indian,Beverages"
77081,DAVANAGERE BENNE DOSA,"Madhapur,Hyderabad",4.5,500,100,Fast Food
77083,Fabelle Chocolates - ITC Kohenur,"Madhapur,Hyderabad",4.6,50,600,"Bakery,Desserts"
77087,JUST BOWLS,"Madhapur,Hyderabad",3.5,20,200,"North Indian,Chinese"
77088,Lucky Multicuisine Restaurant,"Madhapur,Hyderabad",3.6,1000,400,"Biryani,North Indian"
77095,SaiRam Ki Bandi,"Madhapur,Hyderabad",3.8,500,150,"South Indian,Juices"
77096,Happy Healthy Foods,"Madhapur,Hyderabad",2.6,100,300,"South Indian,Andhra"
77097,HEALTHYWAY BY ARYAN,"Madhapur,Hyderabad",4.2,20,800,Indian
77099,SRINIVASA MIXTURE POINT,"Madhapur,Hyderabad",4.0,20,150,"Snacks,Beverages"
77100,Flavours by ITC Hotels,"Madhapur,Hyderabad",3.9,20,1000,"Indian,Continental"
77101,Ikka Dukka,"Madhapur,Hyderabad",4.9,20,600,"North Indian,Indian"
77102,Visa Hunger Spot,"Madhapur,Hyderabad",3.3,20,300,"Pizzas,Beverages"
77103,Pizza Hut,"Madhapur,Hyderabad",3.5,1000,350,Pizzas
77104,Rayalaseema Ruchulu,"Madhapur,Hyderabad",4.0,1000,450,"South Indian,Biryani"
77105,Ahobilam Foods - Millet Cave,"Madhapur,Hyderabad",4.1,20,150,"Healthy Food,South Indian"
77106,Ankapur Village,"Madhapur,Hyderabad",3.9,100,300,"Andhra,Biryani"
77108,China Bowl,"Madhapur,Hyderabad",3.4,100,300,Seafood
77109,Shawarma Khao,"Madhapur,Hyderabad",3.2,20,250,Arabian
77111,Palamuru Grill,"Madhapur,Hyderabad",3.9,1000,500,"South Indian,Kebabs"
77116,Chef Marathi,"Madhapur,Hyderabad",4.1,500,200,"Maharashtrian,Snacks"
77120,Baskin Robbins,"Madhapur,Hyderabad",4.3,50,200,"Desserts,Ice Cream"
77121,Om Sai Ram Tiffins,"Madhapur,Hyderabad",4.1,1000,100,South Indian
77122,Vasireddy Swagruha Foods (Kavuri Hills),"Madhapur,Hyderabad",4.0,100,300,"Sweets,Snacks"
77123,Gudgudee-Tickle your tastebuds,"Madhapur,Hyderabad",4.1,100,1000,"North Indian,Tandoor"
77124,Amul,"Madhapur,Hyderabad",3.9,20,400,"Ice Cream,Indian"
77126,THE RS DHABA HOTEL,"Madhapur,Hyderabad",2.5,50,249,"Biryani,Chinese"
77127,Swaad Veg,"Madhapur,Hyderabad",4.6,20,500,"North Indian,Chinese"
77129,Cakes Club.Com,"Madhapur,Hyderabad",4.2,50,300,"Bakery,Desserts"
77130,Ohri's Sahib's,"Madhapur,Hyderabad",3.6,100,300,"Biryani,North Indian"
77131,Everest kitchen,"Madhapur,Hyderabad",4.0,100,200,"North Indian,Chinese"
77134,Love With Biryani,"Madhapur,Hyderabad",3.9,1000,500,"Biryani,North Indian"
77136,Sree Venkateswara Pure Veg,"Madhapur,Hyderabad",3.7,20,100,South Indian
77138,Sri Laxmi Tulasi Tiffin Center,"Madhapur,Hyderabad",4.3,20,200,South Indian
77139,Aishwarya Grand,"Madhapur,Hyderabad",3.4,20,400,"North Indian,Biryani"
77140,Flechazo,"Madhapur,Hyderabad",2.4,20,799,Indian
77141,Broccoli Pizza & Pasta,"Madhapur,Hyderabad",3.7,20,300,"Pizzas,Salads"
77142,Aaoji Khaoji,"Madhapur,Hyderabad",4.8,20,229,"North Indian,Chaat"
77144,Sarvi Take Away,"Madhapur,Hyderabad",4.1,1000,400,"Biryani,Chinese"
77147,Iceberg Organic Icecreams,"Madhapur,Hyderabad",4.6,20,200,"Ice Cream,Beverages"
77149,Chinese Wok (Wok Express),"Madhapur,Hyderabad",3.4,50,250,"Chinese,Asian"
77152,The Brooklyn Creamery - Healthy Ice Cream,"Madhapur,Hyderabad",4.6,20,200,"Desserts,Ice Cream"
77153,Biryani Times,"Madhapur,Hyderabad",3.9,100,400,"Chinese,Desserts"
77154,Homely fit,"Madhapur,Hyderabad",3.9,100,200,"South Indian,North Indian"
77159,Dhaba Chef,"Madhapur,Hyderabad",3.2,20,400,"North Indian,Chinese"
77160,Sha Sha - Shandaar Shawarma,"Madhapur,Hyderabad",4.0,100,150,Arabian
77161,Keshav Reddy Sweets,"Madhapur,Hyderabad",4.3,500,150,"Sweets,Bakery"
77164,Domino's Pizza,"Madhapur,Hyderabad",4.1,1000,400,Pizzas
77166,Chinese Cornerz,"Madhapur,Hyderabad",4.0,100,300,"Chinese,Fast Food"
77167,Dostea,"Madhapur,Hyderabad",4.5,100,200,Fast Food
77168,Kesariya's Sweets and Chaat,"Madhapur,Hyderabad",3.9,500,200,"North Indian,Biryani"
77174,Coconut Juice Bar,"Madhapur,Hyderabad",4.2,500,200,"Indian,Healthy Food"
77177,The Westin,"Madhapur,Hyderabad",3.4,20,800,"Indian,Continental"
77179,Mr&Mrs Biryani,"Madhapur,Hyderabad",4.2,20,250,Biryani
77180,KFC,"Madhapur,Hyderabad",3.9,500,400,"American,Snacks"
77181,La Pino'z Pizza,"Madhapur,Hyderabad",4.0,5000,200,Pizzas
77184,Prince Bawarchi,"Madhapur,Hyderabad",3.4,100,500,"North Indian,Chinese"
77188,The Thick Shake Factory,"Madhapur,Hyderabad",4.1,100,200,Beverages
77190,The Belgian Waffle Co.,"Madhapur,Hyderabad",4.5,500,200,"Desserts,Beverages"
77192,Anand Sweets and Savouries,"Madhapur,Hyderabad",5.0,20,150,"Sweets,Snacks"
77194,Oh! Calcutta,"Madhapur,Hyderabad",4.2,500,800,Bengali
77196,Makers of Milkshakes,"Madhapur,Hyderabad",3.7,20,350,"Desserts,Beverages"
77199,The Kulcha Kulture,"Madhapur,Hyderabad",3.9,100,200,"North Indian,Punjabi"
77200,FruitoHolic,"Madhapur,Hyderabad",4.6,100,400,"Juices,Salads"
77202,Natural Scoops,"Madhapur,Hyderabad",3.6,100,150,Desserts
77203,Thangedu,"Madhapur,Hyderabad",4.0,20,400,"Indian,South Indian"
77204,Starbucks Coffee,"Madhapur,Hyderabad",4.3,50,400,"Beverages,Ice Cream"
77205,Roll Zone,"Madhapur,Hyderabad",3.9,100,150,Fast Food
77207,Mandi King Arabian Restaurant,"Madhapur,Hyderabad",3.6,500,400,"Biryani,Arabian"
77209,The Shawarma Kings,"Madhapur,Hyderabad",4.4,50,100,"Indian,Lebanese"
77210,homely,"Madhapur,Hyderabad",4.2,1000,200,"Home Food,North Indian"
77211,The Bowl Company,"Madhapur,Hyderabad",4.2,1000,300,"Continental,North Indian"
77213,MEESALA RAJUGARI MESS,"Madhapur,Hyderabad",3.8,1000,250,Indian
77216,Famous Dhaba,"Madhapur,Hyderabad",3.0,20,500,"Biryani,Indian"
77218,Chote Miyan Kebabs,"Madhapur,Hyderabad",3.8,100,250,"Arabian,Kebabs"
77220,The Red Dragon,"Madhapur,Hyderabad",3.4,100,300,Chinese
77222,Kulfi Nation,"Madhapur,Hyderabad",4.6,20,200,"Desserts,Ice Cream"
77225,Bakingo,"Madhapur,Hyderabad",4.1,100,500,"Bakery,Desserts"
77226,Mumbaichee Chaat Street,"Madhapur,Hyderabad",2.6,50,250,"Chaat,Snacks"
77227,Ar ice gola and kova milks,"Madhapur,Hyderabad",3.0,20,200,"Beverages,Desserts"
77229,Paris Waffle Co.,"Madhapur,Hyderabad",3.8,20,200,"Beverages,Ice Cream"
77231,Jubilee Ridge,"Madhapur,Hyderabad",4.2,100,350,"Andhra,Beverages"
77232,Earth Craft,"Madhapur,Hyderabad",3.7,20,600,"Pizzas,Healthy Food"
77233,The Dessert Heaven - Pure Veg,"Madhapur,Hyderabad",4.0,50,200,"Bakery,Desserts"
77235,Sampradaya Ruchulu,"Madhapur,Hyderabad",3.8,100,200,"South Indian,Andhra"
77237,Subway,"Madhapur,Hyderabad",4.0,500,350,"Fast Food,Salads"
77239,Dilli 6,"Madhapur,Hyderabad",4.3,20,400,"North Indian,Biryani"
77244,Dragon's Kitchen,"Madhapur,Hyderabad",3.9,500,200,Chinese
77247,Minerva Xpress,"Madhapur,Hyderabad",3.8,100,300,South Indian
77249,Little Italy,"Madhapur,Hyderabad",4.0,100,1200,"Italian,Pizzas"
77250,The Fish Byte,"Madhapur,Hyderabad",3.7,20,300,Indian
77260,palamuru biryani,"Madhapur,Hyderabad",2.0,20,200,Biryani
77265,MASTERS OF MILKSHAKES,"Madhapur,Hyderabad",3.9,20,200,Beverages
77267,Desi Rice Bowls And Pulaos,"Madhapur,Hyderabad",3.2,20,260,"Chinese,North Indian"
77277,Taste of Rajasthan,"Madhapur,Hyderabad",3.3,1000,350,"North Indian,Rajasthani"
77280,Sri balaji tiffin centre,"Madhapur,Hyderabad",3.2,20,150,South Indian
77281,MAD & CO,"Madhapur,Hyderabad",3.9,20,300,Beverages
77283,Milan Juice Centre and Shawarma,"Madhapur,Hyderabad",4.1,50,200,"Beverages,Juices"
77285,Haldirams Sweets and Namkeen,"Madhapur,Hyderabad",4.1,50,300,"Sweets,Snacks"
77291,Qaffeine Coffee,"Madhapur,Hyderabad",4.2,20,400,"Beverages,Desserts"
77293,Cream Stone Ice Cream,"Madhapur,Hyderabad",4.2,1000,350,"Ice Cream,Desserts"
77295,Burgers And Shakes,"Madhapur,Hyderabad",3.3,20,200,"Beverages,Continental"
77297,Taste Of Biryani's,"Madhapur,Hyderabad",2.9,20,300,"Biryani,Beverages"
77298,Chakhh de punjab,"Madhapur,Hyderabad",4.3,500,350,"Punjabi,North Indian"
77300,Norfest - The Dhaba,"Madhapur,Hyderabad",4.2,50,450,"North Indian,Punjabi"
77304,chai samosa,"Madhapur,Hyderabad",3.2,20,150,"Beverages,Snacks"
77306,Italian Express,"Madhapur,Hyderabad",3.3,50,400,Italian
77311,House of starters,"Madhapur,Hyderabad",4.3,50,250,Chinese
77318,SANTOSH FAMILY DHABA,"Madhapur,Hyderabad",3.9,100,400,"North Indian,Chinese"
77319,Milkshake Mafia,"Madhapur,Hyderabad",4.0,20,250,"Beverages,Desserts"
77321,Prowl Foods By Tiger Shroff,"Madhapur,Hyderabad",4.0,100,500,"North Indian,Continental"
77325,UFO Fries and Corn,"Madhapur,Hyderabad",3.5,100,250,Snacks
77326,Echoes Living Room,"Madhapur,Hyderabad",4.3,20,500,"Italian,Pastas"
77327,IDLY.COM,"Madhapur,Hyderabad",4.2,100,150,South Indian
77328,Rajasthan Restaurant,"Madhapur,Hyderabad",3.7,500,350,"North Indian,Rajasthani"
77329,Attarinti Dosa,"Madhapur,Hyderabad",3.3,50,200,South Indian
77333,Kaati Zone Rolls & Wraps,"Madhapur,Hyderabad",3.8,100,150,"Beverages,Biryani"
77337,Lean Bites,"Madhapur,Hyderabad",3.9,50,350,"Continental,Beverages"
77338,Tibbs Frankie,"Madhapur,Hyderabad",3.7,500,140,"Fast Food,Indian"
77339,Eat Burp Repeat,"Madhapur,Hyderabad",4.0,100,300,"Chinese,Lebanese"
77345,Chotemiyas Biryani,"Madhapur,Hyderabad",3.5,20,250,"Biryani,Indian"
77347,Shake Bank of India,"Madhapur,Hyderabad",4.5,20,150,"Beverages,Snacks"
77348,Oriental Tales - By Rayalaseema Ruchulu,"Madhapur,Hyderabad",3.0,20,399,"Chinese,Pan-Asian"
77349,Lassi & Falooda Co.,"Madhapur,Hyderabad",3.2,100,200,"Ice Cream,Beverages"
77352,Chicken shawarma hub,"Madhapur,Hyderabad",3.6,20,300,"Lebanese,Snacks"
77353,Rayalaseema Spice Kitchen,"Madhapur,Hyderabad",4.2,20,500,Indian
77354,Mohammedia Shawarma,"Madhapur,Hyderabad",3.6,500,300,"Lebanese,Kebabs"
77356,Crumbcoat,"Madhapur,Hyderabad",4.2,100,150,"Desserts,Waffle"
77358,KK-KRISHNA'S KITCHEN,"Madhapur,Hyderabad",4.2,50,500,"Biryani,Chinese"
77362,Wow! Momo,"Madhapur,Hyderabad",3.6,50,300,"Tibetan,Healthy Food"
77364,Old Mumbai Ice Cream,"Madhapur,Hyderabad",4.4,20,250,Ice Cream
77365,PAV MANTRA,"Madhapur,Hyderabad",4.3,100,300,"Snacks,Beverages"
77366,CAKES STAR,"Madhapur,Hyderabad",3.8,20,500,Bakery
77371,Khichadiwala,"Madhapur,Hyderabad",4.1,500,300,Indian
77374,The Smoking Bowl,"Madhapur,Hyderabad",2.5,20,300,"Chinese,Fast Food"
77376,THE GUNTUR IDLI,"Madhapur,Hyderabad",3.6,20,100,"South Indian,Beverages"
77382,KARACHI BAKERY,"Madhapur,Hyderabad",4.2,500,200,"Bakery,Desserts"
77387,BIRYANI WALA,"Madhapur,Hyderabad",3.1,1000,200,Indian
77391,Ram Ki Bandi,"Madhapur,Hyderabad",3.9,1000,200,South Indian
77392,Burger King,"Madhapur,Hyderabad",4.1,1000,350,American
77396,THE RS DHABA,"Madhapur,Hyderabad",2.9,50,250,"Biryani,Indian"
77397,Ohri's Cake Nation,"Madhapur,Hyderabad",3.6,100,600,"Desserts,Bakery"
77399,The Baker's Dozen,"Madhapur,Hyderabad",3.9,20,300,"Bakery,Desserts"
77400,sandwichoz,"Madhapur,Hyderabad",3.9,20,250,"Fast Food,Juices"
77403,Ankapur Village Military Hotel,"Madhapur,Hyderabad",3.8,100,500,"Andhra,Biryani"
77404,ATH - All Things Healthy!,"Madhapur,Hyderabad",4.3,100,200,"Healthy Food,Snacks"
77405,THE KULFI & FALOODA PROJECT,"Madhapur,Hyderabad",2.8,20,300,"Ice Cream,Beverages"
77407,Taste of shakes,"Madhapur,Hyderabad",3.8,100,450,"Desserts,Beverages"
77410,Mayur Pan House,"Madhapur,Hyderabad",4.3,20,200,"Chaat,Juices"
77411,AADI TIFFINS PURE VEG,"Madhapur,Hyderabad",4.0,20,250,South Indian
77415,Panchakattu Dosa,"Madhapur,Hyderabad",4.5,1000,200,South Indian
77416,Mainland China,"Madhapur,Hyderabad",4.2,500,850,"Chinese,Oriental"
77418,ANDHRA SPICES,"Madhapur,Hyderabad",3.9,100,500,Indian
77419,Waffle House,"Madhapur,Hyderabad",3.8,50,400,"Desserts,Beverages"
77421,HoB,"Madhapur,Hyderabad",4.6,100,800,"Biryani,Kebabs"
77423,Ishtar Shawarma & More,"Madhapur,Hyderabad",4.3,100,300,"Arabian,Lebanese"
77426,Biryani Tales -By Rayalaseema Ruchulu,"Madhapur,Hyderabad",3.8,20,399,"Biryani,Kebabs"
77427,Maggies and Snacks,"Madhapur,Hyderabad",3.7,50,300,"Fast Food,Snacks"
77429,Keventers - Milkshakes and Desserts,"Madhapur,Hyderabad",4.2,100,300,"Beverages,Ice Cream"
77430,The Summer Shakes,"Madhapur,Hyderabad",3.0,20,200,"Desserts,Ice Cream"
77432,Royal Food Court,"Madhapur,Hyderabad",2.4,20,250,"Chinese,Oriental"
77434,The Sandwich story,"Madhapur,Hyderabad",3.5,20,200,"Indian,Snacks"
77435,RAJU GARI TIFFINS,"Madhapur,Hyderabad",3.1,20,200,"South Indian,Juices"
77438,NIC Natural Ice Creams,"Madhapur,Hyderabad",4.3,1000,120,"Ice Cream,Desserts"
77439,LET'S EAT ASA KHAIBA,"Madhapur,Hyderabad",3.9,100,250,"Oriya,Indian"
77443,Italian Food Corner,"Madhapur,Hyderabad",3.2,20,300,Beverages
77454,Haldirams,"Madhapur,Hyderabad",4.0,100,300,"Snacks,Indian"
77458,Hitech Bawarchi,"Madhapur,Hyderabad",3.6,5000,300,"Biryani,Chinese"
77462,EAT MONK,"Madhapur,Hyderabad",4.0,20,300,"Pizzas,Italian"
77464,Swap,"Madhapur,Hyderabad",3.8,500,150,"Healthy Food,Keto"
77473,Shawarma Junkie,"Madhapur,Hyderabad",2.5,20,200,"North Indian,Lebanese"
77477,pepper 69,"Madhapur,Hyderabad",4.6,20,200,"Chinese,Indian"
77479,Haleem mahal,"Madhapur,Hyderabad",2.2,20,250,"Haleem,Arabian"
77481,Andhra Ruchulu,"Madhapur,Hyderabad",3.6,100,400,"Andhra,South Indian"
77482,CRAZY DONUTS,"Madhapur,Hyderabad",4.1,20,250,"Desserts,Beverages"
77484,Taco Bell,"Madhapur,Hyderabad",4.1,100,300,Mexican
77485,G Pulla Reddy Sweets,"Madhapur,Hyderabad",4.2,100,500,"Sweets,Desserts"
77486,Pure Veg Meals by Lunchbox,"Madhapur,Hyderabad",4.3,50,200,"North Indian,Desserts"
77492,Paradise Biryani,"Madhapur,Hyderabad",3.6,1000,400,"Biryani,Kebabs"
77494,Andhra Rice Boxes,"Madhapur,Hyderabad",3.3,1000,400,Indian
77495,New Kritunga Restaurant,"Madhapur,Hyderabad",3.8,500,500,"Biryani,Andhra"
77497,SPICY BIRYANI VIBES,"Madhapur,Hyderabad",4.0,20,400,"Biryani,North Indian"
77498,Ci Gusta!,"Madhapur,Hyderabad",4.2,100,700,"Desserts,Italian"
77500,THE SHAKE FACTORYS,"Madhapur,Hyderabad",2.5,20,250,"Beverages,Ice Cream"
77501,Chutneys,"Madhapur,Hyderabad",4.0,100,500,"South Indian,North Indian"
77503,CHOPSTICKS,"Madhapur,Hyderabad",2.5,20,150,Chinese
77505,MATHRUSRI TIFFINS,"Madhapur,Hyderabad",3.9,100,150,"Chinese,South Indian"
77507,Lakshmi Tiffin Centre,"Madhapur,Hyderabad",4.0,500,100,"Andhra,Beverages"
77510,Gabru di Chaap,"Madhapur,Hyderabad",4.2,20,300,"North Indian,Chinese"
77513,Ohri's Rubaiyat,"Madhapur,Hyderabad",3.4,100,300,"Mughlai,North Indian"
77515,Fat Chefs,"Madhapur,Hyderabad",3.7,100,300,"American,Continental"
77516,Paschima Ruchulu,"Madhapur,Hyderabad",4.0,100,250,"Andhra,Coastal"
77517,Maharaja Chat and Foods,"Madhapur,Hyderabad",4.1,1000,200,Fast Food
77521,Gongura Biryani's,"Madhapur,Hyderabad",2.6,100,200,Indian
77523,Abhiruchi Hotel,"Madhapur,Hyderabad",4.1,500,400,"Andhra,Biryani"
77530,HAPPYNESS RELOADED,"Madhapur,Hyderabad",3.5,20,250,"Indian,Chinese"
77531,Wow shakes,"Madhapur,Hyderabad",3.9,50,340,Beverages
77533,Go Gu Ryeo,"Madhapur,Hyderabad",4.2,50,1000,"Korean,Fast Food"
77534,McDonald's,"Madhapur,Hyderabad",4.2,500,400,"Burgers,Beverages"
77535,Great Indian Drinks (Goli Soda),"Madhapur,Hyderabad",4.1,100,100,"Beverages,Desserts"
77537,Lassi Shop,"Madhapur,Hyderabad",3.3,100,150,"Ice Cream,Beverages"
77538,Tilaks Kitchen,"Madhapur,Hyderabad",4.1,100,700,"Andhra,South Indian"
77539,Chicha's,"Madhapur,Hyderabad",3.3,100,300,"Hyderabadi,Mughlai"
77542,The Hunger stories,"Madhapur,Hyderabad",5.0,20,300,"Pizzas,Fast Food"
77545,Mana Bhojanam,"Madhapur,Hyderabad",3.9,50,500,"South Indian,Indian"
77550,Samosa Party,"Madhapur,Hyderabad",4.0,100,150,"Chaat,North Indian"
77551,KADAPA KARAM DOSA,"Madhapur,Hyderabad",3.8,100,200,South Indian
77552,Naaz Mandi,"Madhapur,Hyderabad",3.8,100,500,"Arabian,Indian"
77555,Jaggi De Paranthe,"Madhapur,Hyderabad",3.8,1000,300,"North Indian,Chinese"
77561,The Desi-Sthan,"Madhapur,Hyderabad",3.2,20,300,North Indian
77563,Ohm@Avasa Hotels,"Madhapur,Hyderabad",4.4,20,1200,"Chinese,Asian"
77564,Deccan Biryani Restaurant,"Madhapur,Hyderabad",3.8,20,400,"Biryani,North Indian"
77571,Roast,"Madhapur,Hyderabad",4.3,500,850,"Italian,Continental"
77575,Kolkata Food Plaza,"Madhapur,Hyderabad",3.9,100,400,"Bengali,Chinese"
77581,TUNDEY KABABI,"Madhapur,Hyderabad",3.8,50,300,"Mughlai,Indian"
77586,Persis Cafe,"Madhapur,Hyderabad",4.0,50,300,"Snacks,Desserts"
77588,SRI. GAYATRI BHAVAN,"Madhapur,Hyderabad",3.3,20,250,South Indian
77591,Khichdi Express,"Madhapur,Hyderabad",3.7,500,250,"Indian,North Indian"
77592,Vada Pav & more,"Madhapur,Hyderabad",2.5,20,200,"Indian,Snacks"
77596,Indiana Burgers,"Madhapur,Hyderabad",3.9,100,150,"Fast Food,American"
77599,Pulav's and Curries,"Madhapur,Hyderabad",3.2,20,500,Indian
77600,Haka,"Madhapur,Hyderabad",4.2,100,500,"Chinese,Asian"
77601,WarmOven Cakes & Desserts,"Madhapur,Hyderabad",3.8,100,200,"Bakery,Desserts"
77607,Tea Time,"Madhapur,Hyderabad",3.7,20,150,North Indian
77609,Treats,"Madhapur,Hyderabad",2.2,100,250,"Beverages,Italian"
77614,B CAFE,"Madhapur,Hyderabad",3.6,20,280,"Indian,South Indian"
77618,Gelatica Gelato - Ice Cream & Sorbet The finest,"Madhapur,Hyderabad",4.4,50,200,Ice Cream
77620,The Wonton,"Madhapur,Hyderabad",3.5,50,800,"Chinese,Malaysian"
77625,Cupcake Bliss Cakes & Desserts,"Madhapur,Hyderabad",3.6,50,200,"Bakery,Desserts"
77626,Slurpy Shakes,"Madhapur,Hyderabad",3.6,100,150,Beverages
77627,Nrs Cafe Nandini,"Madhapur,Hyderabad",3.9,500,150,"North Indian,Chinese"
77629,Exotica,"Madhapur,Hyderabad",4.2,500,1400,"Chinese,North Indian"
77630,Sundae Everyday Ice Creams,"Madhapur,Hyderabad",3.5,50,150,Ice Cream
77631,Biryani Guyz,"Madhapur,Hyderabad",3.2,20,350,"Andhra,South Indian"
77633,HYDERABAD HOSTS,"Madhapur,Hyderabad",3.8,20,400,"Indian,North Indian"
77635,Maggiz And More,"Madhapur,Hyderabad",3.4,20,100,"Pastas,Beverages"
77636,Rotis-Pure Veg Restaurant,"Madhapur,Hyderabad",3.6,100,800,"North Indian,Chinese"
77640,President Dhaba,"Madhapur,Hyderabad",3.7,500,500,"North Indian,Tandoor"
77641,Bhai Ka Biryani,"Madhapur,Hyderabad",4.1,20,300,Biryani
77644,100N,"Madhapur,Hyderabad",4.2,500,200,"Juices,Healthy Food"
77645,The Masala House,"Madhapur,Hyderabad",3.8,500,300,"Chinese,North Indian"
77647,Yum Yum Tree,"Madhapur,Hyderabad",3.6,100,550,"Arabian,Fast Food"
77648,Hitech Bawarchi Food Court,"Madhapur,Hyderabad",3.5,1000,300,"Biryani,Hyderabadi"
77653,V Cafe - Meals By PVR,"Madhapur,Hyderabad",3.7,20,400,"Pizzas,Snacks"
77660,MISTA EATS,"Madhapur,Hyderabad",3.6,20,500,"Biryani,Chinese"
77662,Panda Xpress,"Madhapur,Hyderabad",3.8,100,250,Chinese
77666,Zomoz - The Momo Company,"Madhapur,Hyderabad",4.2,100,100,"Street Food,Chinese"
77667,The Fire Master Restaurant,"Madhapur,Hyderabad",3.7,50,300,"Chinese,Seafood"
77669,Mr & Mrs Aavakaya Biryani,"Madhapur,Hyderabad",3.6,50,400,"Andhra,South Indian"
77670,Maa Palle Vantakalu,"Madhapur,Hyderabad",3.8,1000,400,"Andhra,South Indian"
77672,Cakes Gallery,"Madhapur,Hyderabad",4.0,100,500,Desserts
77676,CANJSKHEER,"Madhapur,Hyderabad",4.2,20,400,"Sweets,Desserts"
77682,Tiffin Times,"Madhapur,Hyderabad",3.7,50,150,South Indian
77685,Fruit Cuts,"Madhapur,Hyderabad",2.7,20,150,"Juices,Salads"
77686,Paradise Biryani House,"Madhapur,Hyderabad",2.4,20,300,"Biryani,Indian"
77693,Reddy Gari Ruchulu,"Madhapur,Hyderabad",2.9,100,200,"Indian,Andhra"
77703,Ibaco,"Madhapur,Hyderabad",4.2,100,800,"Ice Cream,Desserts"
77704,Firewater Fine Dining,"Madhapur,Hyderabad",4.0,100,800,"Chinese,North Indian"
77705,Kadir Nurman - Bonafide Shawarma,"Madhapur,Hyderabad",4.0,100,600,"Arabian,Lebanese"
77710,California Burrito,"Madhapur,Hyderabad",4.3,1000,250,"Mexican,American"
77712,Vellanki Foods,"Madhapur,Hyderabad",4.5,1000,200,"Sweets,Desserts"
77713,Paradise Tea House,"Madhapur,Hyderabad",4.0,100,150,Indian
77717,Fruitfull,"Madhapur,Hyderabad",4.3,1000,150,"Healthy Food,Salads"
77720,Shoyu,"Madhapur,Hyderabad",4.3,1000,1200,"Pan-Asian,Asian"
77721,The Big Cup Theory,"Madhapur,Hyderabad",4.1,100,600,European
77722,Chai Thadi,"Madhapur,Hyderabad",4.6,20,250,Beverages
77725,Bheems kitchen,"Madhapur,Hyderabad",3.1,20,249,"Indian,Seafood"
77728,MEETHE MIYA,"Madhapur,Hyderabad",4.1,20,150,"Desserts,Hyderabadi"
77729,Green Bar Juices & More,"Madhapur,Hyderabad",4.1,100,200,"Juices,Chinese"
77731,Pompeii Pizza Studio,"Madhapur,Hyderabad",4.5,500,800,"Italian,Pizzas"
77732,Hut Kitchens,"Madhapur,Hyderabad",4.1,20,149,"Biryani,South Indian"
77734,Krispy Kreme,"Madhapur,Hyderabad",4.5,50,170,"Desserts,Beverages"
77735,Meghduth Biryanis,"Madhapur,Hyderabad",3.6,1000,300,"Biryani,Haleem"
77736,Kritunga - The Palegars Cuisine,"Madhapur,Hyderabad",3.4,100,450,"Indian,Biryani"
77737,Lo! - Low Carb and Keto Foods,"Madhapur,Hyderabad",4.4,100,100,"Healthy Food,Keto"
77746,Teluguness,"Madhapur,Hyderabad",4.1,50,700,South Indian
77748,Ironhill Cafe,"Madhapur,Hyderabad",4.1,50,399,"Continental,Desserts"
77752,Raja Gara Biryani,"Madhapur,Hyderabad",2.1,20,300,"Biryani,South Indian"
77758,SR kitchen,"Madhapur,Hyderabad",2.5,20,300,"Chinese,Indian"
77762,Delight food,"Madhapur,Hyderabad",3.9,20,250,"North Indian,Biryani"
77764,Binge O' Dimsum (BOD),"Madhapur,Hyderabad",4.3,20,450,"Chinese,Pan-Asian"
77765,Tasteee Kitchen,"Madhapur,Hyderabad",3.7,50,300,"Chinese,North Indian"
77767,Breakfast Express,"Madhapur,Hyderabad",4.2,100,200,"Continental,North Indian"
77769,HALEEM HOUSE,"Madhapur,Hyderabad",3.8,50,200,"North Indian,Chinese"
77772,Rajwada Pure Veg Restaurant,"Madhapur,Hyderabad",3.8,100,150,Indian
77773,Raju Gari Biriyani,"Madhapur,Hyderabad",3.3,5000,200,Indian
77776,Tollywood Thickshakes,"Madhapur,Hyderabad",4.0,50,150,"Ice Cream,Desserts"
77777,Sai vasavi veg,"Madhapur,Hyderabad",4.0,20,50,"South Indian,Snacks"
77779,Oh Dish Kitchen,"Madhapur,Hyderabad",3.7,50,350,Indian
77782,GIANI ICE CREAM,"Madhapur,Hyderabad",4.4,20,400,"Desserts,Ice Cream"
77783,Chandni Chowk,"Madhapur,Hyderabad",3.3,20,150,"North Indian,Fast Food"
77784,Mr.Pulao,"Madhapur,Hyderabad",3.2,20,200,"Andhra,Biryani"
77788,HUMMINGBIRD CAFE,"Madhapur,Hyderabad",4.0,100,300,"Beverages,Desserts"
77790,My Fishing Boat,"Madhapur,Hyderabad",3.9,20,500,"Seafood,Asian"
77791,Istah Shawarma,"Madhapur,Hyderabad",4.2,1000,250,"Arabian,Lebanese"
77795,Kebab Klub,"Madhapur,Hyderabad",4.0,20,300,"Kebabs,Biryani"
77796,AROMAS OF BENGAL,"Madhapur,Hyderabad",3.6,100,300,Indian
77798,The Grand Trunk Road,"Madhapur,Hyderabad",4.2,100,300,"North Indian,Chinese"
77799,Sri Raghavendra,"Madhapur,Hyderabad",3.9,1000,200,"South Indian,North Indian"
77800,RUCHI CURRY POINT,"Madhapur,Hyderabad",3.6,50,300,"Indian,Biryani"
77802,Samosa Singh,"Madhapur,Hyderabad",4.0,100,150,"Snacks,Street Food"
77803,Harley's Fine Baking,"Madhapur,Hyderabad",4.4,100,600,"Bakery,Desserts"
77806,DELHI MOMOS JUNCTION,"Madhapur,Hyderabad",3.4,20,200,Chinese
77812,Ananthas fine dine,"Madhapur,Hyderabad",3.6,20,200,"South Indian,Indian"
77818,Midland Bakers,"Madhapur,Hyderabad",3.9,50,300,"Bakery,Chinese"
77820,MANDARIN  KITCHEN,"Madhapur,Hyderabad",4.0,20,300,Chinese
77821,Hunger Maggi point,"Madhapur,Hyderabad",3.1,20,200,"Indian,Biryani"
77823,Punjabi Affair,"Madhapur,Hyderabad",3.9,1000,500,"North Indian,Punjabi"
77828,Pizza Factory,"Madhapur,Hyderabad",3.4,20,300,Pizzas
77831,Natural Shakes,"Madhapur,Hyderabad",4.0,20,300,Beverages
77832,Potful - Claypot Biryanis,"Madhapur,Hyderabad",4.0,100,500,"Biryani,Kebabs"
77834,Haldiram's Sweets and Namkeen,"Madhapur,Hyderabad",4.0,100,400,"Sweets,Snacks"
77837,Mad over Maggi,"Madhapur,Hyderabad",4.0,100,160,Beverages
77847,Mehfil,"Madhapur,Hyderabad",3.9,10000,300,"Biryani,Chinese"
77851,Savla's Home Food,"Madhapur,Hyderabad",4.3,500,250,"North Indian,Jain"
77853,King's kitchen,"Madhapur,Hyderabad",3.7,50,250,Indian
77854,Dumont Creamery,"Madhapur,Hyderabad",4.2,100,250,"Beverages,Ice Cream"
77857,Superfruit Coldpressed Juice Bar,"Madhapur,Hyderabad",4.4,20,350,"Beverages,Juices"
77859,Country Oven,"Madhapur,Hyderabad",4.2,20,150,"Italian,Bakery"
77864,Meal for One,"Madhapur,Hyderabad",3.7,100,250,Andhra
77865,Sai Ram Curries & Parcels,"Madhapur,Hyderabad",4.2,500,400,"Biryani,Indian"
77866,Fatty Fingers,"Madhapur,Hyderabad",3.3,50,200,"Pizzas,Pastas"
77867,Mezze Bar,"Madhapur,Hyderabad",3.7,20,200,"Mediterranean,Snacks"
77868,Eagles Pizza,"Madhapur,Hyderabad",3.0,20,150,Italian
77870,Minerva Coffee Shop,"Madhapur,Hyderabad",4.1,1000,400,"Chinese,South Indian"
77871,BlueFox,"Madhapur,Hyderabad",3.9,500,1000,"North Indian,Chinese"
77873,Madhapur Bawarchi Restaurant,"Madhapur,Hyderabad",3.7,1000,400,"North Indian,Biryani"
77875,Dragon house,"Madhapur,Hyderabad",4.8,20,250,"Snacks,Chinese"
77881,A'la Liberty,"Madhapur,Hyderabad",4.0,100,700,"North Indian,Biryani"
77883,Drunken Monkey,"Madhapur,Hyderabad",4.1,100,300,"Healthy Food,Beverages"
77884,Wow! China,"Madhapur,Hyderabad",3.4,100,300,"Tibetan,Chinese"
79128,CLOVERS - The Concept Kitchen,"Kukatpally,Hyderabad",4.4,100,300,"Indian,Chinese"
79129,Dumont,"Kukatpally,Hyderabad",4.3,100,250,"Beverages,Ice Cream"
79132,Lassi Shop,"Kukatpally,Hyderabad",3.8,100,100,"Beverages,Ice Cream"
79133,Bezawada Ruchulu,"Kukatpally,Hyderabad",4.1,20,350,"Biryani,Chinese"
79134,Chai Kings,"Kukatpally,Hyderabad",4.3,500,150,"Bakery,Beverages"
79136,Telugu Ruchulu,"Kukatpally,Hyderabad",3.0,20,300,"North Indian,South Indian"
79142,The malabar spicy,"Kukatpally,Hyderabad",3.2,20,250,"Indian,Chinese"
79143,Taste Of Shakes,"Kukatpally,Hyderabad",4.0,100,450,"Desserts,Beverages"
79145,Millet Express,"Kukatpally,Hyderabad",4.1,1000,150,"South Indian,Healthy Food"
79152,Sree Gokul Chaat,"Kukatpally,Hyderabad",3.7,20,150,"North Indian,Chaat"
79155,BABURAO GARI BIRYANI,"Kukatpally,Hyderabad",3.5,100,300,"Biryani,Hyderabadi"
79156,Grameen Kulfi,"Kukatpally,Hyderabad",4.6,100,120,"Ice Cream,Desserts"
79158,MILKSHAKE CASTLE,"Kukatpally,Hyderabad",4.4,20,300,"Beverages,Ice Cream"
79159,HONEY BEES,"Kukatpally,Hyderabad",3.1,20,300,"Pizzas,Italian"
79160,M/S Abhilasha Hotel,"Kukatpally,Hyderabad",2.0,20,350,"North Indian,South Indian"
79163,BONES,"Kukatpally,Hyderabad",2.3,20,300,Indian
79164,THE SPICY CHINESE KITCHEN,"Kukatpally,Hyderabad",3.6,50,200,"Chinese,North Indian"
79169,Match Box (Ek Dum Desi Meals),"Kukatpally,Hyderabad",3.7,50,280,Chinese
79170,Sha Sha - Shandaar Shawarma,"Kukatpally,Hyderabad",3.9,100,150,"Lebanese,Arabian"
79175,K K S Bakers,"Kukatpally,Hyderabad",3.6,100,150,Bakery
79176,Freshfit Eatery,"Kukatpally,Hyderabad",3.0,50,199,"Healthy Food,Beverages"
79179,Chickpet Donne Biryani House - Kukatpally,"Kukatpally,Hyderabad",3.6,100,399,"Biryani,Beverages"
79180,GODHAVARI CURRY EXPRESS,"Kukatpally,Hyderabad",3.3,20,100,"North Indian,Chinese"
79184,G Pulla Reddy Sweets,"Kukatpally,Hyderabad",4.4,1000,300,"Sweets,Desserts"
79186,M/S Srilaxmi Hotel,"Kukatpally,Hyderabad",3.0,20,350,"North Indian,South Indian"
79187,NAIDU GARI KUNDA BIRYANI,"Kukatpally,Hyderabad",3.2,100,200,"Biryani,North Indian"
79191,AJANTHA RESTAURANT,"Kukatpally,Hyderabad",2.3,20,300,Indian
79201,Madurai Famous Jigarthanda,"Kukatpally,Hyderabad",3.5,20,200,Beverages
79203,AROMA KITCHENS,"Kukatpally,Hyderabad",3.8,50,220,"Chinese,Indian"
79204,PANCHABHAKSHYA,"Kukatpally,Hyderabad",4.0,100,180,South Indian
79205,Mandilicious,"Kukatpally,Hyderabad",3.6,50,600,"Arabian,Biryani"
79206,NK Shakes and Maggie Hub,"Kukatpally,Hyderabad",3.8,50,200,"Fast Food,Snacks"
79208,Home Plate by EatFit,"Kukatpally,Hyderabad",3.7,100,160,"North Indian,Home Food"
79209,Great Indian Khichdi by EatFit,"Kukatpally,Hyderabad",3.7,100,200,"Home Food,Indian"
79213,Kwality Walls Frozen Dessert and Ice Cream Shop,"Kukatpally,Hyderabad",2.0,50,200,"Ice Cream,Desserts"
79214,Great Indian Drinks (Goli Soda),"Kukatpally,Hyderabad",4.2,100,100,"Beverages,Desserts"
79215,HYDERABAD HALEEM,"Kukatpally,Hyderabad",2.5,100,200,"Hyderabadi,Sweets"
79217,Rajadhani Ruchulu,"Kukatpally,Hyderabad",3.0,20,200,"North Indian,South Indian"
79218,Hunger's choice Multicuisine Restaurant,"Kukatpally,Hyderabad",3.7,20,350,"North Indian,South Indian"
79219,TGI Fridays,"Kukatpally,Hyderabad",3.8,100,1000,"American,Mexican"
79224,REDDY GARI KITCHEN,"Kukatpally,Hyderabad",1.9,20,300,"Beverages,Indian"
79227,Pizza and Burger,"Kukatpally,Hyderabad",2.7,20,300,"Pizzas,Snacks"
79228,Sangeetha Restaurant,"Kukatpally,Hyderabad",4.1,100,400,"Biryani,Indian"
79229,Tif In,"Kukatpally,Hyderabad",3.5,100,150,"Indian,South Indian"
79231,99 Varieties Dosa,"Kukatpally,Hyderabad",3.7,50,150,South Indian
79233,UNITED CAFE,"Kukatpally,Hyderabad",1.7,100,200,"Indian,Chinese"
79234,Makers of Milkshakes,"Kukatpally,Hyderabad",3.9,50,250,"Beverages,Desserts"
79237,D-Lite Frankie,"Kukatpally,Hyderabad",3.8,20,200,Indian
79238,Sips & Bites,"Kukatpally,Hyderabad",4.1,100,250,"South Indian,Beverages"
79241,Turkish Shawarma,"Kukatpally,Hyderabad",2.6,20,250,"Arabian,Turkish"
79243,Sri Krishna Sweets,"Kukatpally,Hyderabad",4.4,100,200,Sweets
79244,Cream Town,"Kukatpally,Hyderabad",4.0,500,200,"Desserts,Ice Cream"
79246,Dhaba cafe,"Kukatpally,Hyderabad",4.3,20,500,"Indian,Italian"
79247,Sri raghavendra hot chips,"Kukatpally,Hyderabad",4.1,50,200,Indian
79248,CHAI BUDDY,"Kukatpally,Hyderabad",4.0,50,250,"Pizzas,Beverages"
79252,Crispy Pizza And Burger,"Kukatpally,Hyderabad",2.9,20,300,Continental
79256,Gismat Arabic Mandi (Jail Theme),"Kukatpally,Hyderabad",3.0,100,500,Indian
79257,Tariq Takeaway,"Kukatpally,Hyderabad",1.9,20,250,"North Indian,South Indian"
79259,Fusion Kheer,"Kukatpally,Hyderabad",3.8,20,200,"Desserts,Sweets"
79272,Gummadi Foods,"Kukatpally,Hyderabad",4.1,20,750,"Chinese,Continental"
79276,Abhi Tiffins,"Kukatpally,Hyderabad",4.1,1000,150,South Indian
79279,Hotel Sankar vilas,"Kukatpally,Hyderabad",3.8,100,100,"South Indian,Chinese"
79280,JANATHA TIFFINS,"Kukatpally,Hyderabad",3.8,20,100,Indian
79281,AMMA TIFFINS,"Kukatpally,Hyderabad",4.0,100,100,Indian
79283,SREE SEETHAMDA TIFFINS,"Kukatpally,Hyderabad",3.6,50,100,South Indian
79285,DWARAKA GRAND TIFFINS,"Kukatpally,Hyderabad",3.8,100,100,South Indian
79286,MAHESH TIFFIN CENTER,"Kukatpally,Hyderabad",3.9,50,100,South Indian
79287,Unnathi Grand,"Kukatpally,Hyderabad",4.4,100,400,"Indian,Chinese"
79288,Vasu Dev Chat Bhandar,"Kukatpally,Hyderabad",4.2,20,80,Chaat
79290,Pista House Tiffins,"Kukatpally,Hyderabad",4.2,500,200,South Indian
79291,Happy Home Tiffins,"Kukatpally,Hyderabad",4.0,1000,200,South Indian
79292,MOHAMMEDIA SHAWARMA,"Kukatpally,Hyderabad",3.3,20,200,Arabian
79294,THE KURTOS,"Kukatpally,Hyderabad",3.7,20,260,"Desserts,Beverages"
79300,Destination Cafe,"Kukatpally,Hyderabad",4.1,20,300,"Italian,European"
79307,Pallavi Biryani,"Kukatpally,Hyderabad",3.6,1000,400,"Biryani,North Indian"
79308,Guntur Billal Mutton Biryani,"Kukatpally,Hyderabad",3.6,50,300,Biryani
79309,Godavari Junction,"Kukatpally,Hyderabad",3.7,50,500,Andhra
79313,Sri udupi Grand,"Kukatpally,Hyderabad",3.9,500,150,"South Indian,North Indian"
79315,sardar jis shawarma,"Kukatpally,Hyderabad",3.1,20,200,"Haleem,North Indian"
79316,Haleem Mahal,"Kukatpally,Hyderabad",2.9,20,200,"Haleem,Sweets"
79317,Karachi Cafe,"Kukatpally,Hyderabad",3.7,20,500,"Indian,Italian"
79320,Sweet Truth - Cake and Desserts,"Kukatpally,Hyderabad",3.8,50,450,"Ice Cream,Bakery"
79321,MIDNIGHT BIRYANI HUB,"Kukatpally,Hyderabad",2.2,50,300,"Beverages,Chinese"
79322,Hotel Abhilasha,"Kukatpally,Hyderabad",2.5,20,300,"South Indian,Biryani"
79323,Hotel Sitara Grand - Dhanturi Group of hotels,"Kukatpally,Hyderabad",3.7,1000,300,"Biryani,Chinese"
79327,Bakingo,"Kukatpally,Hyderabad",4.1,1000,300,"Bakery,Desserts"
79329,Rishi's Kitchen,"Kukatpally,Hyderabad",3.7,20,100,South Indian
79332,Mexican Chicken Express,"Kukatpally,Hyderabad",3.0,20,200,Indian
79335,The Brooklyn Creamery - Healthy Ice Cream,"Kukatpally,Hyderabad",3.6,20,200,"Desserts,Ice Cream"
79336,Mayur Pan House,"Kukatpally,Hyderabad",4.5,100,200,Sweets
79340,Shree Santosh Family Dhaba,"Kukatpally,Hyderabad",3.7,1000,400,"North Indian,Chinese"
79343,Srilaxmi Tiffins and Restaurant,"Kukatpally,Hyderabad",2.5,20,300,"North Indian,Andhra"
79344,Domino's Pizza,"Kukatpally,Hyderabad",4.2,1000,400,Pizzas
79345,Yard Bakery,"Kukatpally,Hyderabad",4.0,20,100,"Bakery,Desserts"
79347,Arab Al Mandi,"Kukatpally,Hyderabad",1.4,50,300,Arabian
79351,Vada Pav Station,"Kukatpally,Hyderabad",4.2,100,100,Snacks
79353,Pista House Restaurant & Bakery,"Kukatpally,Hyderabad",4.0,5000,500,"Biryani,North Indian"
79360,KFC,"Kukatpally,Hyderabad",3.6,1000,400,"American,Snacks"
79361,NH1 Bowls - Highway To North,"Kukatpally,Hyderabad",3.6,20,250,"North Indian,Punjabi"
79370,Subway,"Kukatpally,Hyderabad",3.3,100,350,"Salads,Snacks"
79372,Satyanarayan Samosa Point,"Kukatpally,Hyderabad",3.8,100,100,"Street Food,Indian"
79380,Happy Healthy Foods,"Kukatpally,Hyderabad",3.2,20,300,"Snacks,Biryani"
79381,Starbucks Coffee,"Kukatpally,Hyderabad",4.3,100,400,"Beverages,Ice Cream"
79383,Belgian Waffle Factory,"Kukatpally,Hyderabad",4.1,20,200,"Desserts,Beverages"
79384,SV Pulav and Sea Snack,"Kukatpally,Hyderabad",3.8,100,200,"South Indian,Andhra"
79387,Sree Harsha Delux Mess,"Kukatpally,Hyderabad",3.9,500,250,"South Indian,Biryani"
79389,Juice Experss,"Kukatpally,Hyderabad",4.4,50,180,"Juices,Beverages"
79393,SHANDAR SHAWRMA STAR,"Kukatpally,Hyderabad",3.2,20,200,Arabian
79395,TALES OF DONNE BIRYANI,"Kukatpally,Hyderabad",3.4,50,500,"Biryani,Snacks"
79396,Roti Express,"Kukatpally,Hyderabad",4.0,100,200,"Healthy Food,North Indian"
79400,Natural Fresh Ice Creams,"Kukatpally,Hyderabad",2.2,20,160,Ice Cream
79405,Raja Vari Ruchulu,"Kukatpally,Hyderabad",3.9,100,300,"South Indian,North Indian"
79406,Meals Time Super Deluxe Mess,"Kukatpally,Hyderabad",4.0,50,200,"Indian,Biryani"
79408,EVERGREEN FAMILY DINEIN,"Kukatpally,Hyderabad",3.6,20,215,"Andhra,Tandoor"
79412,Fortune Shawarma Hub,"Kukatpally,Hyderabad",3.1,20,250,"Haleem,North Indian"
79414,PACHADLU VS KAARALU,"Kukatpally,Hyderabad",3.8,50,500,"South Indian,Indian"
79418,Chaitanya Food Court - Curries,"Kukatpally,Hyderabad",3.9,500,300,"Andhra,North Indian"
79421,Manikanta Food Court,"Kukatpally,Hyderabad",4.2,100,150,South Indian
79424,Hotel Devi Grand,"Kukatpally,Hyderabad",3.9,100,500,"Biryani,Indian"
79425,VIGNESHWARA TIFFIN CENTER,"Kukatpally,Hyderabad",3.9,100,100,Indian
79427,Raja Rani Ruchulu,"Kukatpally,Hyderabad",3.9,5000,300,"Biryani,Indian"
79428,EMYEE CAFE,"Kukatpally,Hyderabad",3.5,20,150,"Beverages,South Indian"
79429,SRI BALAJI TIFFINS,"Kukatpally,Hyderabad",3.9,100,300,South Indian
79430,SREE RAGHAVENDRA TIFFINS,"Kukatpally,Hyderabad",3.9,100,300,South Indian
79432,MAHALAKSHMI TIFFIN CENTER,"Kukatpally,Hyderabad",3.9,50,300,Indian
79436,SRINIVASA TIFFIN CENTER,"Kukatpally,Hyderabad",3.8,50,300,Indian
79438,ABHIRUCHI TIFFINS,"Kukatpally,Hyderabad",4.0,50,300,"Indian,South Indian"
79440,COCONUT JUICE BAR,"Kukatpally,Hyderabad",4.2,100,200,"Indian,Healthy Food"
79443,Kodi Kura Chitti Gaare,"Kukatpally,Hyderabad",3.8,1000,600,"Biryani,Andhra"
79448,Ram ki Bandi,"Kukatpally,Hyderabad",3.9,100,300,Indian
79450,Amba bhavani hotel,"Kukatpally,Hyderabad",3.7,20,200,South Indian
79459,The Addiction,"Kukatpally,Hyderabad",3.0,20,300,"Arabian,Beverages"
79460,Platform 65,"Kukatpally,Hyderabad",3.5,100,400,"Andhra,Chinese"
79464,Chef Inside,"Kukatpally,Hyderabad",4.0,20,150,"Continental,Fast Food"
79469,Arabian Mandi,"Kukatpally,Hyderabad",3.2,100,400,Arabian
79472,Sandwich Eatery,"Kukatpally,Hyderabad",4.1,500,250,"Fast Food,Beverages"
79480,Hungry Kitchen,"Kukatpally,Hyderabad",2.4,20,300,Indian
79481,Gravity Hotel,"Kukatpally,Hyderabad",3.9,100,300,"Continental,Biryani"
79482,Tibbs Frankie,"Kukatpally,Hyderabad",3.9,100,140,"Fast Food,Snacks"
79483,Dadu's,"Kukatpally,Hyderabad",4.2,1000,250,"Sweets,Desserts"
79484,Deccan Durbar Restaurant,"Kukatpally,Hyderabad",4.3,20,400,"Indian,North Indian"
79485,Oven Story Pizza,"Kukatpally,Hyderabad",3.4,500,400,"Pizzas,Italian"
79486,Samosa Party,"Kukatpally,Hyderabad",4.0,100,150,"Chaat,North Indian"
79490,Chaitanya Food Court - Tiffins,"Kukatpally,Hyderabad",4.2,1000,200,South Indian
79493,The Belgian Waffle Co.,"Kukatpally,Hyderabad",4.3,500,200,"Desserts,Beverages"
79498,AMRUTH RESTAURANT,"Kukatpally,Hyderabad",4.0,100,350,"Indian,Chinese"
79499,McDonald's Gourmet Burger Collection,"Kukatpally,Hyderabad",4.4,20,600,"Burgers,Beverages"
79502,"Frozen Bottle - Milkshakes, Desserts And Ice Cream","Kukatpally,Hyderabad",3.2,50,250,"Beverages,Desserts"
79505,Chinese Wok (Wok Express),"Kukatpally,Hyderabad",3.4,100,250,"Chinese,Asian"
79507,Padmavathi Deluxe Mess,"Kukatpally,Hyderabad",3.9,500,300,"Indian,South Indian"
79512,B.Bicha Reddy Sweets,"Kukatpally,Hyderabad",3.8,100,150,"Sweets,Street Food"
79515,SNR Food Court,"Kukatpally,Hyderabad",3.2,50,250,"Chinese,Beverages"
79516,Hyderabad Grand Spicy,"Kukatpally,Hyderabad",1.9,20,250,"Biryani,Chinese"
79517,KABABS	& BIRYANI,"Kukatpally,Hyderabad",2.7,20,200,"Indian,Chinese"
79518,United Haleem,"Kukatpally,Hyderabad",1.9,20,300,"Indian,Biryani"
79522,Papus Pizza,"Kukatpally,Hyderabad",2.4,20,200,Continental
79523,Captain Pizza,"Kukatpally,Hyderabad",2.4,20,200,Continental
79524,Kritunga Restuarant,"Kukatpally,Hyderabad",3.6,1000,500,"Biryani,Andhra"
79528,The Smoking Goast,"Kukatpally,Hyderabad",2.0,20,300,Indian
79531,MILLET KITCHEN,"Kukatpally,Hyderabad",3.5,100,400,"South Indian,North Indian"
79532,BINGE BOX,"Kukatpally,Hyderabad",3.8,100,300,"South Indian,Chinese"
79536,Onions,"Kukatpally,Hyderabad",2.7,20,300,Indian
79543,Just Wok It,"Kukatpally,Hyderabad",3.1,100,300,Chinese
79545,Agra Mithaiwala Chaat & FoodCourt,"Kukatpally,Hyderabad",3.8,100,400,"Sweets,Chaat"
79546,Bahar Cafe,"Kukatpally,Hyderabad",3.4,500,350,"Indian,Chinese"
79549,Hotel Mayukha Jungle Theme Restaurant,"Kukatpally,Hyderabad",4.0,20,500,"Chinese,North Indian"
79557,Meredien Shawarma Grill,"Kukatpally,Hyderabad",2.6,20,300,Arabian
79559,Absolute Fried Chicken,"Kukatpally,Hyderabad",3.2,20,300,"Snacks,Indian"
79561,Udipi s Upahar,"Kukatpally,Hyderabad",3.9,1000,180,"South Indian,North Indian"
79562,Delicious Fried Chicken,"Kukatpally,Hyderabad",3.8,20,350,"Mexican,Snacks"
79566,Zomoz - The Momo Company,"Kukatpally,Hyderabad",4.0,100,250,"Street Food,Asian"
79567,Satti babu Biryani,"Kukatpally,Hyderabad",3.3,500,400,"Biryani,Beverages"
79570,Dine Inn China,"Kukatpally,Hyderabad",3.8,100,400,Chinese
79572,Mandi mania (arabian resturant),"Kukatpally,Hyderabad",2.5,50,200,"Chinese,North Indian"
79575,HOTEL MAYUKHA,"Kukatpally,Hyderabad",3.8,500,250,"Biryani,Seafood"
79576,100N,"Kukatpally,Hyderabad",4.3,100,350,"Juices,Healthy Food"
79578,INDIAN WOK,"Kukatpally,Hyderabad",3.2,100,600,"Indian,Chinese"
79583,Idlee Tree,"Kukatpally,Hyderabad",4.1,1000,100,South Indian
79586,Kwality Tiffins,"Kukatpally,Hyderabad",3.8,20,200,"South Indian,Biryani"
79587,Fruitfull,"Kukatpally,Hyderabad",4.2,100,150,"Healthy Food,Salads"
79591,hoskote donne biryani,"Kukatpally,Hyderabad",3.5,20,200,"Biryani,Indian"
79594,IDEAL KITCHEN,"Kukatpally,Hyderabad",4.2,100,100,South Indian
79601,Hotel Abinand Grand,"Kukatpally,Hyderabad",3.9,20,400,"North Indian,South Indian"
79603,LunchBox - Meals and Thalis,"Kukatpally,Hyderabad",3.8,100,200,"North Indian,Punjabi"
79606,SimplyPulav,"Kukatpally,Hyderabad",3.1,20,400,Indian
79609,Al-Aadaab Arabian Mandi Restaurant,"Kukatpally,Hyderabad",3.0,500,300,"Arabian,Chinese"
79612,Theobroma,"Kukatpally,Hyderabad",4.4,100,500,"Desserts,Bakery"
79613,THE DELIGHT SPICY,"Kukatpally,Hyderabad",3.1,20,300,Chinese
79615,Krunchos,"Kukatpally,Hyderabad",3.6,20,299,"American,Snacks"
79616,EMYEE,"Kukatpally,Hyderabad",3.9,20,350,"Indian,Chinese"
79619,Qaffeine Coffee,"Kukatpally,Hyderabad",4.4,20,500,"Beverages,Desserts"
79620,Pind Balluchi,"Kukatpally,Hyderabad",3.7,100,400,North Indian
79622,Olio - The Wood Fired Pizzeria,"Kukatpally,Hyderabad",3.6,100,300,"Pizzas,Italian"
79623,Go foodies,"Kukatpally,Hyderabad",4.4,50,100,"Snacks,Ice Cream"
79627,Ananya Food Court,"Kukatpally,Hyderabad",3.8,100,200,Chinese
79628,Andhra Rice Boxes,"Kukatpally,Hyderabad",3.1,20,300,"Chinese,Indian"
79632,JAIN KITCHEN PURE VEGETARIAN  RESTAURANT,"Kukatpally,Hyderabad",4.1,100,400,"North Indian,Jain"
79635,UBQ by Barbeque Nation,"Kukatpally,Hyderabad",3.3,100,300,"North Indian,Barbecue"
79638,Beyond Bajji,"Kukatpally,Hyderabad",3.9,50,300,Beverages
79640,Beijing Bites,"Kukatpally,Hyderabad",4.3,20,500,"Chinese,Thai"
79642,Goila Butter Chicken,"Kukatpally,Hyderabad",3.8,50,600,"North Indian,Mughlai"
79643,Telugu Biryanis And Pulaos,"Kukatpally,Hyderabad",3.5,20,300,"North Indian,Biryani"
79647,Mehfil E Shawarma,"Kukatpally,Hyderabad",2.8,100,260,Arabian
79648,Subbayya Gari Hotel,"Kukatpally,Hyderabad",3.8,5000,300,South Indian
79651,GANGARAM BIRYANI,"Kukatpally,Hyderabad",3.4,50,250,"Biryani,Indian"
79652,Rayala Vari Ruchulu,"Kukatpally,Hyderabad",3.5,100,300,"South Indian,Chinese"
79653,Nati Ruchi,"Kukatpally,Hyderabad",3.7,20,250,"South Indian,Biryani"
79657,Biryani Avenue,"Kukatpally,Hyderabad",1.9,20,300,Biryani
79658,Momo Monk,"Kukatpally,Hyderabad",3.6,20,180,"Chinese,Snacks"
79660,Tasty Shawarmas,"Kukatpally,Hyderabad",3.8,50,350,"Arabian,Lebanese"
79661,Netaji's Biryani Point,"Kukatpally,Hyderabad",3.1,20,350,"Biryani,North Indian"
79663,Tipsy Topsy Bakers,"Kukatpally,Hyderabad",3.7,100,250,"Chinese,Italian"
79667,Bajjis,"Kukatpally,Hyderabad",3.1,20,700,"Indian,Biryani"
79669,The Momo Co,"Kukatpally,Hyderabad",3.5,20,250,"Chinese,Desserts"
79672,Big Bowl Company,"Kukatpally,Hyderabad",3.4,50,250,"North Indian,Chinese"
79676,Ahuna Handi,"Kukatpally,Hyderabad",4.1,50,250,"Biryani,Chinese"
79678,Snack House,"Kukatpally,Hyderabad",3.0,20,180,Snacks
79682,PANDHEM KODI PAKASALA,"Kukatpally,Hyderabad",3.2,20,600,"Chinese,South Indian"
79688,Best Takeaway,"Kukatpally,Hyderabad",2.1,20,200,"North Indian,South Indian"
79692,DURGA MAATHA CURRY POINT,"Kukatpally,Hyderabad",3.2,20,200,Indian
79694,Sri Raghavendra Pure Veg,"Kukatpally,Hyderabad",4.0,5000,150,"South Indian,Andhra"
79695,Krishnatunga Restaurant,"Kukatpally,Hyderabad",3.7,1000,400,"Rayalaseema,Biryani"
79696,SHRI GAYATRI UDUPI TIFFINS & MEALS,"Kukatpally,Hyderabad",3.5,20,200,"South Indian,Chinese"
79697,Spicy Xpress,"Kukatpally,Hyderabad",3.5,20,300,"Chinese,Snacks"
79698,Maa Ooru Biryani,"Kukatpally,Hyderabad",3.8,100,350,Biryani
79700,MILKSHAKE ADDA,"Kukatpally,Hyderabad",3.0,20,400,Beverages
79702,Moghuls Paradiez,"Kukatpally,Hyderabad",3.8,500,350,"Biryani,North Indian"
79703,Waffle Studio,"Kukatpally,Hyderabad",3.2,50,400,"Desserts,Beverages"
79704,Mad Street Shakes,"Kukatpally,Hyderabad",2.8,20,200,"Beverages,Italian-American"
79705,Cafe Coffee Day,"Kukatpally,Hyderabad",3.5,100,300,"Beverages,Snacks"
79715,GULF SHAWARMA,"Kukatpally,Hyderabad",3.7,100,200,Indian
79716,Milkshake Mania,"Kukatpally,Hyderabad",3.3,20,300,"Desserts,Beverages"
79718,Rasoi Family Restaurnat,"Kukatpally,Hyderabad",2.3,20,300,"Biryani,Chinese"
79720,Authentic Belgian Waffles,"Kukatpally,Hyderabad",4.6,20,300,"Waffle,Desserts"
79730,Gabath,"Kukatpally,Hyderabad",3.4,20,350,"Biryani,North Indian"
79731,Taco Bell,"Kukatpally,Hyderabad",3.7,100,300,Mexican
79734,MADHURAM TIFFINS,"Kukatpally,Hyderabad",4.5,50,150,South Indian
79739,PVR Cafe,"Kukatpally,Hyderabad",4.0,100,400,"Snacks,Fast Food"
79740,LASSI SHOP - SARDAR PATEL NAGAR Kphb,"Kukatpally,Hyderabad",4.1,20,200,"Beverages,Ice Cream"
79743,Biggies Burger,"Kukatpally,Hyderabad",3.9,100,250,"Beverages,American"
79744,Gappe Vappe,"Kukatpally,Hyderabad",4.0,50,240,"Fast Food,Chaat"
79746,Aladdin's Biryani,"Kukatpally,Hyderabad",3.6,20,300,"Biryani,Indian"
79750,Cookie Man,"Kukatpally,Hyderabad",3.7,50,140,"Desserts,Ice Cream"
79752,Almond House,"Kukatpally,Hyderabad",4.5,1000,900,"Sweets,Desserts"
79753,Indulge Ice Cream By Almond House,"Kukatpally,Hyderabad",4.4,50,240,"Ice Cream,Desserts"
79754,Pizza Hut,"Kukatpally,Hyderabad",3.1,100,350,Pizzas
79756,FarmBowl By Urbankisaan,"Kukatpally,Hyderabad",4.0,100,300,"Healthy Food,Salads"
79760,Pa se Pizza,"Kukatpally,Hyderabad",4.9,50,600,"Pizzas,Italian"
79761,Chai Point,"Kukatpally,Hyderabad",4.2,1000,150,"Bakery,Beverages"
79765,Mexican Grill Subs,"Kukatpally,Hyderabad",3.8,100,400,"Salads,Mexican"
79767,Rajdhani,"Kukatpally,Hyderabad",3.9,500,400,"Rajasthani,Thalis"
79769,KS Bakers,"Kukatpally,Hyderabad",4.1,500,300,"Bakery,Desserts"
79770,Biryani Trip,"Kukatpally,Hyderabad",3.8,50,350,Biryani
79771,Muddapappu Avakai.com,"Kukatpally,Hyderabad",3.7,100,200,"South Indian,Andhra"
79775,pizza corner,"Kukatpally,Hyderabad",3.0,20,200,"Pizzas,Italian"
79776,Dosa Street,"Kukatpally,Hyderabad",2.2,20,150,South Indian
79778,Firangi Bake,"Kukatpally,Hyderabad",4.1,50,400,"Italian,Mexican"
79785,Crusto's - Cheese Burst Pizza,"Kukatpally,Hyderabad",3.8,100,300,"Pizzas,Italian"
79787,California Burrito,"Kukatpally,Hyderabad",4.6,100,250,Mexican
79788,McDonald's,"Kukatpally,Hyderabad",4.1,1000,400,"Burgers,Beverages"
79791,Jaya ragavendra aritaku bojanam,"Kukatpally,Hyderabad",3.3,50,300,"South Indian,Thalis"
79794,The Thick Shake Factory,"Kukatpally,Hyderabad",3.9,100,350,"Beverages,Desserts"
79795,Faasos - Wraps & Rolls,"Kukatpally,Hyderabad",3.8,500,200,"Fast Food,Snacks"
79798,Casablanca Grill,"Kukatpally,Hyderabad",2.0,50,200,"North Indian,Tandoor"
79802,Wow! China,"Kukatpally,Hyderabad",3.4,100,400,"Tibetan,Chinese"
79806,Wow! Momo,"Kukatpally,Hyderabad",3.6,50,300,"Tibetan,Healthy Food"
79808,Sai Vilas,"Kukatpally,Hyderabad",3.9,100,250,South Indian
79810,Paris Waffle Co.,"Kukatpally,Hyderabad",3.1,50,200,"Beverages,Bakery"
79817,Abhiruchi,"Kukatpally,Hyderabad",3.9,100,200,"Andhra,Biryani"
79818,Victoria Restaurant,"Kukatpally,Hyderabad",3.6,1000,300,"Biryani,Indian"
79820,ISTANBUL SHAWARMA,"Kukatpally,Hyderabad",1.8,20,300,Lebanese
79823,Sampradaya Foods,"Kukatpally,Hyderabad",4.5,50,500,"Beverages,Chaat"
79833,CHINESE BANDI,"Kukatpally,Hyderabad",3.6,20,150,Chinese
79834,Seasons Restaurant,"Kukatpally,Hyderabad",3.9,100,600,"Chinese,North Indian"
79839,Raju Gari Biryani House,"Kukatpally,Hyderabad",2.0,20,250,"North Indian,South Indian"
79840,Biryani By Kilo,"Kukatpally,Hyderabad",3.8,100,700,"Biryani,Mughlai"
79845,Thickshake N Ice Cream,"Kukatpally,Hyderabad",4.0,50,200,"Beverages,Ice Cream"
79848,Millet Kitchen Tiffins & Snacks,"Kukatpally,Hyderabad",4.0,500,150,South Indian
79852,Hotel Sree Ram,"Kukatpally,Hyderabad",4.0,20,200,Indian
79855,Vasireddy Swagruha  Foods,"Kukatpally,Hyderabad",4.1,100,400,Sweets
79861,Chaitanya Grand,"Kukatpally,Hyderabad",3.2,50,400,"North Indian,South Indian"
79864,Gelatica Gelato - Ice Cream & Sorbet The finest,"Kukatpally,Hyderabad",4.2,50,200,"Ice Cream,Desserts"
79865,Paakashala Restaurant,"Kukatpally,Hyderabad",2.4,20,300,"Indian,Andhra"
79867,Jumrani's Kitchen,"Kukatpally,Hyderabad",3.8,20,250,"Street Food,Italian-American"
79868,HRX by Eatfit,"Kukatpally,Hyderabad",5.0,20,270,"Healthy Food,Salads"
79869,ZAZA 22 Spice Biryani,"Kukatpally,Hyderabad",3.3,20,250,"Biryani,North Indian"
79870,Ever green Restaurant and Bar,"Kukatpally,Hyderabad",3.9,50,349,"Indian,Biryani"
79871,PJ Paakashala Restaurant,"Kukatpally,Hyderabad",2.1,20,400,"North Indian,South Indian"
79885,Food Trivia,"Kukatpally,Hyderabad",4.0,50,200,"Chinese,Biryani"
79886,Paratha Box by EatFit,"Kukatpally,Hyderabad",4.0,50,250,"North Indian,Punjabi"
79887,EatFit,"Kukatpally,Hyderabad",3.8,500,270,"Healthy Food,Pizzas"
79894,Andhra Gunpowder,"Kukatpally,Hyderabad",3.7,500,280,"South Indian,Andhra"
79896,Hotel Swagath Grand - Dhanturi Group of Hotels,"Kukatpally,Hyderabad",3.7,100,500,"Biryani,Tandoor"
79897,Mehek Biryani,"Kukatpally,Hyderabad",4.0,100,250,"Biryani,Chinese"
79900,Cashew House Mithaiwala,"Kukatpally,Hyderabad",4.3,1000,300,"Sweets,Desserts"
79902,Barbeque Nation,"Kukatpally,Hyderabad",3.3,100,600,"North Indian,Barbecue"
79906,SLAY Coffee,"Kukatpally,Hyderabad",3.6,50,200,"Beverages,Desserts"
79914,MY FISHING BOAT,"Kukatpally,Hyderabad",3.9,50,500,"Indian,Seafood"
79929,The Cups,"Kukatpally,Hyderabad",3.7,100,200,"Fast Food,Beverages"
79935,Pondy Parottas,"Kukatpally,Hyderabad",3.6,500,400,"South Indian,Chinese"
79937,Ohri's Cake Nation,"Kukatpally,Hyderabad",3.7,1000,600,"Bakery,Beverages"
79939,Palakkad Parottas,"Kukatpally,Hyderabad",3.6,20,300,"Indian,Biryani"
79941,Ibaco,"Kukatpally,Hyderabad",4.2,100,800,"Ice Cream,Desserts"
79945,Mealful Rolls - Meals in a Roll,"Kukatpally,Hyderabad",3.3,20,250,"Fast Food,North Indian"
79946,BOX8 - Desi Meals,"Kukatpally,Hyderabad",3.7,100,250,"North Indian,Biryani"
79947,Itminaan Biryani - Dum Pukht,"Kukatpally,Hyderabad",3.3,20,250,"Biryani,North Indian"
79948,Santosh Dhaba Exclusive,"Kukatpally,Hyderabad",3.6,1000,300,"North Indian,Biryani"
79950,ROYAL MIYAPUR RESTAURANT,"Kukatpally,Hyderabad",2.8,50,400,"Indian,Chinese"
79954,CakeZone,"Kukatpally,Hyderabad",3.8,1000,200,"Desserts,Bakery"
79955,Chutneys,"Kukatpally,Hyderabad",3.9,1000,500,"North Indian,Chinese"
79968,Natural Ice Cream,"Kukatpally,Hyderabad",4.3,500,150,Ice Cream
79979,Hot Pot Village,"Kukatpally,Hyderabad",3.0,100,100,"South Indian,Biryani"
79980,MANI'S KITCHEN N DINE,"Kukatpally,Hyderabad",4.3,20,500,"Indian,Chinese"
79983,Nutrition Juice Bar,"Kukatpally,Hyderabad",4.1,50,180,"Juices,Beverages"
79985,LUCKY RESTAURANT,"Kukatpally,Hyderabad",2.0,100,400,Indian
79986,Krispy Kreme,"Kukatpally,Hyderabad",4.1,100,170,"Desserts,Beverages"
79988,Amogham,"Kukatpally,Hyderabad",4.0,50,250,"Biryani,North Indian"
79990,ABHIRUCHI SWAGRUHA FOODS,"Kukatpally,Hyderabad",4.5,100,250,"Sweets,Desserts"
79992,Lucky Multicuisine Restaurant,"Kukatpally,Hyderabad",3.5,1000,300,"Biryani,North Indian"
79993,Memories Multicuisine Restaurant,"Kukatpally,Hyderabad",2.0,20,300,"Biryani,South Indian"
80000,La Pino'z Pizza,"Kukatpally,Hyderabad",3.7,1000,300,"Pizzas,Beverages"
80001,Brown bear,"Kukatpally,Hyderabad",4.3,50,300,"Bakery,Juices"
80003,Telugu Bojanam,"Kukatpally,Hyderabad",3.5,20,200,Indian
80011,Tabla Restaurant,"Kukatpally,Hyderabad",3.8,1000,400,"North Indian,Chinese"
80012,Biryani Buzzer,"Kukatpally,Hyderabad",3.1,20,200,"Chinese,Biryani"
80013,NIC Natural Ice Creams,"Kukatpally,Hyderabad",4.4,1000,120,"Ice Cream,Desserts"
80015,Shree Raghavendra Bhavan,"Kukatpally,Hyderabad",4.0,500,300,"South Indian,North Indian"
80018,The Biryani Life,"Kukatpally,Hyderabad",2.6,20,250,"Biryani,Hyderabadi"
80019,Balaji Vilas,"Kukatpally,Hyderabad",4.1,20,150,South Indian
80020,RUCHI CURRY POINT,"Kukatpally,Hyderabad",3.6,100,300,"Chinese,Combo"
80024,Paradise Biryani,"Kukatpally,Hyderabad",3.5,5000,400,"Biryani,Kebabs"
80025,Cream Stone Ice Cream,"Kukatpally,Hyderabad",4.2,1000,350,"Ice Cream,Desserts"
80029,MEXICAN FRIED CHICKEN,"Kukatpally,Hyderabad",3.7,20,300,"Pizzas,Snacks"
80030,Kinnu Kitchen,"Kukatpally,Hyderabad",2.8,20,200,"Indian,Biryani"
80031,Harshitha Juice Xpress,"Kukatpally,Hyderabad",4.5,20,200,"Juices,Beverages"
80032,Gongura Biryanis,"Kukatpally,Hyderabad",3.2,20,300,"Biryani,North Indian"
80038,Olive Mithai Shop,"Kukatpally,Hyderabad",4.5,100,200,"Sweets,Desserts"
80039,Punjabi Paratha House,"Kukatpally,Hyderabad",3.7,500,150,North Indian
80041,Sagar Cafe and Restaurant,"Kukatpally,Hyderabad",2.6,50,400,"Biryani,Chinese"
80042,Grand Biryani House,"Kukatpally,Hyderabad",2.2,20,350,"Biryani,Chinese"
80049,Chinese Hub,"Kukatpally,Hyderabad",2.9,1000,200,Chinese
80059,Nosh Bistro,"Kukatpally,Hyderabad",3.8,20,400,"Continental,Fast Food"
80060,The Good Bowl,"Kukatpally,Hyderabad",3.6,100,400,"North Indian,Punjabi"
80062,Taj Pot Biryani,"Kukatpally,Hyderabad",2.7,20,150,North Indian
80064,RAGHAVENDRA FOOD COURT,"Kukatpally,Hyderabad",2.2,20,300,Indian
80065,Sree Balaji Vilas,"Kukatpally,Hyderabad",3.8,20,150,South Indian
80067,Vijaya Durga Restaurant and Foods,"Kukatpally,Hyderabad",3.4,100,200,"South Indian,Biryani"
80072,China Town 1950,"Kukatpally,Hyderabad",1.7,20,300,North Indian
80074,Mehfil Biryani by Zakir Khan,"Kukatpally,Hyderabad",2.5,50,600,"Biryani,Mughlai"
80077,SRIKANYA COMFORT,"Kukatpally,Hyderabad",3.7,1000,500,"South Indian,North Indian"
80078,Telangana Hotel,"Kukatpally,Hyderabad",2.3,20,350,"Indian,Chinese"
80079,LAUGHING BUDDHA,"Kukatpally,Hyderabad",3.3,20,200,"Chinese,Indian"
80084,Potful - Claypot Biryanis,"Kukatpally,Hyderabad",4.0,1000,500,"Biryani,Kebabs"
80088,Sri Ganesh Tiffins,"Kukatpally,Hyderabad",3.9,50,70,"Street Food,South Indian"
80097,Shaandar Shawarma by Roxtarz,"Kukatpally,Hyderabad",4.0,500,200,"Arabian,Lebanese"
80099,Burger King,"Kukatpally,Hyderabad",3.8,1000,350,"American,Fast Food"
80101,SriKanya Comfort (Take way),"Kukatpally,Hyderabad",4.1,20,500,"North Indian,Chinese"
80103,meenakshi parcel and catering,"Kukatpally,Hyderabad",3.8,100,400,"Biryani,North Indian"
80105,Breakfast in a Bottle,"Kukatpally,Hyderabad",4.8,20,300,"Healthy Food,Juices"
80106,Vadilal Ice Cream,"Kukatpally,Hyderabad",3.7,50,200,"Ice Cream,Desserts"
80107,New Tipsy Topsy Bakers,"Kukatpally,Hyderabad",3.9,100,100,"Bakery,Chinese"
80110,Shake Studio,"Kukatpally,Hyderabad",3.9,50,300,"Desserts,Beverages"
80111,Behrouz Biryani,"Kukatpally,Hyderabad",3.7,500,500,"Biryani,Mughlai"
80112,SWETHA RESTAURANTS,"Kukatpally,Hyderabad",3.8,20,500,"Indian,Thalis"
80113,Chaitanya Family Restaurant,"Kukatpally,Hyderabad",3.9,1000,350,"North Indian,Biryani"
80115,Hyderabad Chefs,"Kukatpally,Hyderabad",3.8,500,500,"Biryani,North Indian"
80122,The Baker's Dozen,"Kukatpally,Hyderabad",3.5,50,350,"Bakery,Desserts"
80124,MRCB Restaurant,"Kukatpally,Hyderabad",3.3,1000,300,"North Indian,Seafood"
80128,Kiosk Fried Chicken,"Kukatpally,Hyderabad",4.0,500,200,"American,Fast Food"
80129,MANAMM RESTAURANTS,"Kukatpally,Hyderabad",3.4,50,400,"Biryani,Indian"
80131,Little Frankie's,"Kukatpally,Hyderabad",2.4,20,250,Fast Food
105666,Sai Restaurant,"Powai,Mumbai",3.9,100,300,"Chinese,Tandoor"
105668,Kwality Walls Frozen Dessert and Ice Cream Shop,"Powai,Mumbai",4.3,50,200,Ice Cream
105669,Mamagoto,"Powai,Mumbai",4.0,50,1200,"Chinese,Asian"
105671,Parathas,"Powai,Mumbai",4.2,50,450,"North Indian,Biryani"
105672,Go Ganjing,"Powai,Mumbai",4.6,20,1000,"Biryani,North Indian"
105673,Ziyafat Biryani,"Powai,Mumbai",3.9,20,500,"Biryani,North Indian"
105674,Subway,"Powai,Mumbai",4.1,500,350,"Salads,Snacks"
105676,Eva's Pizza,"Powai,Mumbai",4.0,100,500,"Pizzas,Italian"
105678,Gourmet Ice Cream Cakes by Baskin Robbins,"Powai,Mumbai",4.6,20,250,"Desserts,Ice Cream"
105679,Pawri Kitchen,"Powai,Mumbai",4.2,100,400,"Indian,Continental"
105680,Keventers Ice Cream,"Powai,Mumbai",4.3,20,300,"Ice Cream,Desserts"
105683,Eagle Boys Pizza,"Powai,Mumbai",3.8,100,600,"Pizzas,Fast Food"
105687,Gaurav Sweets and Namkeen,"Powai,Mumbai",4.3,100,200,"Sweets,Snacks"
105688,Mehfil Biryani by Zakir Khan,"Powai,Mumbai",3.1,20,350,"Biryani,Mughlai"
105689,Marrakesh,"Powai,Mumbai",4.0,100,400,"Lebanese,Arabian"
105691,SLAY Coffee,"Powai,Mumbai",4.4,50,200,"Beverages,Desserts"
105692,The Bowl Project,"Powai,Mumbai",4.0,20,650,"Oriental,Italian-American"
105693,Bakewills,"Powai,Mumbai",3.9,20,300,"Continental,Bakery"
105694,Chennai Express - The Food Wagon,"Powai,Mumbai",3.8,20,350,South Indian
105695,Paris Waffle Co.,"Powai,Mumbai",4.4,20,200,"Bakery,Desserts"
105697,China Gate (Mahakali - Andheri East),"Powai,Mumbai",4.3,50,1200,Chinese
105698,Global Foodie,"Powai,Mumbai",4.5,20,500,"Chinese,Mexican"
105699,The Good Bowl,"Powai,Mumbai",3.5,20,400,"North Indian,Punjabi"
105705,Chinese Wok (Wok Express),"Powai,Mumbai",3.8,500,250,"Chinese,Asian"
105708,Lucknowee,"Powai,Mumbai",4.4,50,600,"North Indian,Biryani"
105709,Thai Naam By Chef Ananda,"Powai,Mumbai",3.6,20,1500,"Thai,Oriental"
105710,Xotik Fresh,"Powai,Mumbai",4.0,20,300,"Continental,Pizzas"
105712,"Brijwasi Sweets, Original Since 1946","Powai,Mumbai",4.0,100,400,"Sweets,Snacks"
105713,Myfroyoland,"Powai,Mumbai",4.4,100,400,"Desserts,Ice Cream"
105715,Haka,"Powai,Mumbai",4.7,20,500,"Chinese,Asian"
105716,"SAFFRON By The Sassy Spoon - Indian, Kebabs, Rolls, Biryani & More","Powai,Mumbai",4.0,20,399,"Indian,Biryani"
105717,The Goan Feni Tales,"Powai,Mumbai",3.3,20,500,"Goan,Seafood"
105718,Welcome Restaurant,"Powai,Mumbai",3.5,20,100,"Chinese,Indian"
105722,Roots Of India,"Powai,Mumbai",4.3,50,1000,"North Indian,Chinese"
105723,Goila Butter Chicken,"Powai,Mumbai",4.3,100,600,"Indian,North Indian"
105724,Hotel Vidith,"Powai,Mumbai",4.8,20,300,"Indian,Chinese"
105725,Hangout Cakes & More,"Powai,Mumbai",4.2,100,150,Desserts
105727,Tatya's kitchen,"Powai,Mumbai",4.4,50,200,"North Indian,Biryani"
105728,HANGLA'S,"Powai,Mumbai",4.3,100,250,Bengali
105729,Smokin' Joe's,"Powai,Mumbai",3.2,50,450,"Pizzas,Italian"
105730,House of Bowls,"Powai,Mumbai",3.3,20,350,"North Indian,Continental"
105732,Aromas Cafe & Bistro - Powai,"Powai,Mumbai",4.3,100,1000,"Pizzas,Pastas"
105733,Hoddogs,"Powai,Mumbai",3.8,50,250,"American,Fast Food"
105735,Trupti Farsan,"Powai,Mumbai",4.3,500,200,"Snacks,Pizzas"
105737,China Chilli,"Powai,Mumbai",4.0,100,250,"Chinese,Pan-Asian"
105738,Trupti Farsan Chandivali,"Powai,Mumbai",4.2,100,200,"Snacks,Fast Food"
105739,ITC Fabelle Chocolates,"Powai,Mumbai",4.7,20,600,"Bakery,Desserts"
105741,Southern Breakfast,"Powai,Mumbai",3.8,20,140,"Snacks,Healthy Food"
105745,Travancore Cafe,"Powai,Mumbai",3.6,100,400,Snacks
105747,Apna Food Court,"Powai,Mumbai",5.0,20,450,"Chinese,Continental"
105748,Geeta Fast Food,"Powai,Mumbai",3.7,500,100,"Indian,North Indian"
105750,Chakh Le Lucknow,"Powai,Mumbai",3.8,20,500,"North Indian,Lucknowi"
105751,Shiv Sagar,"Powai,Mumbai",2.9,100,650,"North Indian,South Indian"
105755,The Spot,"Powai,Mumbai",2.9,50,250,"American,Beverages"
105757,The Finch,"Powai,Mumbai",4.1,20,700,"Continental,Oriental"
105761,Sai Lazeez,"Powai,Mumbai",3.9,100,250,"Chinese,Biryani"
105762,EatFit,"Powai,Mumbai",3.5,100,250,"North Indian,Punjabi"
105765,Cafe Coffee Day,"Powai,Mumbai",3.7,100,300,"Beverages,Snacks"
105766,PUNJABI BAGH - FUSIONTADKA,"Powai,Mumbai",3.8,20,400,"North Indian,Pizzas"
105768,Hot Plate- EXPRESS KITCHEN,"Powai,Mumbai",4.1,20,300,"North Indian,Biryani"
105769,Paradise Dum Biryani,"Powai,Mumbai",2.7,20,400,"Biryani,Thalis"
105771,Chimichurri - All Day Asian Diner,"Powai,Mumbai",4.3,100,1300,"Asian,Japanese"
105775,Sadak Chaap,"Powai,Mumbai",4.4,100,300,"North Indian,Snacks"
105776,NIC Natural Ice Creams,"Powai,Mumbai",4.5,500,120,"Ice Cream,Desserts"
105778,SLYCE,"Powai,Mumbai",4.4,100,600,"Italian,Pizzas"
105780,BOX8 - Desi Meals,"Powai,Mumbai",4.1,100,250,"North Indian,Biryani"
105783,Idlis and more,"Powai,Mumbai",2.8,20,140,"Snacks,South Indian"
105785,Sweet Truth - Cake and Desserts,"Powai,Mumbai",4.3,20,450,"Bakery,Desserts"
105788,FreshMenu,"Powai,Mumbai",4.1,1000,250,"Chinese,Continental"
105793,Halwai Ki Dukan,"Powai,Mumbai",4.2,100,300,"North Indian,Rajasthani"
105802,Zaffran,"Powai,Mumbai",4.4,100,700,"Kebabs,North Indian"
105803,Cafe Shalimar,"Powai,Mumbai",3.2,20,500,"North Indian,Biryani"
105804,Great Indian Khichdi by EatFit,"Powai,Mumbai",4.3,100,200,"Home Food,Indian"
105805,Chettinad Tiffun,"Powai,Mumbai",4.0,100,400,"South Indian,Chettinad"
105806,Shokoufeh,"Powai,Mumbai",4.6,20,320,Chinese
105807,Sunny Restaurant And Bar,"Powai,Mumbai",4.1,20,300,"Indian,Chinese"
105808,NOTO - Healthy Ice Cream,"Powai,Mumbai",4.3,100,300,"Ice Cream,Healthy Food"
105810,Malvani Touch,"Powai,Mumbai",3.9,100,500,"Seafood,Malwani"
105811,Bikkgane Biryani,"Powai,Mumbai",4.1,1000,400,"Biryani,Hyderabadi"
105814,Haagen-Dazs,"Powai,Mumbai",4.6,50,800,Ice Cream
105817,The Baker's Dozen,"Powai,Mumbai",4.3,100,300,"Bakery,Desserts"
105818,Bombay Schezwan,"Powai,Mumbai",4.1,20,250,Chinese
105823,Udupi Tiffins,"Powai,Mumbai",4.4,20,400,South Indian
105824,China Valley,"Powai,Mumbai",4.4,100,1100,"Chinese,Oriental"
105829,Big Bowl Company,"Powai,Mumbai",3.8,100,300,"North Indian,Chinese"
105832,Peetuk,"Powai,Mumbai",3.8,500,300,"Biryani,Bengali"
105835,Asia Kitchen By Mainland China,"Powai,Mumbai",4.1,50,850,"Asian,Chinese"
105836,Kabab Ghar,"Powai,Mumbai",4.3,20,400,Indian
105838,Patiala Shahi,"Powai,Mumbai",4.3,20,350,"Desserts,Punjabi"
105839,Finch Brew Cafe,"Powai,Mumbai",3.9,50,700,"Continental,Pastas"
105843,Flax - Healthy Living,"Powai,Mumbai",4.4,500,800,"Healthy Food,Keto"
105844,99@Biryani,"Powai,Mumbai",2.3,20,200,Biryani
105845,Bunbuoy burgers,"Powai,Mumbai",4.4,20,500,"Snacks,Biryani"
105848,Hotel Classic,"Powai,Mumbai",3.6,20,400,"Indian,Chinese"
105851,Biryani House,"Powai,Mumbai",2.5,20,500,"Biryani,Beverages"
105852,Unmarried Kitchen - Value Meals and Combos,"Powai,Mumbai",2.8,20,300,"North Indian,Punjabi"
105854,K3 Snacks & Sweets,"Powai,Mumbai",4.1,1000,400,"Street Food,Chinese"
105856,The Northern Vibe (TNV Momos),"Powai,Mumbai",3.9,50,400,"North Indian,Indian"
105858,Tender Fresh,"Powai,Mumbai",4.5,20,150,Ice Cream
105860,The Greedy Man Pizzeria,"Powai,Mumbai",4.1,50,500,Pizzas
105863,Rasobongo Powai ( Authentic Bengali Sweets ),"Powai,Mumbai",4.0,100,150,"Bengali,Sweets"
105865,Sesami,"Powai,Mumbai",4.4,50,1200,"Asian,Chinese"
105870,Amore Gelato,"Powai,Mumbai",3.8,20,200,"Ice Cream,Desserts"
105871,KAKE DA HOTEL,"Powai,Mumbai",3.8,50,600,Indian
105874,The Calcutta Club,"Powai,Mumbai",4.0,100,500,"Bengali,Indian"
105875,Kofuku,"Powai,Mumbai",4.5,50,2200,Japanese
105876,Street Food Karvaan,"Powai,Mumbai",5.0,20,300,"Street Food,Fast Food"
105879,Chopssticks,"Powai,Mumbai",3.8,20,600,"Indian,Chinese"
105883,Juicy Stuff,"Powai,Mumbai",4.4,100,650,"Indian,Chinese"
105884,Pomona Cafe,"Powai,Mumbai",3.8,50,500,"Italian-American,European"
105887,Schezwan King,"Powai,Mumbai",3.7,20,400,"Chinese,North Indian"
105888,Rolls Mania,"Powai,Mumbai",4.1,100,200,Fast Food
105889,Le Hadippa,"Powai,Mumbai",4.0,50,400,"Mughlai,Tandoor"
105890,KFC,"Powai,Mumbai",4.0,500,400,"American,Snacks"
105892,The Momo Co.,"Powai,Mumbai",4.0,100,250,"Chinese,Tibetan"
105895,Tibb's Frankie,"Powai,Mumbai",4.3,100,200,"Fast Food,Snacks"
105896,Origami Japanese & Korean Restaurant,"Powai,Mumbai",4.6,50,2000,"Japanese,Korean"
105901,Good Flippin' Burgers,"Powai,Mumbai",4.5,100,600,"Burgers,Fast Food"
105903,Banjara Restaurant,"Powai,Mumbai",4.0,100,400,"Punjabi,Tandoor"
105904,BOSS Burger,"Powai,Mumbai",4.4,100,500,"American,Continental"
105905,NH1 Bowls - Highway To North,"Powai,Mumbai",4.5,20,250,"North Indian,Punjabi"
105906,The J,"Powai,Mumbai",4.3,100,320,Fast Food
105907,BRUFFLES-waffle from brussels,"Powai,Mumbai",4.6,50,200,Bakery
105911,Biryani By Kilo,"Powai,Mumbai",4.1,500,700,"Biryani,Mughlai"
105912,Fuel Up,"Powai,Mumbai",4.3,500,250,"Healthy Food,Salads"
105916,Sigdi Grills,"Powai,Mumbai",4.4,50,400,"North Indian,Biryani"
105917,Mad Over Donuts,"Powai,Mumbai",4.3,100,200,"Desserts,Sweets"
105918,The Brooklyn Creamery - Healthy Ice Cream,"Powai,Mumbai",4.6,50,200,"Desserts,Ice Cream"
105919,Sandwich Coffee House,"Powai,Mumbai",3.8,20,350,"American,Beverages"
105924,Rice N Spice,"Powai,Mumbai",3.3,20,600,"Chinese,Indian"
105926,Daffodil,"Powai,Mumbai",4.4,50,300,"Tandoor,Chinese"
105928,Le15 Patisserie Powai,"Powai,Mumbai",4.6,20,500,"Desserts,Bakery"
105930,Mohan's Kitchen,"Powai,Mumbai",4.3,20,400,"North Indian,Chinese"
105933,Flavor Matrix,"Powai,Mumbai",4.8,20,400,"Indian,Kebabs"
105938,Aamchi mumbai snacks,"Powai,Mumbai",3.9,100,200,Snacks
105939,Yo Konkan,"Powai,Mumbai",4.2,50,350,"Malwani,North Indian"
105942,Oven Story Pizza,"Powai,Mumbai",3.9,100,400,"Pizzas,Italian"
105944,Oye Kiddan,"Powai,Mumbai",3.6,1000,300,Indian
105947,99 China Valley,"Powai,Mumbai",4.3,20,400,"Chinese,Beverages"
105948,Sandwizzaa,"Powai,Mumbai",4.6,100,250,Fast Food
105949,Wow! Momo,"Powai,Mumbai",4.2,100,300,"Tibetan,Healthy Food"
105950,Umami,"Powai,Mumbai",4.1,20,600,Chinese
105952,The Bengal Club,"Powai,Mumbai",3.4,100,300,"Bengali,Biryani"
105956,The Burrito Company,"Powai,Mumbai",3.5,20,600,"Mexican,Snacks"
105959,The Quick Bites,"Powai,Mumbai",4.8,20,200,"Fast Food,Italian"
105961,Blue Tokai Coffee Roasters,"Powai,Mumbai",4.4,100,500,Beverages
105962,kings shawarma,"Powai,Mumbai",1.9,20,200,Lebanese
105963,Medha Malvan,"Powai,Mumbai",3.4,20,500,"Malwani,Maharashtrian"
105967,Faasos - Wraps & Rolls,"Powai,Mumbai",4.2,100,200,"Fast Food,Snacks"
105968,O Cakes,"Powai,Mumbai",3.8,20,300,"Desserts,Bakery"
105969,Hotel Malvan Katta,"Powai,Mumbai",3.8,100,400,"North Indian,Chinese"
105973,IDlish -Idli Dosa Relish,"Powai,Mumbai",4.1,500,300,"South Indian,Chettinad"
105975,Shawarma Spot,"Powai,Mumbai",4.3,100,200,"Beverages,Lebanese"
105977,DUPAR BAANGLAA,"Powai,Mumbai",4.7,20,300,"Chinese,Bengali"
105980,Laxmi Next,"Powai,Mumbai",4.2,500,250,"Chaat,Chinese"
105982,Sweet N Savoury Shack,"Powai,Mumbai",3.9,20,500,"Mexican,Salads"
105987,Pizza Hut,"Powai,Mumbai",3.7,500,300,Pizzas
105989,The Biryani Life,"Powai,Mumbai",4.4,20,250,"Biryani,Hyderabadi"
105991,Great Indian Meals,"Powai,Mumbai",3.7,50,300,"Mangalorean,North Indian"
105992,MISHTI AFFAIR POWAI,"Powai,Mumbai",4.0,100,100,"Sweets,Snacks"
105993,Hoppipola,"Powai,Mumbai",4.2,20,500,"Fast Food,Combo"
105996,Decent Darbar,"Powai,Mumbai",3.6,100,250,"Biryani,Indian"
105997,Grameen Kulfi,"Powai,Mumbai",4.6,50,120,"Ice Cream,Desserts"
105999,99 Royal China,"Powai,Mumbai",4.6,20,500,"Chinese,North Indian"
106002,Dhekurr,"Powai,Mumbai",3.5,20,300,"Bengali,Mughlai"
106003,Sweet Bengal,"Powai,Mumbai",4.4,100,150,"Sweets,Indian"
106007,Central NX,"Powai,Mumbai",3.9,20,600,"Indian,Chinese"
106008,The Healthy Farm Juice Center,"Powai,Mumbai",4.2,100,180,"Juices,Salads"
106010,69 DACKERS LANE,"Powai,Mumbai",3.7,50,250,"Bengali,Biryani"
106012,New York Waffles & Dinges,"Powai,Mumbai",2.7,20,250,"Waffle,Beverages"
106013,Bowls n More,"Powai,Mumbai",4.6,20,300,"Healthy Food,Keto"
106019,Kerala Junction,"Powai,Mumbai",3.8,100,600,"Kerala,South Indian"
106020,Saptami - Holiday Inn,"Powai,Mumbai",4.4,50,550,"Continental,Indian"
106021,Nawabi Kebabi,"Powai,Mumbai",4.7,20,600,"Mughlai,North Indian"
106022,Hungry Head,"Powai,Mumbai",4.1,100,400,"Chinese,Italian"
106026,Rice Diaries,"Powai,Mumbai",3.6,20,300,"Mughlai,Chinese"
106029,1441 Pizzeria,"Powai,Mumbai",3.4,100,500,"Pizzas,Italian"
106031,Aamra Bangali By Ranjana's Rannaghor,"Powai,Mumbai",3.5,20,300,"Bengali,Mughlai"
106032,Tunga Darbar,"Powai,Mumbai",2.8,20,300,"North Indian,Chinese"
106033,Senoritas Mexican kitchen by Little Italy,"Powai,Mumbai",3.7,20,500,"Mexican,Salads"
106034,Oriental Majik,"Powai,Mumbai",4.4,20,250,"Chinese,Combo"
106035,Piazza pizza by Little Italy,"Powai,Mumbai",3.9,50,350,"Pizzas,Salads"
106036,Pink Panther,"Powai,Mumbai",4.1,20,350,"Asian,Burmese"
106039,Breakfast Bistro,"Powai,Mumbai",4.3,50,500,"American,European"
106041,Little Italy,"Powai,Mumbai",3.6,50,850,"Pizzas,Salads"
106042,Bhojanam,"Powai,Mumbai",3.5,100,199,"Combo,Thalis"
106044,Pishu's,"Powai,Mumbai",3.8,100,550,"Beverages,Healthy Food"
106045,Home Plate by EatFit,"Powai,Mumbai",3.8,100,160,"North Indian,Home Food"
106053,Rollz Karvaan,"Powai,Mumbai",5.0,20,300,"Snacks,Fast Food"
106054,UTTAR DA PUTTAR,"Powai,Mumbai",3.9,20,500,"Biryani,North Indian"
106057,Green Cravings,"Powai,Mumbai",4.1,100,250,"Healthy Food,Continental"
106064,Behrouz Biryani,"Powai,Mumbai",4.2,100,500,"Biryani,Mughlai"
106065,Greenz,"Powai,Mumbai",3.7,100,500,"Italian,Salads"
106072,Episode One,"Powai,Mumbai",4.7,20,450,"Pizzas,American"
106073,Sbarro - New York Pizza,"Powai,Mumbai",3.9,100,500,"Italian,Pizzas"
106075,Miami Shakes & More,"Powai,Mumbai",2.5,20,200,"Desserts,Beverages"
106082,East Pan Asian,"Powai,Mumbai",4.3,20,500,"Pan-Asian,Chinese"
106083,CHAI SUTTA BAR,"Powai,Mumbai",3.9,100,150,"Continental,Beverages"
106085,Good Fettle - Healthy Ice Creams,"Powai,Mumbai",3.9,20,300,"Desserts,Healthy Food"
106086,Biryani Badshah,"Powai,Mumbai",4.1,500,350,"Biryani,Hyderabadi"
106088,Hotel Laxmi Pure Veg,"Powai,Mumbai",3.5,50,450,"Chinese,North Indian"
106089,Punjabi Tadka by Crystal 'Chowpatty Fame',"Powai,Mumbai",4.0,1000,250,"North Indian,Tandoor"
106090,Wraps and Rolls,"Powai,Mumbai",4.4,50,250,"Fast Food,Healthy Food"
106091,Royal Punjab,"Powai,Mumbai",4.1,50,400,"North Indian,Chinese"
106092,Love & Cheesecake,"Powai,Mumbai",4.4,100,900,"Bakery,Desserts"
106093,BAITHACK (TASTE OF KULHAD),"Powai,Mumbai",4.3,20,350,"Snacks,Beverages"
106096,Bread Butter Beyond,"Powai,Mumbai",4.3,20,400,Indian
106097,Kurries & krolls,"Powai,Mumbai",5.0,20,250,"North Indian,Indian"
106098,Meraki,"Powai,Mumbai",4.4,50,500,Chinese
106102,Matisse Cake Design Studio,"Powai,Mumbai",4.2,50,300,"Desserts,Bakery"
106103,BurgerBook,"Powai,Mumbai",4.3,20,650,American
106107,LunchBox - Meals and Thalis,"Powai,Mumbai",4.0,100,200,"North Indian,Punjabi"
106108,Chili's American Grill & Bar,"Powai,Mumbai",4.3,100,900,"American,Salads"
106110,Great Punjab,"Powai,Mumbai",4.3,100,600,"North Indian,Chinese"
106112,Sigree Global Grill,"Powai,Mumbai",4.4,20,700,"North Indian,Mughlai"
106113,Monginis,"Powai,Mumbai",4.3,20,300,"Bakery,Desserts"
106114,Powai Darbar,"Powai,Mumbai",3.8,1000,300,"Indian,Chinese"
106118,La Meilleur Patisserie,"Powai,Mumbai",5.0,20,500,"Desserts,Bakery"
106122,Thambbi,"Powai,Mumbai",4.2,100,400,"South Indian,Punjabi"
106124,The Dessert Heaven - Pure Veg,"Powai,Mumbai",4.0,50,200,"Desserts,Bakery"
106126,Hurrem's Turkish Baklava & Confectionery,"Powai,Mumbai",4.3,20,1600,"Bakery,Turkish"
106127,Shanghai Kitchen,"Powai,Mumbai",3.7,20,300,"Chinese,Asian"
106129,Kolkata Rolls,"Powai,Mumbai",4.0,100,200,"Bengali,Biryani"
106131,The Art Of Pizza,"Powai,Mumbai",3.2,20,600,"Pizzas,Mediterranean"
106133,CakeZone,"Powai,Mumbai",4.3,100,200,"Desserts,Bakery"
106134,Bong-O-Rosh,"Powai,Mumbai",4.4,20,200,"Bengali,Desserts"
106136,24 Pizza Factory,"Powai,Mumbai",4.3,20,400,Pizzas
106139,Baskin Robbins,"Powai,Mumbai",4.6,100,250,"Desserts,Ice Cream"
106140,Chef Kitchen,"Powai,Mumbai",4.4,50,400,"Indian,Biryani"
106141,Huber & Holly,"Powai,Mumbai",4.3,20,200,"Desserts,Ice Cream"
106143,Maiz Mexican Kitchen,"Powai,Mumbai",4.2,100,700,Mexican
106145,Boston Breadz,"Powai,Mumbai",4.1,100,400,"American,Snacks"
106149,Goa Portuguesa,"Powai,Mumbai",4.4,20,1000,"Coastal,Goan"
106155,Ribbons and Balloons - The Cake Shop (Chandivali),"Powai,Mumbai",4.5,50,500,"Bakery,Desserts"
106156,PizzaExpress,"Powai,Mumbai",3.8,500,300,"Pizzas,Italian"
106159,Malini's Health Kitchen,"Powai,Mumbai",4.3,100,250,"South Indian,Healthy Food"
106163,Mangalore Tadka,"Powai,Mumbai",4.1,500,500,"Chinese,Seafood"
106167,"SOY N SCHEZWAN ( Chinese ,Combos & more )","Powai,Mumbai",3.9,100,300,"Chinese,Pan-Asian"
106170,Elementaria Bakery & Cafe,"Powai,Mumbai",4.3,50,800,"Bakery,Desserts"
106171,Curry Culture,"Powai,Mumbai",4.3,100,350,"Biryani,North Indian"
106172,DHE POTHICHORU,"Powai,Mumbai",3.3,50,300,Kerala
106175,Go Biryan,"Powai,Mumbai",3.7,100,400,"Biryani,North Indian"
106181,Joshh,"Powai,Mumbai",4.3,100,200,"Indian,North Indian"
106182,Puran poli kitchen,"Powai,Mumbai",4.0,20,150,"Indian,Chinese"
106183,Dum & Curry,"Powai,Mumbai",4.2,100,700,"Chinese,Indian"
106184,Jumboking Indian Burger,"Powai,Mumbai",3.9,50,200,"American,Mexican"
106185,PRATIK RESTAURANT,"Powai,Mumbai",3.8,50,250,"Indian,Chinese"
106186,B For Biryani,"Powai,Mumbai",3.9,50,250,"Biryani,North Indian"
106189,King of Paratha,"Powai,Mumbai",4.6,50,200,Indian
106197,Authentic Kerala - Taste Of Malabar,"Powai,Mumbai",3.8,20,400,South Indian
106200,R Bhagat Tarrachand,"Powai,Mumbai",4.1,1000,300,"North Indian,Mughlai"
106202,Big Burger Buns,"Powai,Mumbai",4.5,20,500,"American,Beverages"
106205,Swamy - South Indian Food Express,"Powai,Mumbai",3.3,50,150,"South Indian,Healthy Food"
106207,Sams bohri zaika - 100% Homemade,"Powai,Mumbai",4.2,50,250,"Snacks,Haleem"
106212,Peco Peco,"Powai,Mumbai",4.2,100,300,"Chinese,Asian"
106213,Ranjana's Rannaghor - The Bengali Kitchen,"Powai,Mumbai",3.9,100,300,"Bengali,North Indian"
106215,Starbucks Coffee,"Powai,Mumbai",4.4,500,400,"Beverages,Ice Cream"
106216,Mezaya,"Powai,Mumbai",4.6,50,500,"Desserts,Middle Eastern"
106222,CAFE HEAVEN,"Powai,Mumbai",3.1,50,300,"Indian,Chinese"
106224,Ghee and Turmeric,"Powai,Mumbai",4.0,50,500,"North Indian,Tandoor"
106229,Jaspal Di Bhatti,"Powai,Mumbai",4.7,20,400,"North Indian,Indian"
106230,Domino's Pizza,"Powai,Mumbai",4.1,100,400,Pizzas
106232,Madeira & Mime,"Powai,Mumbai",4.3,50,1000,"Continental,North Indian"
106233,The Appetite Momos,"Powai,Mumbai",4.2,100,200,"Tibetan,Snacks"
106234,Rainbow Juice Centre,"Powai,Mumbai",4.4,100,250,"Juices,Beverages"
106236,Little Punjab,"Powai,Mumbai",4.1,100,250,"North Indian,Biryani"
106240,Al-Baik.com,"Powai,Mumbai",3.8,20,300,"Beverages,Snacks"
106242,Papacream,"Powai,Mumbai",4.2,20,350,"Ice Cream,Desserts"
106248,Moussestruck,"Powai,Mumbai",4.9,20,150,"Ice Cream,Desserts"
106249,Nothing But Chicken,"Powai,Mumbai",4.5,100,400,"Salads,Fast Food"
106254,Pa Pa Ya,"Powai,Mumbai",4.4,100,800,"Japanese,Pan-Asian"
106256,Louis Burger,"Powai,Mumbai",4.3,100,600,American
106257,Canteen Central by Eatfit,"Powai,Mumbai",3.9,100,300,"Pizzas,American"
106262,Birdy's Cake Shop,"Powai,Mumbai",4.1,50,250,Bakery
106264,JJ. Waffle,"Powai,Mumbai",3.9,20,250,"Desserts,Bakery"
106265,Itminaan Biryani - Dum Pukht,"Powai,Mumbai",3.2,20,400,"Biryani,North Indian"
106266,L' Paan,"Powai,Mumbai",4.8,50,100,"Desserts,Paan"
106268,Natural Ice Cream,"Powai,Mumbai",4.7,500,150,Desserts
106273,Fit Food Company,"Powai,Mumbai",4.5,500,400,"Beverages,Continental"
106274,Theobroma,"Powai,Mumbai",4.5,500,800,"Desserts,Bakery"
106279,Apsara Ice Creams,"Powai,Mumbai",4.5,100,150,"Ice Cream,Desserts"
106280,Prithvi Cafe,"Powai,Mumbai",4.2,100,400,"North Indian,Italian"
106282,Maheshwari dosa,"Powai,Mumbai",4.0,100,250,South Indian
106295,London Bubble Co,"Powai,Mumbai",3.2,20,300,Desserts
106298,Cake Walk 72,"Powai,Mumbai",4.2,20,300,Desserts
106300,"DIMSUM WU (Chinese, Momo, Shushi & more)","Powai,Mumbai",4.5,20,400,"Chinese,Sushi"
106301,Charcoal Eats - Biryani & Beyond,"Powai,Mumbai",4.2,100,499,"Biryani,North Indian"
106302,SWEET COUNTY,"Powai,Mumbai",5.0,20,500,Bakery
106304,KERALA Pothichoru,"Powai,Mumbai",3.6,100,400,"South Indian,Indian"
106305,Curry Crust Pizzeria,"Powai,Mumbai",4.8,20,500,"Italian,Pizzas"
106312,Via Calcutta,"Powai,Mumbai",4.1,50,400,Chaat
106313,Utsav Cuisine,"Powai,Mumbai",4.4,100,500,Indian
106314,Bayleaf - By Good Food Co,"Powai,Mumbai",3.9,20,250,"Indian,North Indian"
106316,Kian Biryani,"Powai,Mumbai",4.6,20,475,Biryani
106317,One Square Meal,"Powai,Mumbai",4.0,20,500,"North Indian,Chinese"
106318,Komakai,"Powai,Mumbai",3.3,20,1000,"Asian,Japanese"
106319,Fisherman's Cove - Taste on Palate,"Powai,Mumbai",3.8,100,800,"Seafood,North Indian"
106320,Jamai Shoshthi,"Powai,Mumbai",4.1,100,500,"Bengali,Biryani"
106329,A1 Foods,"Powai,Mumbai",3.9,20,200,"North Indian,Tandoor"
106331,99 China Garden,"Powai,Mumbai",4.6,20,500,"Indian,Chinese"
106333,Kosho,"Powai,Mumbai",4.0,100,300,"Mughlai,North Indian"
106337,99 Pancakes,"Powai,Mumbai",4.1,50,300,French
106338,Tandoori Cha Cha!,"Powai,Mumbai",3.0,20,200,"Kebabs,Tandoor"
106339,Ashirwad Dosa,"Powai,Mumbai",4.0,50,200,South Indian
106340,Cuantos Kebabs & Rolls,"Powai,Mumbai",3.8,20,350,"North Indian,Kebabs"
106341,Zesty Kitchen,"Powai,Mumbai",3.9,50,500,"Indian,Seafood"
106343,Roll Bites,"Powai,Mumbai",4.0,50,200,Beverages
106344,Cafe Relish,"Powai,Mumbai",4.3,20,350,"Continental,Italian"
106349,Keventers - Milkshakes and Desserts,"Powai,Mumbai",4.0,100,300,"Beverages,Ice Cream"
106351,Samosa Vadilal,"Powai,Mumbai",4.3,50,200,Desserts
106352,Chai Point,"Powai,Mumbai",4.4,100,150,"Bakery,Beverages"
106354,Asian Wok,"Powai,Mumbai",4.0,100,450,"Chinese,Pan-Asian"
106356,temptationz cakes & more,"Powai,Mumbai",3.4,100,500,"Desserts,Bakery"
106359,B Burger,"Powai,Mumbai",4.3,100,500,"American,Snacks"
106360,Sitaram Restaurant,"Powai,Mumbai",4.3,100,450,"Indian,Chinese"
106361,Juice Bar,"Powai,Mumbai",4.3,20,400,"Juices,Fast Food"
106367,Diet Experts,"Powai,Mumbai",4.3,20,400,"Salads,Healthy Food"
106368,Gourmet Couch By ITC Maratha,"Powai,Mumbai",4.4,20,3000,"Japanese,Mughlai"
106370,Swap Habits - Where Health Comes Tasty,"Powai,Mumbai",4.2,100,300,"Beverages,Healthy Food"
106371,Paratha Box by EatFit,"Powai,Mumbai",3.9,50,250,"North Indian,Punjabi"
106372,Hakka Express,"Powai,Mumbai",4.1,100,300,"Chinese,Asian"
106373,Paratha World ( Pure Veg ),"Powai,Mumbai",4.1,500,150,"North Indian,Snacks"
106375,Kareem's,"Powai,Mumbai",4.0,100,300,"Mughlai,Indian"
106377,MTK - Mumbai Travancore Kitchen,"Powai,Mumbai",3.9,500,500,"Kerala,South Indian"
106378,Chaayos Chai+Snacks=Relax,"Powai,Mumbai",4.3,500,250,"Bakery,Beverages"
106380,Beeji Ki Rasoi,"Powai,Mumbai",5.0,20,400,"North Indian,Indian"
106383,Tru Falafel,"Powai,Mumbai",4.2,100,600,"Lebanese,Middle Eastern"
106385,Poetry By Love & Cheesecake,"Powai,Mumbai",4.4,500,800,"Bakery,Desserts"
106386,Whatta Waffle!,"Powai,Mumbai",4.3,20,200,"Desserts,Beverages"
106390,Soy and Chilli,"Powai,Mumbai",3.8,50,550,"Chinese,Asian"
106394,Momo Cafe - Courtyard by Marriott,"Powai,Mumbai",4.8,20,900,"North Indian,Continental"
106397,"Frozen Bottle - Milkshakes, Desserts And Ice Cream","Powai,Mumbai",4.0,50,300,"Beverages,Desserts"
106398,Ciro's Pizzeria,"Powai,Mumbai",4.0,20,600,"Pizzas,Italian"
106403,Shaolin (Since 2001),"Powai,Mumbai",4.1,100,500,"Indian,Chinese"
106408,Mirchi And Mime,"Powai,Mumbai",4.5,20,1600,"Grill,Indian"
106421,Twin Pizza's,"Powai,Mumbai",4.7,20,350,"Pizzas,Fast Food"
107409,Red Chilli Restaurant,"Vashi,Mumbai",3.9,100,400,"North Indian,Mughlai"
107410,Pocket Friendly Cafe (PFC),"Vashi,Mumbai",3.3,20,800,"North Indian,Kebabs"
107412,The Wok Tales,"Vashi,Mumbai",4.2,20,250,"Combo,Thalis"
107417,Anurag Hotel,"Vashi,Mumbai",3.6,100,350,"Indian,Chinese"
107419,Chaatwich,"Vashi,Mumbai",4.2,100,200,"Healthy Food,Beverages"
107424,Sparshleela,"Vashi,Mumbai",3.7,20,400,"Indian,Chinese"
107432,Hotel Suprima Malwani,"Vashi,Mumbai",3.8,50,450,North Indian
107433,Bangalore Iyengar Bakery,"Vashi,Mumbai",4.8,20,300,Bakery
107435,Rajdhani,"Vashi,Mumbai",3.9,500,400,"Rajasthani,Thalis"
107438,Pizza Hut,"Vashi,Mumbai",3.8,100,350,Pizzas
107445,Chetak Sweet Point Vashi,"Vashi,Mumbai",4.4,100,100,"Sweets,Snacks"
107447,McDonald's,"Vashi,Mumbai",4.4,1000,400,"Burgers,Beverages"
107448,Mealful Rolls - Meals in a Roll,"Vashi,Mumbai",4.6,20,250,"Fast Food,North Indian"
107450,Ramdev Pure Veg Restaurant,"Vashi,Mumbai",4.4,100,300,Indian
107457,Dadi Ka Khazana,"Vashi,Mumbai",4.0,1000,250,"North Indian,Rajasthani"
107458,HUNGRY STOMACH,"Vashi,Mumbai",4.1,20,300,"Chinese,Fast Food"
107460,Chetak Sweet Point Ghansoli,"Vashi,Mumbai",4.3,100,100,"Sweets,Snacks"
107462,Golden Punjab,"Vashi,Mumbai",4.2,100,1200,"North Indian,Chinese"
107471,Chinese Wok (Wok Express),"Vashi,Mumbai",3.6,100,250,"Chinese,Asian"
107474,The Legendary Milkshakes Bar,"Vashi,Mumbai",3.9,20,250,"Ice Cream,Beverages"
107476,Home Plate by EatFit,"Vashi,Mumbai",3.7,100,160,"North Indian,Home Food"
107477,VRATAM - Swadishta Farali Aahar,"Vashi,Mumbai",4.3,20,150,Indian
107479,Vadilal Ice Cream,"Vashi,Mumbai",4.0,100,200,"Ice Cream,Desserts"
107480,Amul Ice Cream Parlour,"Vashi,Mumbai",4.1,50,200,"Ice Cream,Beverages"
107484,Cafe Coffee Day,"Vashi,Mumbai",3.8,50,300,"Beverages,Snacks"
107486,1441 Pizzeria,"Vashi,Mumbai",3.2,20,500,"Pizzas,Beverages"
107487,Health Juice & Fast Food,"Vashi,Mumbai",4.3,500,300,Juices
107488,Mansoor Bhai's Lucky,"Vashi,Mumbai",3.9,500,500,"Biryani,Chinese"
107489,Nellai Bhavan,"Vashi,Mumbai",3.9,100,500,South Indian
107493,The Food Studio - Kitchen & Bar,"Vashi,Mumbai",4.1,100,600,"North Indian,Continental"
107498,KFC,"Vashi,Mumbai",3.8,100,400,"American,Snacks"
107500,The Food Foundry,"Vashi,Mumbai",4.1,100,1200,"Asian,Continental"
107501,The Union Bar & Eating House,"Vashi,Mumbai",4.6,100,1200,"American,Asian"
107503,Sri Krishna Sweets,"Vashi,Mumbai",4.5,20,200,Sweets
107504,Laxmi Pure Veg,"Vashi,Mumbai",4.1,500,450,"South Indian,Indian"
107507,The Good Bowl,"Vashi,Mumbai",4.3,50,400,"North Indian,Punjabi"
107516,Domino's Pizza,"Vashi,Mumbai",4.1,500,400,Pizzas
107519,Paris Waffle Co.,"Vashi,Mumbai",4.3,20,200,"Bakery,Desserts"
107523,CHINA SPICE(THE FOOD HOUSE),"Vashi,Mumbai",4.1,20,400,Chinese
107529,Behrouz Biryani,"Vashi,Mumbai",4.2,100,500,"Biryani,Mughlai"
107530,Seven Star Chinese,"Vashi,Mumbai",4.3,50,250,Chinese
107532,NH1 Bowls - Highway To North,"Vashi,Mumbai",4.4,20,250,"North Indian,Punjabi"
107535,MINI CHOWPATTY,"Vashi,Mumbai",4.3,50,200,"Chinese,Chaat"
107536,A Bhagat Tarachand (Sanpada),"Vashi,Mumbai",4.2,1000,400,"North Indian,South Indian"
107538,Faasos - Wraps & Rolls,"Vashi,Mumbai",4.2,100,200,"Fast Food,Snacks"
107539,The mosho,"Vashi,Mumbai",3.2,20,300,"Chinese,Tandoor"
107540,Gupta sandwitch dfc,"Vashi,Mumbai",4.1,20,200,"North Indian,Chinese"
107544,Callery,"Vashi,Mumbai",4.4,500,400,"Healthy Food,Salads"
107547,Pop Tate's,"Vashi,Mumbai",4.2,50,1500,"Continental,Italian"
107548,Mahesh Lunch Home,"Vashi,Mumbai",4.3,100,1000,"Seafood,Indian"
107549,The Biryani Life,"Vashi,Mumbai",3.7,20,250,"Biryani,Hyderabadi"
107550,Baskin Robbins,"Vashi,Mumbai",4.4,50,350,"Ice Cream,Desserts"
107555,Oven Story Pizza,"Vashi,Mumbai",3.6,100,400,Pizzas
107558,Sweet Truth - Cake and Desserts,"Vashi,Mumbai",4.2,20,450,"Ice Cream,Bakery"
107559,NIC Natural Ice Creams,"Vashi,Mumbai",4.6,500,120,"Ice Cream,Desserts"
107561,LunchBox - Meals and Thalis,"Vashi,Mumbai",4.0,100,200,"North Indian,Punjabi"
107564,Blisss,"Vashi,Mumbai",4.4,50,250,"Desserts,Fast Food"
107565,The Brooklyn Creamery - Healthy Ice Cream,"Vashi,Mumbai",4.7,20,200,"Desserts,Ice Cream"
107571,Yummerica Fries,"Vashi,Mumbai",3.6,50,250,Beverages
107574,The Netrik's Joint,"Vashi,Mumbai",3.5,20,300,"Lebanese,American"
107575,The Ice Cream Bakery - TiB,"Vashi,Mumbai",4.4,50,150,"Ice Cream,Bakery"
107576,HOTEL SAMRAT,"Vashi,Mumbai",3.1,20,300,"Indian,Thalis"
107577,Amrat sagar juice centre sec 9 vashi,"Vashi,Mumbai",3.7,50,350,"Indian,Beverages"
107578,Shrinath Ice Cream,"Vashi,Mumbai",4.1,50,200,Indian
107579,Sheetala Fast food,"Vashi,Mumbai",4.6,100,350,Fast Food
107585,The chicken shawarma shop,"Vashi,Mumbai",4.3,20,200,Fast Food
107587,Biryani By Kilo,"Vashi,Mumbai",4.0,100,600,"Biryani,Hyderabadi"
107588,The Momo Co.,"Vashi,Mumbai",3.8,50,250,"Asian,Chinese"
107589,The Real Momo,"Vashi,Mumbai",3.9,20,200,Chinese
107595,Manmohan Mithaiwala,"Vashi,Mumbai",4.1,100,350,"Sweets,Desserts"
107597,Pullinji,"Vashi,Mumbai",4.1,100,400,South Indian
107601,Satguru,"Vashi,Mumbai",4.0,100,400,"Indian,North Indian"
107604,Party Abhi Baki he,"Vashi,Mumbai",2.9,20,350,North Indian
107606,Tibb's Frankie,"Vashi,Mumbai",4.1,100,200,"Chinese,South Indian"
107609,Ashwith Family Dining Bar,"Vashi,Mumbai",3.7,100,500,"Indian,Chinese"
107612,Kebabwala,"Vashi,Mumbai",3.6,50,250,"North Indian,Chinese"
107615,Apoorva,"Vashi,Mumbai",4.2,20,600,"Indian,Chinese"
107617,Zakaria Biryani Junction,"Vashi,Mumbai",3.3,20,140,Indian
107620,Its Mini,"Vashi,Mumbai",4.7,20,200,Bakery
107621,Ribbons and Balloons,"Vashi,Mumbai",4.5,50,200,Bakery
107624,Sweet Bengal,"Vashi,Mumbai",4.3,20,150,"Sweets,Indian"
107625,Saute Story - Inspired Healthy Eating,"Vashi,Mumbai",4.1,20,250,"Lebanese,Mediterranean"
107630,91 Rosewood Villa,"Vashi,Mumbai",4.1,100,1000,"Italian,Pizzas"
107631,SMOOR,"Vashi,Mumbai",4.0,20,350,"Desserts,Bakery"
107636,Sanjha Chulha,"Vashi,Mumbai",3.2,20,400,"North Indian,Mughlai"
107638,Friend Circle Chinese Corner,"Vashi,Mumbai",3.8,50,200,Chinese
107640,Barbeque Nation,"Vashi,Mumbai",4.0,100,600,"North Indian,Barbecue"
107645,EatFit,"Vashi,Mumbai",3.7,100,270,"Healthy Food,Pizzas"
107646,Burger King,"Vashi,Mumbai",4.3,500,350,American
107648,Samosa Singh,"Vashi,Mumbai",4.0,100,150,"North Indian,Snacks"
107652,Mamledar Misal,"Vashi,Mumbai",3.9,100,200,Fast Food
107653,Valli fast food center,"Vashi,Mumbai",4.1,50,30,"South Indian,Beverages"
107655,Sandwich Adda,"Vashi,Mumbai",4.2,20,350,"Italian,Pizzas"
107668,Sanjog,"Vashi,Mumbai",4.4,50,400,"Indian,Seafood"
107671,HULK SHAWARMA,"Vashi,Mumbai",3.5,20,150,"Lebanese,Snacks"
107675,Eggalanche - Rise Of The Eggs,"Vashi,Mumbai",4.5,100,250,"American,Desserts"
107677,Great Indian Khichdi by EatFit,"Vashi,Mumbai",4.1,500,200,"Home Food,Indian"
107681,FRIENDS CIRCLE,"Vashi,Mumbai",4.3,20,250,"Indian,Seafood"
107683,Cake Boutique,"Vashi,Mumbai",4.1,20,400,Desserts
107686,Food Box,"Vashi,Mumbai",3.5,20,350,"North Indian,Mughlai"
107687,The Naaz Kitchen,"Vashi,Mumbai",4.0,100,550,"Biryani,Mughlai"
107689,Young Chilli,"Vashi,Mumbai",3.9,50,300,"Chinese,North Indian"
107691,Chaayos Chai+Snacks=Relax,"Vashi,Mumbai",4.3,500,250,"Bakery,Beverages"
107694,Sadiva,"Vashi,Mumbai",3.5,20,400,"North Indian,Indian"
107695,BOX8 - Desi Meals,"Vashi,Mumbai",4.1,100,250,"North Indian,Biryani"
107696,Shree Chaines And Desi,"Vashi,Mumbai",3.9,50,150,"Chinese,Indian"
107698,SHREE CANTEEN,"Vashi,Mumbai",3.8,20,150,Chinese
107701,The Burger House,"Vashi,Mumbai",3.8,500,400,"Snacks,American"
107703,Dabba Garam (Homely Meals & More),"Vashi,Mumbai",4.4,500,150,"Home Food,North Indian"
107717,Hakka Nights,"Vashi,Mumbai",4.1,50,500,"Indian,Chinese"
107721,Malgudi,"Vashi,Mumbai",4.5,50,250,"South Indian,Andhra"
107722,BIkaner Sweets,"Vashi,Mumbai",4.1,50,99,"Sweets,Snacks"
107723,NINE NINE @99 - India Ka Khana,"Vashi,Mumbai",4.6,20,200,"Indian,North Indian"
107728,falafel with hummus R,"Vashi,Mumbai",1.5,20,250,"Lebanese,Beverages"
107737,HUNGRY  ANNA,"Vashi,Mumbai",4.4,100,200,South Indian
107741,Winner Pizzas (Fresh Dough),"Vashi,Mumbai",3.4,100,300,"Pizzas,Italian"
107742,Gokool Veg Restaurant,"Vashi,Mumbai",4.0,100,300,"Indian,Chinese"
107745,Meraki,"Vashi,Mumbai",4.1,1000,500,Chinese
107748,Mini Chinese corner,"Vashi,Mumbai",3.8,50,400,"Chinese,Indian"
107753,GIANI'S,"Vashi,Mumbai",3.9,20,300,Ice Cream
107755,New Maharashtra,"Vashi,Mumbai",4.1,100,500,"Chinese,Maharashtrian"
107757,Bake Ur Day,"Vashi,Mumbai",4.0,100,400,"Desserts,Fast Food"
107758,Chino's Kitchen & Bistro,"Vashi,Mumbai",3.9,50,459,"Chinese,Indian"
107760,Shalin,"Vashi,Mumbai",4.0,100,500,"Tandoor,Biryani"
107762,Delhi Belly,"Vashi,Mumbai",4.0,100,300,"Chinese,Fast Food"
107765,Food storiezzz,"Vashi,Mumbai",3.8,50,300,"North Indian,Chinese"
107774,Mumbai chingo chinese,"Vashi,Mumbai",3.1,20,150,Chinese
107781,RASABALI,"Vashi,Mumbai",4.2,50,280,"Indian,Thalis"
107786,Nawabi Rasoi,"Vashi,Mumbai",3.7,50,400,"Chinese,North Indian"
107788,The Mint Leaf Kitchen (Ghansoli),"Vashi,Mumbai",4.0,100,300,"Indian,Chinese"
107789,Itminaan Biryani - Dum Pukht,"Vashi,Mumbai",3.7,20,400,"Biryani,North Indian"
107791,Navratree Prasad Pure Veg,"Vashi,Mumbai",3.7,100,300,"Indian,Chinese"
107795,cheese pizza story,"Vashi,Mumbai",1.9,20,250,"Pizzas,Fast Food"
107800,Dosa Plaza Sanpada,"Vashi,Mumbai",4.4,500,300,"South Indian,Indian"
107801,Gupta Sandwiches & Snacks,"Vashi,Mumbai",4.2,500,200,"Fast Food,Biryani"
107802,Special Spicy Kitchen,"Vashi,Mumbai",3.5,20,450,"Maharashtrian,Seafood"
107805,R Sizzling Sandwich,"Vashi,Mumbai",4.3,20,300,"Snacks,Fast Food"
107806,Fresh bake fast food,"Vashi,Mumbai",4.1,100,250,North Indian
107807,Kshir Sagar,"Vashi,Mumbai",4.3,100,300,"South Indian,Indian"
107809,Natural Ice Cream,"Vashi,Mumbai",4.7,100,150,Desserts
107811,Brown Burger Co.,"Vashi,Mumbai",4.3,20,300,"Snacks,American"
107814,B Burger,"Vashi,Mumbai",4.2,100,500,"American,Snacks"
107816,Kwality Walls Frozen Dessert and Ice Cream Shop,"Vashi,Mumbai",4.4,20,300,Ice Cream
107818,Veg Sutra,"Vashi,Mumbai",4.1,100,500,"North Indian,Chinese"
107819,Best Belgian Waffle,"Vashi,Mumbai",4.3,100,300,"Desserts,Beverages"
107825,Frostalicious Cake,"Vashi,Mumbai",4.2,500,400,Bakery
107830,Manglorian Chinese Wok,"Vashi,Mumbai",3.5,20,400,"Chinese,Barbecue"
107839,Social Beans Cafe,"Vashi,Mumbai",4.0,20,300,Italian
107840,Bhakri(Sanpada),"Vashi,Mumbai",4.0,100,400,"Malwani,Chinese"
107841,Ching's Restaurant,"Vashi,Mumbai",4.3,50,300,"Indian,Chinese"
107842,Sai Annpurna Food Centre,"Vashi,Mumbai",3.2,100,200,"Chinese,Oriya"
107847,Starbucks Coffee,"Vashi,Mumbai",4.4,100,400,Beverages
107852,O Chinese Meals Box,"Vashi,Mumbai",1.9,20,250,Chinese
107855,Grameen Kulfi,"Vashi,Mumbai",4.8,100,120,"Ice Cream,Desserts"
107858,Food Pandora,"Vashi,Mumbai",4.3,20,500,"North Indian,Indian"
107863,The Salad Bar & Walnut Cafe,"Vashi,Mumbai",4.0,50,850,"Healthy Food,Continental"
107864,Cafe Te Aamo,"Vashi,Mumbai",3.1,20,300,"Fast Food,Pizzas"
107866,Pronto Pasta & Noodles,"Vashi,Mumbai",4.1,100,400,"Italian,Chinese"
107867,ATITHI - SUPREME HERITAGE,"Vashi,Mumbai",4.3,20,300,"North Indian,Continental"
107872,The Baker's Dozen,"Vashi,Mumbai",4.0,20,300,"Bakery,Desserts"
107874,Pizzeria Xpress - Pizza,"Vashi,Mumbai",3.6,20,350,"Pizzas,American"
107875,Mad Over Donuts,"Vashi,Mumbai",4.4,50,200,"Desserts,Sweets"
107876,Podi Pacchadi,"Vashi,Mumbai",4.2,100,300,"South Indian,Snacks"
107886,the waffle jar,"Vashi,Mumbai",3.9,20,200,"Beverages,Desserts"
107888,Allam Velluli,"Vashi,Mumbai",3.9,50,700,"Indian,Biryani"
107889,Hotel Punjab Palace,"Vashi,Mumbai",3.5,100,300,North Indian
107890,Chinese House,"Vashi,Mumbai",2.4,20,300,Chinese
107892,Vinbro Restaurant,"Vashi,Mumbai",4.1,20,300,"Indian,Chinese"
107894,Hotel Signature,"Vashi,Mumbai",3.7,100,800,"North Indian,Chinese"
107896,The Sugar Free Keto Kafe - By Artinci,"Vashi,Mumbai",4.2,20,200,"Healthy Food,Keto"
107901,Shree Gurushyam,"Vashi,Mumbai",3.8,20,400,"South Indian,Chinese"
107902,Grill Inn,"Vashi,Mumbai",3.0,50,400,"Fast Food,Pizzas"
107903,Nanak kripa,"Vashi,Mumbai",4.3,100,250,"Indian,North Indian"
107904,Pride Kitchen Hyderabadi Biryani,"Vashi,Mumbai",4.6,20,700,"Indian,Chinese"
107905,BIKANER SWEETS AND NAMKIN,"Vashi,Mumbai",4.2,100,300,"Sweets,Snacks"
107910,Chulha,"Vashi,Mumbai",4.2,100,750,"Indian,Chinese"
107911,Mainland China,"Vashi,Mumbai",4.4,100,850,"Chinese,Oriental"
107913,Sigree,"Vashi,Mumbai",4.0,20,700,"North Indian,Mughlai"
107916,Something's Fishy - Regenza By Tunga,"Vashi,Mumbai",4.4,50,1200,"Seafood,Malwani"
107917,Gupta Sandwich,"Vashi,Mumbai",4.0,50,200,"Fast Food,Snacks"
107921,The Streeter's,"Vashi,Mumbai",4.2,50,249,"Biryani,Indian"
107922,B Bhagat Tarachand,"Vashi,Mumbai",4.4,100,600,North Indian
107923,AAYUSH FAMILY RESTAURANT,"Vashi,Mumbai",3.4,50,300,"North Indian,Biryani"
107925,Santosh Kolivada Chicken Fish Chinese Corner,"Vashi,Mumbai",3.6,100,200,"Chinese,Biryani"
107929,URBAN TADKA,"Vashi,Mumbai",4.3,50,800,"North Indian,Mughlai"
107932,Mandarin Oak- The Heavenly Chinese,"Vashi,Mumbai",4.0,50,350,"Chinese,Asian"
107935,York Street,"Vashi,Mumbai",4.0,20,350,"Chinese,Continental"
107941,CHANDRAVILAS BHUVAN,"Vashi,Mumbai",4.2,20,300,"Indian,South Indian"
107943,Nashta by South Eats,"Vashi,Mumbai",3.7,20,250,"South Indian,Beverages"
107944,Om Sri Guru Datta Om Sai Ram Andhra Mes,"Vashi,Mumbai",4.2,100,300,South Indian
107947,Tandoor Chai,"Vashi,Mumbai",4.3,50,250,Snacks
107950,Y's Food Fusion,"Vashi,Mumbai",3.7,100,400,"Pizzas,Pastas"
107964,Sanjay Lunch Home,"Vashi,Mumbai",4.2,100,500,"North Indian,Chinese"
107966,Bhagat Tarachand,"Vashi,Mumbai",4.3,1000,450,"Street Food,North Indian"
107969,Paratha Box by EatFit,"Vashi,Mumbai",3.4,20,250,"North Indian,Punjabi"
107971,Native Kitchen,"Vashi,Mumbai",4.7,20,500,Indian
107978,Shibani Express,"Vashi,Mumbai",3.7,20,500,"Indian,Chinese"
107981,Green Dot Pizza,"Vashi,Mumbai",3.6,50,300,"Italian,Desserts"
107984,mini burger,"Vashi,Mumbai",3.6,20,150,"Fast Food,Chinese"
107986,Hotel Krishna Restaurant,"Vashi,Mumbai",4.1,50,500,"North Indian,Chinese"
107987,Jimis Burger,"Vashi,Mumbai",4.4,500,500,"American,Beverages"
107992,COMBO JUMBO,"Vashi,Mumbai",4.3,100,400,"North Indian,Kebabs"
107994,Hotel Kolhapuri Katta,"Vashi,Mumbai",3.6,20,300,Maharashtrian
107996,Victoria Oriental & Thai Restaurant,"Vashi,Mumbai",3.9,100,700,"Chinese,Thai"
107998,Kolkata Rolls Ghansoli,"Vashi,Mumbai",3.7,20,180,"Bengali,Fast Food"
108001,Wow! Momo,"Vashi,Mumbai",4.1,100,300,"Tibetan,Healthy Food"
108002,Panda Momos,"Vashi,Mumbai",4.0,20,300,"Chinese,Beverages"
108004,The Creek - Abbott Hotel,"Vashi,Mumbai",4.2,50,600,"Indian,Chinese"
108008,Marathi Mejwani,"Vashi,Mumbai",4.0,100,250,Home Food
108012,VRUSHALI'S KITCHEN,"Vashi,Mumbai",3.5,20,250,"North Indian,Chinese"
108013,Rajdhani sweets and namkeen,"Vashi,Mumbai",4.7,20,1200,Snacks
108016,Momo Guy,"Vashi,Mumbai",4.0,50,300,"Pizzas,Italian"
108017,Occasions,"Vashi,Mumbai",4.1,100,300,"Bakery,Desserts"
108021,The Belgian Waffle Co.,"Vashi,Mumbai",4.3,100,200,"Desserts,Beverages"
108023,Cookie Man,"Vashi,Mumbai",4.3,20,140,"Desserts,Ice Cream"
108026,Shikara,"Vashi,Mumbai",4.3,20,1200,"North Indian,Mughlai"
108027,"Frozen Bottle - Milkshakes, Desserts And Ice Cream","Vashi,Mumbai",4.1,100,300,"Beverages,Desserts"
108029,Hotel Varishtta,"Vashi,Mumbai",4.0,100,550,"Indian,Chinese"
108034,Hotel Devi Jyoti,"Vashi,Mumbai",4.1,100,400,"Indian,Seafood"
108035,Magic Pancakes,"Vashi,Mumbai",4.3,20,300,"Bakery,Waffle"
108047,BOSS Burger,"Vashi,Mumbai",3.2,20,500,"American,Continental"
108054,Fatoush,"Vashi,Mumbai",4.4,100,300,Fast Food
108058,Amar Fast Food & Restaurant,"Vashi,Mumbai",4.2,100,450,"Street Food,North Indian"
108060,Shams Restaurant,"Vashi,Mumbai",4.1,20,250,"Tandoor,Chinese"
108062,Hotel Ashvin Palace,"Vashi,Mumbai",4.0,20,400,South Indian
108064,Theobroma,"Vashi,Mumbai",4.5,500,800,"Desserts,Bakery"
108066,Sarpanch Dhabba,"Vashi,Mumbai",3.0,50,400,"North Indian,Chinese"
108067,ONLY 99,"Vashi,Mumbai",2.4,20,100,"Chinese,Fast Food"
108068,La Pino'z Pizza,"Vashi,Mumbai",3.8,100,550,Pizzas
108071,Navaratna Veg Restaurant,"Vashi,Mumbai",4.3,1000,300,"Indian,Chinese"
108072,NEW PANCHARATNA VEG RESTAURANT,"Vashi,Mumbai",4.1,100,300,South Indian
108075,The Dessert Heaven - Pure Veg,"Vashi,Mumbai",4.1,20,200,"Desserts,Bakery"
108081,Charcoal Eats - Biryani & Beyond,"Vashi,Mumbai",4.0,100,499,"Biryani,North Indian"
108083,Hotel Rajyog,"Vashi,Mumbai",3.6,20,450,"North Indian,Indian"
108084,chocolate biclate,"Vashi,Mumbai",3.8,20,100,"Bakery,Desserts"
108086,Asia Kitchen By Mainland China,"Vashi,Mumbai",4.4,20,850,"Asian,Chinese"
108087,Bikanervala,"Vashi,Mumbai",4.3,100,500,"Snacks,Sweets"
108088,Chenab,"Vashi,Mumbai",3.8,20,1100,North Indian
108090,Qilaa de Vashi,"Vashi,Mumbai",3.6,20,450,"Continental,North Indian"
108092,Haka,"Vashi,Mumbai",4.4,100,350,"Chinese,Asian"
108095,Apsara Ice Creams,"Vashi,Mumbai",4.6,100,150,"Ice Cream,Desserts"
108098,Sweta Palace,"Vashi,Mumbai",4.5,50,600,"North Indian,Mangalorean"
108100,Smoking Pizza (Kopar khairne),"Vashi,Mumbai",4.0,100,600,Pizzas
108104,Sonu's Punjabi Dhaba,"Vashi,Mumbai",4.6,20,500,"Mughlai,North Indian"
108105,Live Bakers,"Vashi,Mumbai",4.0,20,200,"Bakery,Snacks"
108106,CakeZone,"Vashi,Mumbai",4.3,100,200,"Desserts,Bakery"
108107,La Crosta,"Vashi,Mumbai",4.4,20,500,"Indian,Pizzas"
108112,Brij Albela,"Vashi,Mumbai",4.4,100,400,"Sweets,Snacks"
108113,Hotel Trimurti Pure Veg,"Vashi,Mumbai",3.8,20,400,"North Indian,South Indian"
108114,Girijaa,"Vashi,Mumbai",4.1,50,500,"South Indian,Biryani"
108118,Superb Live Bakery & Pastry,"Vashi,Mumbai",4.5,50,300,Bakery
108121,Miami Shakes & More,"Vashi,Mumbai",3.2,50,200,"Desserts,Beverages"
108124,Prem Sagar Dosa Plaza,"Vashi,Mumbai",3.6,100,200,"Chinese,North Indian"
108131,Vishwa Jyot,"Vashi,Mumbai",4.6,100,300,South Indian
108133,Miami Waffle & Jawbreakers,"Vashi,Mumbai",4.0,50,200,"Waffle,Desserts"
108135,New York Waffles & Dinges,"Vashi,Mumbai",3.7,50,250,"Waffle,Beverages"
108136,Baker's Treat,"Vashi,Mumbai",4.4,20,200,Desserts
108140,Mishti Affair (Vashi),"Vashi,Mumbai",4.2,50,250,"Sweets,Desserts"
108141,MASALA WOK,"Vashi,Mumbai",4.5,50,250,"Indian,Tandoor"
108145,UBQ by Barbeque Nation,"Vashi,Mumbai",3.6,100,300,"North Indian,Barbecue"
108148,Wack Waffles & Brownies,"Vashi,Mumbai",3.9,50,300,"Waffle,Desserts"
108149,Jenny's Brownies,"Vashi,Mumbai",4.1,50,250,"Bakery,Desserts"
108154,Monginis,"Vashi,Mumbai",4.0,50,300,"Bakery,Desserts"
108157,Oh! Calcutta,"Vashi,Mumbai",4.2,100,800,Bengali
108159,biriyani bistro,"Vashi,Mumbai",4.3,20,500,"Biryani,Beverages"
108160,Canteen Central by Eatfit,"Vashi,Mumbai",4.1,100,300,"Pizzas,American"
108161,The Bar Stock Exchange,"Vashi,Mumbai",3.4,20,300,Indian
108162,Nothing But Chicken,"Vashi,Mumbai",4.4,100,400,"Salads,Fast Food"
108168,AMORE GELATO,"Vashi,Mumbai",5.0,20,400,"Ice Cream,Desserts"
108170,Ganesha Jumbo idli,"Vashi,Mumbai",4.4,50,100,South Indian
108171,The Parihar Kitchen Restaurant,"Vashi,Mumbai",3.8,20,300,"Chinese,Indian"
108172,Chilli Spices,"Vashi,Mumbai",3.8,100,550,Chinese
108174,South Eats,"Vashi,Mumbai",4.0,20,200,"South Indian,Maharashtrian"
108179,Mayur Hotel Koparkhairane,"Vashi,Mumbai",4.3,100,450,"Tandoor,Seafood"
108181,Contigo,"Vashi,Mumbai",4.5,100,700,"Continental,North Indian"
108183,Love & Cheesecake,"Vashi,Mumbai",4.4,50,900,"Bakery,Desserts"
108187,VJ Kitchen & Bar - By Vishwa Jyot,"Vashi,Mumbai",4.6,20,600,"Seafood,Indian"
108188,Punjab Depot,"Vashi,Mumbai",3.9,1000,350,"North Indian,Chinese"
108193,Combo 10,"Vashi,Mumbai",3.5,20,199,"Combo,Chinese"
108197,Cafe Vihar - Regenza By Tunga,"Vashi,Mumbai",4.2,100,400,"Indian,South Indian"
108198,Oriental Majik,"Vashi,Mumbai",3.6,20,250,"Chinese,Combo"
108202,Pink Panther,"Vashi,Mumbai",3.3,20,350,"Asian,Burmese"
108203,NOTO - Healthy Ice Cream,"Vashi,Mumbai",4.1,50,250,Ice Cream
108208,AL MADINA RESTAURANT,"Vashi,Mumbai",3.6,20,200,"North Indian,Chinese"
108209,Subway,"Vashi,Mumbai",3.9,100,350,"Salads,Snacks"
108211,Kolkata Rolls (Vashi),"Vashi,Mumbai",4.0,100,150,Biryani
108212,Starboy Pizza & Shakes,"Vashi,Mumbai",3.3,100,300,"Pizzas,Italian"
108217,Myfroyoland Frozen Yogurt,"Vashi,Mumbai",4.8,20,300,"Desserts,Ice Cream"
108220,Absolute Barbecue AB's,"Vashi,Mumbai",3.7,20,400,"Barbecue,Fast Food"
108224,Momos and Chinese cottage,"Vashi,Mumbai",4.0,20,400,Chinese
108227,Smoodies & Juices: Yours Fruitfully,"Vashi,Mumbai",3.8,20,140,"Snacks,Healthy Food"
108228,Sandeep Restaurant & Bar,"Vashi,Mumbai",4.1,20,600,"Indian,Chinese"
108230,Tirupati Dosa,"Vashi,Mumbai",4.3,100,250,"South Indian,Beverages"
108235,MEAL BOWL,"Vashi,Mumbai",4.2,100,300,"North Indian,Asian"
108239,HOTEL SHIV ROSHNI,"Vashi,Mumbai",4.1,100,300,"Indian,Chinese"
108241,Shan-E-Punjab,"Vashi,Mumbai",3.9,100,350,"North Indian,Chinese"
108242,Devi Prasad Restaurant & Bar,"Vashi,Mumbai",4.1,50,600,"Chinese,North Indian"
108247,99 Pancakes,"Vashi,Mumbai",3.8,20,200,"Ice Cream,Desserts"
108250,Pizza caprina,"Vashi,Mumbai",3.8,100,500,"Pizzas,American"
108252,Temptation,"Vashi,Mumbai",3.7,50,700,"Indian,Chinese"
108253,Mumbai chaat,"Vashi,Mumbai",2.7,20,99,Fast Food
108255,Bhojanam,"Vashi,Mumbai",3.9,100,199,"Combo,Thalis"
108257,Kaapi n More,"Vashi,Mumbai",4.1,20,125,South Indian
108258,PATAUDI DARBAR,"Vashi,Mumbai",3.7,50,300,"Mughlai,Biryani"
108262,P'p Paratha,"Vashi,Mumbai",1.6,20,250,"North Indian,Beverages"
108264,Hasivu,"Vashi,Mumbai",4.3,20,450,"Chinese,Thalis"
108267,Vicious Circle Kitchen and Bar,"Vashi,Mumbai",4.0,20,600,"North Indian,Chinese"
108268,Pot Pourri,"Vashi,Mumbai",4.2,50,1200,"Italian,Mexican"
108269,HOTEL SAIRATNA,"Vashi,Mumbai",4.4,20,150,"Biryani,North Indian"
108272,AP's Kitchen,"Vashi,Mumbai",5.0,20,500,Biryani
108273,Royal Cakes & Fast Food,"Vashi,Mumbai",4.3,20,300,Fast Food
108277,Vishwa Lunch Home,"Vashi,Mumbai",4.2,50,300,South Indian
108278,Vijay Chinese Food,"Vashi,Mumbai",3.2,20,300,"Chinese,Indian"
108281,Artinci - Indulge Guilt Free!,"Vashi,Mumbai",3.9,20,200,"Healthy Food,Keto"
108283,The Food Factory snacks center,"Vashi,Mumbai",3.4,20,200,"Snacks,Indian"
108284,China Bite,"Vashi,Mumbai",4.2,100,250,Chinese
108287,IndoWok,"Vashi,Mumbai",4.2,100,200,"Chinese,Thai"
108292,Soy Street,"Vashi,Mumbai",4.3,100,1200,"Chinese,Asian"
108303,Three Brothers Kitchen,"Vashi,Mumbai",4.0,100,200,Indian
108304,Gupta Fast Food & Chinese Corner,"Vashi,Mumbai",3.2,20,350,"Chinese,North Indian"
108309,Only Rolls - Vashi,"Vashi,Mumbai",4.1,50,300,North Indian
108310,The Big Squeeze,"Vashi,Mumbai",4.7,20,250,"Juices,Healthy Food"
108315,Kulsum Hotel,"Vashi,Mumbai",3.9,100,300,Indian
108325,Vaidehi Bar & Restaurant,"Vashi,Mumbai",4.3,100,650,Indian
108326,Agent Jacks Bar,"Vashi,Mumbai",3.7,50,300,"Snacks,Indian"
108327,Big Bowl Company,"Vashi,Mumbai",3.6,100,250,"North Indian,Chinese"
108331,Social,"Vashi,Mumbai",4.1,500,600,"North Indian,Chinese"
108340,Shalimar,"Vashi,Mumbai",3.9,100,700,"Indian,Chinese"
108341,MAD MONKEY THE KITCHEN,"Vashi,Mumbai",4.2,20,400,"Chinese,Tandoor"
108342,70 Beans,"Vashi,Mumbai",4.6,50,400,"Indian,Lebanese"
108343,Kailash Parbat,"Vashi,Mumbai",4.0,500,300,"Street Food,Indian"
108348,Seedha Saada Samosa,"Vashi,Mumbai",4.6,20,300,Beverages
108349,Maharashtra Lunch Home,"Vashi,Mumbai",4.3,100,600,"North Indian,Chinese"
108351,Chatpata Katta,"Vashi,Mumbai",4.6,20,200,"South Indian,Chaat"
108352,Meals of India,"Vashi,Mumbai",3.4,20,250,"Chinese,Combo"
108353,The Atrangii House Sky Lounge,"Vashi,Mumbai",4.3,20,300,"Indian,Tandoor"
108361,Sbarro - New York Pizza,"Vashi,Mumbai",3.4,100,500,Pizzas
108362,Emma's Pizza Kitchen,"Vashi,Mumbai",4.6,20,500,"Pizzas,Italian"
108368,Wendy's,"Vashi,Mumbai",3.7,100,400,"American,Burgers"
108369,Giani Icecream,"Vashi,Mumbai",4.6,20,300,"Ice Cream,Beverages"
108370,Nanumal Bhojraj,"Vashi,Mumbai",4.3,100,450,"North Indian,Chinese"
108372,Quality Francos,"Vashi,Mumbai",4.2,100,450,Fast Food
108381,Jhama Sweets,"Vashi,Mumbai",4.4,100,300,Snacks
108382,New Mini Punjab,"Vashi,Mumbai",3.7,500,350,"North Indian,Chinese"
108388,Puneri Misal House,"Vashi,Mumbai",3.9,100,200,"Indian,Maharashtrian"
108389,Satyaas Pure Marathi,"Vashi,Mumbai",3.5,50,250,"Maharashtrian,Beverages"
108390,Naadbramha Idli,"Vashi,Mumbai",4.4,20,200,South Indian
108392,R Bhagat Tarrachand,"Vashi,Mumbai",4.4,1000,550,"North Indian,Chinese"
108393,TSE - Tawa Sandwich Express,"Vashi,Mumbai",4.6,20,200,Fast Food
108398,Bismillah Catering,"Vashi,Mumbai",3.8,500,550,"Biryani,Indian"
108399,Hotel  RamKrishna,"Vashi,Mumbai",4.3,20,200,"Indian,Pizzas"
108402,HUNGERZ,"Vashi,Mumbai",3.9,20,300,"Chinese,Snacks"
108421,Shabri,"Vashi,Mumbai",4.1,500,300,"South Indian,Indian"
108423,Zaara Juice,"Vashi,Mumbai",3.9,50,300,"Juices,Desserts"
108424,New mumtaz fast food center,"Vashi,Mumbai",3.8,20,80,"South Indian,Snacks"
108429,New York Waffles & Dinges,"Bandra West,Mumbai",3.7,100,250,"Waffle,Beverages"
108437,Nomad Pizza- Traveller Series,"Bandra West,Mumbai",4.5,50,1000,"Pizzas,Italian"
108440,Paratha Box by EatFit,"Bandra West,Mumbai",4.6,20,250,"North Indian,Punjabi"
108443,Ravi Rice,"Bandra West,Mumbai",4.4,50,450,Chinese
108446,Loci and Toot,"Bandra West,Mumbai",4.7,20,1000,"Italian,Mediterranean"
108448,Good Flippin' Burgers,"Bandra West,Mumbai",4.6,500,600,"Burgers,Fast Food"
108451,The Biryani House,"Bandra West,Mumbai",4.4,20,400,"Biryani,Indian"
108454,Cairo Grill,"Bandra West,Mumbai",4.1,50,400,"Lebanese,Middle Eastern"
108455,Tiffin,"Bandra West,Mumbai",4.3,50,900,Chinese
108456,Potoba - Bandra,"Bandra West,Mumbai",4.0,20,300,"Maharashtrian,North Indian"
108458,La pino'z pizza,"Bandra West,Mumbai",4.2,100,400,Pizzas
108461,McDonald's Gourmet Burger Collection,"Bandra West,Mumbai",4.0,20,600,"Burgers,Beverages"
108463,Seedha Saada Samosa,"Bandra West,Mumbai",4.5,20,200,"Snacks,Fast Food"
108464,Biryani Hazir Ho,"Bandra West,Mumbai",3.6,100,300,"Biryani,North Indian"
108465,McDonald's,"Bandra West,Mumbai",4.3,500,400,"Burgers,Beverages"
108466,Sushi D'lite,"Bandra West,Mumbai",4.4,50,400,"Sushi,Japanese"
108467,Mumbai 54,"Bandra West,Mumbai",3.7,20,550,"Indian,Chinese"
108468,BAODIM : Baos & Dimsums,"Bandra West,Mumbai",4.2,20,350,"Chinese,Pan-Asian"
108470,season cafe japanese sushi,"Bandra West,Mumbai",4.5,20,400,Indian
108473,EatFit,"Bandra West,Mumbai",4.0,100,270,"Healthy Food,Pizzas"
108475,Pop Tate's,"Bandra West,Mumbai",4.4,20,600,"Continental,Italian"
108476,PJ's,"Bandra West,Mumbai",3.8,20,300,"Continental,Chinese"
108477,Albaik International,"Bandra West,Mumbai",4.1,100,300,"Fast Food,Snacks"
108479,Malini's health kitchen,"Bandra West,Mumbai",4.1,100,300,"South Indian,Desserts"
108481,China Gate (Bandra West),"Bandra West,Mumbai",4.4,100,1200,"Chinese,Pan-Asian"
108482,Baskin Robbins,"Bandra West,Mumbai",4.3,100,250,"Desserts,Ice Cream"
108485,Mezbaan Nx,"Bandra West,Mumbai",4.2,20,600,"North Indian,Mughlai"
108487,The American Express Bakery,"Bandra West,Mumbai",4.4,100,250,Bakery
108489,Big Bowl Company,"Bandra West,Mumbai",3.9,100,250,"North Indian,Chinese"
108491,Sindhful,"Bandra West,Mumbai",4.3,100,700,"Sindhi,North Indian"
108492,Chands Tikka Point,"Bandra West,Mumbai",4.5,20,300,Snacks
108498,Cafe kebabiz,"Bandra West,Mumbai",4.3,50,400,North Indian
108499,Smoke n Joys,"Bandra West,Mumbai",3.7,20,300,"Italian,Pizzas"
108500,The Betel Diaries - Paan Gourmet,"Bandra West,Mumbai",4.6,20,350,"Bakery,Beverages"
108502,Tandoori Drama,"Bandra West,Mumbai",4.4,20,500,"North Indian,Keto"
108503,The Bawa Kitchen,"Bandra West,Mumbai",4.3,50,300,Indian
108504,Bandra Gomantak,"Bandra West,Mumbai",3.9,100,700,"Malwani,North Indian"
108506,Sbarro - New York Pizza,"Bandra West,Mumbai",3.9,500,300,"Italian,Pizzas"
108507,Harvest Salad Co,"Bandra West,Mumbai",4.6,100,700,"Salads,Healthy Food"
108508,Frisbees,"Bandra West,Mumbai",4.4,50,600,American
108513,The Wok Bowl,"Bandra West,Mumbai",4.1,50,300,"Chinese,Asian"
108515,Cafe Mommy Joon,"Bandra West,Mumbai",4.4,100,1500,"Persian,Kebabs"
108517,Smokin Joes Hill Road Bandra West,"Bandra West,Mumbai",3.9,100,300,Pizzas
108519,Subway,"Bandra West,Mumbai",4.1,500,350,"Fast Food,Salads"
108522,New Karachi Sweets,"Bandra West,Mumbai",3.9,20,350,"Sweets,Snacks"
108523,Kunafa World,"Bandra West,Mumbai",4.1,50,1000,"Desserts,Middle Eastern"
108524,Jai Hind Lunch Home,"Bandra West,Mumbai",4.3,100,800,"Indian,Seafood"
108525,Asian Burgers By Seefah,"Bandra West,Mumbai",4.3,20,1200,Thai
108528,Meals Express,"Bandra West,Mumbai",3.8,100,400,"Indian,Chinese"
108530,Beeji Ki Rasoi,"Bandra West,Mumbai",3.7,100,500,"Biryani,Home Food"
108533,Sichuan Pepper House,"Bandra West,Mumbai",3.8,100,400,"Chinese,Asian"
108535,Chaayos Chai+Snacks=Relax,"Bandra West,Mumbai",4.4,500,250,"Bakery,Beverages"
108536,Willingdon Catholic Gymkhana - Temptation,"Bandra West,Mumbai",4.4,100,1000,Asian
108537,Vrindavan,"Bandra West,Mumbai",4.4,100,500,"North Indian,South Indian"
108539,Chantilly,"Bandra West,Mumbai",4.5,100,300,"Desserts,Beverages"
108540,Coffee By Di Bella,"Bandra West,Mumbai",4.0,20,600,"Desserts,Beverages"
108541,Saayba Hotel,"Bandra West,Mumbai",4.2,100,750,"Seafood,Goan"
108542,The Good Bowl,"Bandra West,Mumbai",4.4,50,400,"North Indian,Punjabi"
108545,Kiki and Pastor,"Bandra West,Mumbai",4.6,20,800,"Mexican,Beverages"
108546,SLAY Coffee,"Bandra West,Mumbai",4.3,100,200,"Beverages,Desserts"
108550,The Kulfi & Falooda Project,"Bandra West,Mumbai",3.2,20,250,"Ice Cream,Beverages"
108553,Jumboking Indian Burger,"Bandra West,Mumbai",4.2,20,200,"American,Mexican"
108554,Dr.Bubbles Gold,"Bandra West,Mumbai",3.9,20,300,"Beverages,Desserts"
108558,Faasos - Wraps & Rolls,"Bandra West,Mumbai",4.1,100,200,"Fast Food,Snacks"
108559,Behrouz Biryani,"Bandra West,Mumbai",4.2,100,500,"Biryani,Mughlai"
108560,Bowl Baby Bowl - Asian Food Shop,"Bandra West,Mumbai",4.3,50,700,"Pan-Asian,Chinese"
108561,Oven Story Pizza,"Bandra West,Mumbai",4.0,100,400,Pizzas
108562,Sweet Bengal,"Bandra West,Mumbai",4.6,50,150,"Sweets,Indian"
108565,The Cafe By Foodhall,"Bandra West,Mumbai",3.9,50,1000,"Continental,Pan-Asian"
108566,Urban Street Cafe,"Bandra West,Mumbai",4.5,100,450,"Italian,Lebanese"
108567,MISHTI AFFAIR BANDRA,"Bandra West,Mumbai",4.0,20,100,Sweets
108569,Duke Restaurant,"Bandra West,Mumbai",4.1,20,500,"Chinese,Snacks"
108573,Quality Rolls,"Bandra West,Mumbai",4.3,50,200,Fast Food
108574,Birdy's Cake Shop,"Bandra West,Mumbai",4.4,50,250,"Desserts,Bakery"
108575,"Dale's Eden Cake Shop (Pali Hill, Bandra)","Bandra West,Mumbai",4.4,100,400,"Desserts,Bakery"
108579,SWEET ALLEY CAKE SHOP,"Bandra West,Mumbai",4.7,20,100,"Desserts,Bakery"
108580,Leles,"Bandra West,Mumbai",3.5,50,200,"Snacks,Italian"
108582,The Sugar Free Keto Kafe - By Artinci,"Bandra West,Mumbai",4.2,20,200,"Healthy Food,Snacks"
108583,ONE TIGHT WRAP,"Bandra West,Mumbai",4.7,50,800,"Italian-American,Keto"
108584,Sassy Teaspoon,"Bandra West,Mumbai",4.0,20,300,"Desserts,Bakery"
108588,HRX by Eatfit,"Bandra West,Mumbai",5.0,20,270,"Healthy Food,Salads"
108589,Cooks - Chinese Hub,"Bandra West,Mumbai",4.5,20,400,"Chinese,Beverages"
108590,The Asian Place,"Bandra West,Mumbai",3.6,20,300,"Chinese,Asian"
108591,Bakery by Foodhall,"Bandra West,Mumbai",4.7,100,250,"Bakery,Italian"
108593,Whatta Waffle!,"Bandra West,Mumbai",3.8,20,200,"Bakery,Snacks"
108594,Sante Spa Cuisine,"Bandra West,Mumbai",3.3,20,1900,"Healthy Food,Salads"
108595,Guilt Trip,"Bandra West,Mumbai",4.5,20,500,"Desserts,Bakery"
108596,Rajasthan,"Bandra West,Mumbai",4.0,100,400,"Biryani,Desserts"
108604,National Restaurant,"Bandra West,Mumbai",4.4,100,200,"North Indian,Indian"
108610,Kaka Kaki,"Bandra West,Mumbai",4.2,100,450,"Biryani,Kebabs"
108612,Waffles By Di Bella,"Bandra West,Mumbai",4.7,20,250,"Desserts,Waffle"
108614,Kuai Kitchen,"Bandra West,Mumbai",4.4,100,1000,"Chinese,Asian"
108615,Monginis,"Bandra West,Mumbai",4.3,20,300,"Bakery,Desserts"
108616,Badmash Biryani,"Bandra West,Mumbai",3.7,50,300,"Biryani,North Indian"
108617,Belo Pops,"Bandra West,Mumbai",4.2,20,500,Desserts
108618,Once Upon A Dine Cafe,"Bandra West,Mumbai",4.4,100,600,"Italian,Continental"
108620,Wack Waffles & Brownies,"Bandra West,Mumbai",4.3,100,300,"Waffle,Desserts"
108621,Punjabi Rasoi,"Bandra West,Mumbai",4.2,50,700,"North Indian,Punjabi"
108625,Yustrength,"Bandra West,Mumbai",4.3,20,500,"Healthy Food,Thai"
108627,Keto Treats,"Bandra West,Mumbai",4.3,20,300,"Keto,Healthy Food"
108628,Sindhu Sweets,"Bandra West,Mumbai",4.0,20,200,"Sweets,Snacks"
108631,Wakka Makka Chinese,"Bandra West,Mumbai",3.7,100,250,"Chinese,Asian"
108635,Asia Kitchen By Mainland China,"Bandra West,Mumbai",4.6,50,1000,"Asian,Chinese"
108637,Bademiya,"Bandra West,Mumbai",4.0,100,400,"Kebabs,North Indian"
108638,Poco Loco,"Bandra West,Mumbai",3.9,20,1200,"Continental,Mexican"
108639,Balaji Restaurant,"Bandra West,Mumbai",4.3,500,350,"South Indian,Chinese"
108642,Theobroma,"Bandra West,Mumbai",4.5,500,500,"Desserts,Bakery"
108645,Ferry Wharf,"Bandra West,Mumbai",3.8,20,800,"Seafood,North Indian"
108646,The Churro Co.,"Bandra West,Mumbai",4.2,50,300,"Snacks,Desserts"
108648,The Daily Dough,"Bandra West,Mumbai",4.8,20,200,Bakery
108650,Breadkraft,"Bandra West,Mumbai",4.0,100,450,"Fast Food,Bakery"
108651,Heng Bok,"Bandra West,Mumbai",4.1,50,2000,Korean
108652,LSD - Love Sugar and Dough,"Bandra West,Mumbai",4.0,50,250,"Desserts,Snacks"
108653,The J,"Bandra West,Mumbai",4.1,100,300,"American,Snacks"
108655,Shree Krishna Chhaya,"Bandra West,Mumbai",4.4,100,400,"North Indian,South Indian"
108656,Moner  Bistro And Dessert bar,"Bandra West,Mumbai",3.9,20,350,"Cafe,Desserts"
108658,Dope Noodles - Addictive Healthy Noodles,"Bandra West,Mumbai",3.6,20,600,"Chinese,Continental"
108662,Greenz,"Bandra West,Mumbai",3.9,100,500,"Italian,Salads"
108664,Zinque - Healthy Patisserie,"Bandra West,Mumbai",4.5,50,600,"Bakery,Desserts"
108665,Miami Waffle & Jawbreakers,"Bandra West,Mumbai",4.3,20,200,"Waffle,Desserts"
108669,Smoodies & Juices: Yours Fruitfully,"Bandra West,Mumbai",3.9,20,140,"Snacks,Healthy Food"
108671,Ice Cream Factory,"Bandra West,Mumbai",4.3,20,200,Desserts
108673,Artinci - Indulge Guilt Free!,"Bandra West,Mumbai",4.4,20,200,"Healthy Food,Keto"
108674,Brakefree Cafe,"Bandra West,Mumbai",5.0,20,320,"Beverages,American"
108675,Charcoal Eats - Biryani & Beyond,"Bandra West,Mumbai",4.1,100,499,"Biryani,North Indian"
108676,Albrost,"Bandra West,Mumbai",3.3,20,300,"Snacks,Pizzas"
108677,Fried Chicken Cuisine - FCC,"Bandra West,Mumbai",3.9,100,250,"American,Snacks"
108681,The Calcutta Club,"Bandra West,Mumbai",4.1,100,500,"Indian,Bengali"
108682,Miya Kebab,"Bandra West,Mumbai",4.5,100,400,"Kebabs,Arabian"
108683,Lean Kitchen By Maya,"Bandra West,Mumbai",4.2,20,1000,"Keto,Salads"
108687,Khichdi Express,"Bandra West,Mumbai",3.9,100,250,"Indian,North Indian"
108689,Lassi & Falooda Co,"Bandra West,Mumbai",3.2,20,250,"Ice Cream,Beverages"
108690,Kakori House,"Bandra West,Mumbai",4.3,20,1200,"North Indian,Mughlai"
108696,Me Cafe,"Bandra West,Mumbai",4.8,20,269,"Biryani,Salads"
108703,Juices and more,"Bandra West,Mumbai",4.1,20,300,"Snacks,Beverages"
108705,Amore Gelato,"Bandra West,Mumbai",4.1,50,200,"Ice Cream,Desserts"
108706,Trupti Farsan,"Bandra West,Mumbai",4.2,500,200,"Snacks,Indian"
108708,Havmor Havfunn ice cream,"Bandra West,Mumbai",4.7,20,200,"Ice Cream,Ice Cream Cakes"
108714,Canteen Central by Eatfit,"Bandra West,Mumbai",4.1,100,300,"Pizzas,American"
108717,Punjab Sweet House,"Bandra West,Mumbai",4.5,100,300,"Sweets,Bakery"
108724,Samosa Singh,"Bandra West,Mumbai",3.9,100,150,"North Indian,Indian"
108726,Janata Lunch Home,"Bandra West,Mumbai",4.4,500,800,"Indian,Chinese"
108729,Veranda,"Bandra West,Mumbai",4.6,20,800,Indian
108732,Sorrentina Italian Bakery,"Bandra West,Mumbai",4.4,20,400,"Bakery,Pizzas"
108733,Apsara Ice Creams,"Bandra West,Mumbai",4.6,100,150,"Ice Cream,Desserts"
108735,Miami Shakes & More,"Bandra West,Mumbai",4.0,100,200,"Desserts,Beverages"
108738,BOSS Burger,"Bandra West,Mumbai",3.8,100,500,"American,Continental"
108739,THE FRESH PRESS,"Bandra West,Mumbai",4.0,20,200,"Juices,Beverages"
108743,Sushi and More,"Bandra West,Mumbai",4.6,20,1200,Japanese
108744,Nothing But Chicken,"Bandra West,Mumbai",4.6,100,400,"Salads,Fast Food"
108745,Fuel UP,"Bandra West,Mumbai",4.3,500,300,"Healthy Food,Juices"
108747,Hellz Kitchen,"Bandra West,Mumbai",4.3,20,400,"Continental,American"
108749,Francesco's Pizzeria,"Bandra West,Mumbai",4.1,500,700,"Pizzas,Italian"
108750,New Bostan Restaurant,"Bandra West,Mumbai",4.1,100,500,"Indian,Chinese"
108756,Olive Pizzeria,"Bandra West,Mumbai",4.7,20,800,"Pizzas,Italian"
108758,Nanumal Bhojraj ( Santacruz ),"Bandra West,Mumbai",3.7,20,300,"North Indian,Chinese"
108759,Deli By The Blue,"Bandra West,Mumbai",4.6,100,800,"Desserts,Bakery"
108760,Rollie Rollie,"Bandra West,Mumbai",5.0,20,400,Street Food
108762,Crosta The Cake Boutique,"Bandra West,Mumbai",3.8,20,200,"Bakery,Desserts"
108764,Hotel Samudra,"Bandra West,Mumbai",4.0,50,600,"South Indian,Indian"
108766,Momo Guy,"Bandra West,Mumbai",3.9,100,200,"Tibetan,Combo"
108767,Hungry Buddha,"Bandra West,Mumbai",4.5,50,500,"Chinese,Asian"
108768,House of Bowls,"Bandra West,Mumbai",4.3,100,350,"North Indian,Continental"
108769,Supper,"Bandra West,Mumbai",4.5,20,700,"Asian,Healthy Food"
108778,Vadilal Ice Cream,"Bandra West,Mumbai",4.2,20,200,Ice Cream
108779,Natural Ice Cream,"Bandra West,Mumbai",4.7,100,150,Desserts
108780,Tibb's Frankie,"Bandra West,Mumbai",4.2,100,200,"Snacks,North Indian"
108781,Taftoon Bar & Kitchen,"Bandra West,Mumbai",4.2,50,1000,North Indian
108782,OD Pizza,"Bandra West,Mumbai",4.4,20,350,"Pizzas,Fast Food"
108785,Bombay Salad Co,"Bandra West,Mumbai",4.7,1000,900,"Salads,Keto"
108787,Dessert Cloud,"Bandra West,Mumbai",4.3,50,300,"Desserts,Beverages"
108789,Chandu Halwai,"Bandra West,Mumbai",4.4,50,150,Sweets
108791,Karachi Sweets,"Bandra West,Mumbai",4.2,100,350,"Street Food,North Indian"
108792,The Habitat Canteen,"Bandra West,Mumbai",4.3,20,400,"Fast Food,Desserts"
108794,Saffron Express,"Bandra West,Mumbai",4.0,50,300,"Chinese,Mughlai"
108796,Dessert Therapy,"Bandra West,Mumbai",4.4,100,250,"Bakery,Desserts"
108798,Haka,"Bandra West,Mumbai",4.3,100,500,"Chinese,Asian"
108799,Cake Centre - The Dessert Maker,"Bandra West,Mumbai",4.0,20,200,"Bakery,Desserts"
108800,Brownie Point,"Bandra West,Mumbai",4.3,50,350,"Desserts,Fast Food"
108801,Kareem's - No Connection with KARIM'S Jama Masjid/ Delhi,"Bandra West,Mumbai",4.2,100,500,"North Indian,Biryani"
108802,Tandoori Pizza,"Bandra West,Mumbai",3.3,20,500,"Pizzas,Kebabs"
108803,Grameen Kulfi,"Bandra West,Mumbai",4.4,50,120,"Ice Cream,Desserts"
108804,DEE's Keto,"Bandra West,Mumbai",3.7,20,600,"Healthy Food,Keto"
108806,Little Italy.,"Bandra West,Mumbai",4.2,20,1800,"Italian,Lebanese"
108807,Aradhana Coastal Delight,"Bandra West,Mumbai",4.3,100,750,"Seafood,Malwani"
108810,The Ranch,"Bandra West,Mumbai",4.0,20,700,"American,Beverages"
108813,Starboy Pizza & Shakes,"Bandra West,Mumbai",3.8,500,300,"Pizzas,Italian"
108814,Butter Cream Buddha,"Bandra West,Mumbai",4.7,100,500,"Desserts,Beverages"
108816,The Belgian Waffle Co.,"Bandra West,Mumbai",4.4,50,200,"Desserts,Beverages"
108819,Go Biryan,"Bandra West,Mumbai",4.3,100,400,"Biryani,North Indian"
108820,BOMBAY TACO COMPANY,"Bandra West,Mumbai",4.4,50,650,"Mexican,Snacks"
108823,Mad Over Donuts,"Bandra West,Mumbai",4.3,100,200,"Desserts,Sweets"
108825,Silli Chilli,"Bandra West,Mumbai",4.0,100,400,"Chinese,Thai"
108828,Bombay Coffee House,"Bandra West,Mumbai",4.0,50,500,"Continental,Desserts"
108829,Cafe Duco,"Bandra West,Mumbai",4.4,20,2000,"Mexican,Salads"
108831,German Bakery,"Bandra West,Mumbai",4.2,20,400,"German,Italian"
108833,Taj Mahal Tea House,"Bandra West,Mumbai",4.6,20,500,"Continental,Beverages"
108834,Chef Yorick,"Bandra West,Mumbai",4.7,20,400,"Pizzas,Pastas"
108835,Louis Burger,"Bandra West,Mumbai",4.5,100,600,American
108837,Lucky Restaurant (Dum Biryani ),"Bandra West,Mumbai",4.0,1000,500,"Biryani,Chinese"
108838,Wanton House,"Bandra West,Mumbai",4.3,20,500,"Chinese,Pan-Asian"
108840,Space Wings,"Bandra West,Mumbai",4.1,50,500,"American,European"
108842,Soba Asian Kitchen,"Bandra West,Mumbai",4.2,100,600,"Asian,Chinese"
108845,BOX8 - Desi Meals,"Bandra West,Mumbai",4.1,20,250,"North Indian,Biryani"
108846,"Frozen Bottle - Milkshakes, Desserts And Ice Cream","Bandra West,Mumbai",4.5,20,250,"Beverages,Desserts"
108850,Charcoal shwarma,"Bandra West,Mumbai",4.1,50,250,"Biryani,Indian"
108851,Jai Jawan,"Bandra West,Mumbai",4.5,100,600,"Mughlai,North Indian"
108853,Elco,"Bandra West,Mumbai",4.3,500,400,"Street Food,Chinese"
108854,Soul Restaurant,"Bandra West,Mumbai",4.1,20,500,"North Indian,Chinese"
108855,Mystic Lebanese,"Bandra West,Mumbai",4.4,50,400,"Arabian,Lebanese"
108856,Al-Baik.com,"Bandra West,Mumbai",3.9,100,400,"Snacks,Fast Food"
108857,Sheetal Restaurant and Bar,"Bandra West,Mumbai",4.3,50,1200,"Indian,Seafood"
108858,Tokyo Treat,"Bandra West,Mumbai",3.9,20,1200,"Japanese,Sushi"
108859,Oye Kiddan,"Bandra West,Mumbai",3.6,100,250,North Indian
108864,ShakeyWakey,"Bandra West,Mumbai",4.3,100,400,"Beverages,Desserts"
108866,The Tiny Tub,"Bandra West,Mumbai",4.3,50,300,"Desserts,Bakery"
108868,KFC,"Bandra West,Mumbai",3.9,500,400,"American,Snacks"
108869,Arey O Sambhar,"Bandra West,Mumbai",3.8,20,250,"South Indian,Desserts"
108870,Myfroyoland,"Bandra West,Mumbai",4.8,50,400,"Desserts,Ice Cream"
108871,Punjab Roll Co.,"Bandra West,Mumbai",4.3,50,250,"Indian,North Indian"
108873,Pizza Hut,"Bandra West,Mumbai",3.4,50,350,Pizzas
108875,Home Plate by EatFit,"Bandra West,Mumbai",4.0,100,160,"North Indian,Home Food"
108877,Chinese House,"Bandra West,Mumbai",4.2,20,450,"Chinese,Asian"
108878,Via Calcutta,"Bandra West,Mumbai",4.4,50,400,"Chinese,Fast Food"
108879,Khao Piyo,"Bandra West,Mumbai",4.0,20,600,"Indian,Chinese"
108881,Gokul Refreshments,"Bandra West,Mumbai",4.3,100,300,Indian
108883,Mongoose - Asian Bubble Bar,"Bandra West,Mumbai",4.4,20,1000,"Asian,Beverages"
108885,SLYCE,"Bandra West,Mumbai",4.4,100,600,"Italian,Pizzas"
108887,Gondola,"Bandra West,Mumbai",4.4,100,800,"Chinese,Seafood"
108889,Ayaz's The Kebab Place (Bandra West),"Bandra West,Mumbai",4.1,100,500,Kebabs
108892,Rhino Rolls - Mighty Big,"Bandra West,Mumbai",4.2,20,300,"Fast Food,Snacks"
108893,The Waffle Co,"Bandra West,Mumbai",4.5,20,400,Desserts
108894,Celejor,"Bandra West,Mumbai",4.5,20,200,Bakery
108896,Shiv Sagar,"Bandra West,Mumbai",4.4,100,250,"South Indian,Continental"
108897,Tokyo Sushi Treat,"Bandra West,Mumbai",4.7,20,300,"Japanese,Sushi"
108900,NIC Natural Ice Creams,"Bandra West,Mumbai",4.6,500,120,"Ice Cream,Desserts"
108901,Pishu's,"Bandra West,Mumbai",4.3,100,300,"Juices,Healthy Food"
108904,The Darjeeling,"Bandra West,Mumbai",4.4,50,500,"Chinese,Tibetan"
108905,Fitness Bakery,"Bandra West,Mumbai",4.4,50,1500,Desserts
108907,Howra Burger,"Bandra West,Mumbai",4.4,50,500,American
108911,Jaspal Di Bhatti,"Bandra West,Mumbai",4.0,100,400,"Tandoor,North Indian"
108912,NewYork Burrito Company,"Bandra West,Mumbai",4.3,100,500,"Mexican,American"
108916,Greenr Cafe,"Bandra West,Mumbai",4.3,50,800,"Healthy Food,Salads"
108918,Burger King,"Bandra West,Mumbai",4.2,1000,350,"American,Fast Food"
108919,Amrut Sagar Fast Food,"Bandra West,Mumbai",4.4,100,400,"Chinese,Fast Food"
108921,Bawa Zest by Cheron,"Bandra West,Mumbai",4.5,100,300,"Parsi,Desserts"
108922,Bhayankar Burgers,"Bandra West,Mumbai",4.5,20,200,"American,Desserts"
108924,BusaGo,"Bandra West,Mumbai",4.3,100,650,"Thai,Vietnamese"
108932,Cake Celebrations - Live Cake,"Bandra West,Mumbai",3.8,20,200,"Desserts,Bakery"
108933,Dolcissimo bakes,"Bandra West,Mumbai",3.6,20,500,"Desserts,Bakery"
108935,Lemon Leaf,"Bandra West,Mumbai",4.0,100,800,"Chinese,Thai"
108936,Goodness To Go,"Bandra West,Mumbai",4.3,50,400,"European,American"
108937,The Fried Chicken Project,"Bandra West,Mumbai",4.4,20,700,"Snacks,Fast Food"
108938,Wow! Momo,"Bandra West,Mumbai",4.0,100,300,"Tibetan,Healthy Food"
108939,Dimsum (Momo) Express,"Bandra West,Mumbai",4.1,100,400,Chinese
108940,RocketMan Pizza,"Bandra West,Mumbai",4.1,50,800,Pizzas
108941,Silver Beach Cafe,"Bandra West,Mumbai",4.1,20,1000,"European,Continental"
108946,Shake N Sip,"Bandra West,Mumbai",4.4,100,300,"Beverages,Fast Food"
108947,Mac Craig,"Bandra West,Mumbai",4.4,100,550,"North Indian,Bakery"
108953,Tawaa Mystery,"Bandra West,Mumbai",4.2,20,300,"Street Food,Kebabs"
108954,Lashkara By Punjab Sweet House,"Bandra West,Mumbai",4.4,100,400,"North Indian,Desserts"
108958,Great Indian Khichdi by EatFit,"Bandra West,Mumbai",4.4,500,200,"Home Food,Indian"
108959,The Bagel Shop,"Bandra West,Mumbai",4.3,100,850,"American,Salads"
108960,Speak Burgers By Vicky Ratnani,"Bandra West,Mumbai",4.4,100,500,"American,Snacks"
108961,Giani's,"Bandra West,Mumbai",4.4,100,250,"Beverages,Desserts"
108963,Missal AND More,"Bandra West,Mumbai",3.9,20,300,"Chinese,Indian"
108965,Shahi Durbar,"Bandra West,Mumbai",4.0,100,400,"Desserts,Beverages"
108967,Millettude,"Bandra West,Mumbai",5.0,20,700,"Healthy Food,Continental"
108971,Blue Tokai Coffee Roasters,"Bandra West,Mumbai",4.7,100,600,"Healthy Food,Beverages"
108973,Domino's Pizza,"Bandra West,Mumbai",4.1,100,400,Pizzas
108979,The Daily All Day Mumbai,"Bandra West,Mumbai",4.3,50,1000,"European,Mediterranean"
108980,Chunkies,"Bandra West,Mumbai",4.0,20,250,"Fast Food,American"
108984,Entisi,"Bandra West,Mumbai",4.6,20,1200,"Desserts,Beverages"
108985,Sandwizzaa (Santacruz West),"Bandra West,Mumbai",4.5,500,250,Fast Food
108987,Coffee By Di Bella Exclusive,"Bandra West,Mumbai",4.3,100,600,"Desserts,Beverages"
108989,La Farina Cafe,"Bandra West,Mumbai",3.9,20,300,"Pizzas,Italian"
108993,Salim's Shahi Sigdi,"Bandra West,Mumbai",4.3,100,500,Mughlai
108995,Ching Chong Asian,"Bandra West,Mumbai",4.1,100,250,"Chinese,Asian"
108997,Boojee Cafe,"Bandra West,Mumbai",4.4,100,400,"Cafe,Mediterranean"
109002,Haji Ali Juice centre Bandra,"Bandra West,Mumbai",4.0,50,400,"Juices,Pizzas"
109003,Country Of Origin (Bandra),"Bandra West,Mumbai",4.6,50,1000,Desserts
109004,Build it Bowls,"Bandra West,Mumbai",4.6,20,250,"Healthy Food,Continental"
109006,MBA in Khichdi,"Bandra West,Mumbai",3.6,20,250,"North Indian,Healthy Food"
109007,Toast & Tonic,"Bandra West,Mumbai",4.2,20,900,"European,Continental"
109008,Meraki,"Bandra West,Mumbai",4.2,1000,399,"Chinese,Thai"
109011,Starbucks Coffee,"Bandra West,Mumbai",4.3,100,400,Beverages
109012,Sahibaan,"Bandra West,Mumbai",4.3,100,499,Chinese
109014,Lyfe Kitchen,"Bandra West,Mumbai",3.8,100,400,"American,Biryani"
109015,Nityam Food Court,"Bandra West,Mumbai",4.3,100,300,"Snacks,South Indian"
109018,Khichdi Paradise,"Bandra West,Mumbai",3.8,20,250,"North Indian,Healthy Food"
109024,Plush Cafe,"Bandra West,Mumbai",4.0,20,700,"Continental,Snacks"
109025,UBQ by Barbeque Nation,"Bandra West,Mumbai",3.5,50,300,"North Indian,Barbecue"
109026,6th Street Yogurt,"Bandra West,Mumbai",4.7,50,200,Desserts
109027,Fresh Catch,"Bandra West,Mumbai",4.4,50,1000,Seafood
109028,Maa Ki Khichdi,"Bandra West,Mumbai",3.7,50,250,"North Indian,Healthy Food"
109030,The Shawarma And Momo Factory,"Bandra West,Mumbai",4.0,20,200,Indian
109032,Ohh Bangla,"Bandra West,Mumbai",3.7,20,150,"Bengali,Chinese"
109033,Aahare Kolkata,"Bandra West,Mumbai",4.0,100,350,"Thalis,Bengali"
109034,Barbeque Nation,"Bandra West,Mumbai",3.7,50,600,"North Indian,Barbecue"
109036,Cafe Relish,"Bandra West,Mumbai",4.0,20,400,"Continental,Italian"
109044,Sadak Chaap,"Bandra West,Mumbai",4.4,100,200,North Indian
109046,Mia Cuccinna,"Bandra West,Mumbai",4.4,20,1000,"Italian,Beverages"
109049,Jenny's Brownies,"Bandra West,Mumbai",4.3,100,250,"Bakery,Desserts"
109055,Bachelorr's,"Bandra West,Mumbai",3.9,50,800,"Desserts,Beverages"
109058,Momos Hill,"Bandra West,Mumbai",3.3,20,100,"Snacks,Italian"
109061,Shree Sagar Veg Restaurant,"Bandra West,Mumbai",4.3,50,500,"North Indian,Chinese"
109062,Nino Burgers,"Bandra West,Mumbai",4.1,100,600,"American,Snacks"
109063,Burgzooka,"Bandra West,Mumbai",4.3,100,300,"Fast Food,Keto"
109066,Melting Morsels,"Bandra West,Mumbai",4.0,20,300,"Desserts,Beverages"
109068,Oriental Stir Fry,"Bandra West,Mumbai",4.1,20,400,Chinese
109073,Mezbaan,"Bandra West,Mumbai",4.1,100,500,"Indian,Chinese"
109076,Sigdi,"Bandra West,Mumbai",4.1,100,400,"Mughlai,North Indian"
109077,Chai Point,"Bandra West,Mumbai",4.2,100,150,"Bakery,Beverages"
109080,Biryani Drama,"Bandra West,Mumbai",4.0,20,300,"Indian,North Indian"
109081,Beijing Chicken Lollipops,"Bandra West,Mumbai",4.0,20,250,"Chinese,Asian"
109082,Carter's Blue,"Bandra West,Mumbai",4.4,1000,750,"Indian,Chinese"
109083,Sanskari Biryani,"Bandra West,Mumbai",4.0,50,300,"Biryani,North Indian"
109084,Beyond Cafe,"Bandra West,Mumbai",4.1,50,400,"Fast Food,American"
109085,Winner Pizzas (Fresh Dough),"Bandra West,Mumbai",3.6,100,300,"Pizzas,Italian"
109086,Bombay burger,"Bandra West,Mumbai",4.2,20,200,"American,Pizzas"
109087,The Blue Gourmet,"Bandra West,Mumbai",4.8,50,600,"Ice Cream,Desserts"
109089,Khow Chow,"Bandra West,Mumbai",4.4,50,600,"Chinese,Pan-Asian"
109090,Aashirwad Food Corner,"Bandra West,Mumbai",4.4,20,350,"North Indian,Chinese"
109092,Super Bowls,"Bandra West,Mumbai",3.8,20,300,"North Indian,Indian"
109093,Hot Lee Chinese,"Bandra West,Mumbai",3.6,100,250,"Chinese,Asian"
109095,Chef Kong,"Bandra West,Mumbai",4.3,50,650,"Chinese,Thai"
109097,THE SERIAL GRILLER - BURGERS PLUS,"Bandra West,Mumbai",4.4,100,450,"Burgers,Snacks"
109098,The Yoga House,"Bandra West,Mumbai",4.3,50,1000,"Healthy Food,Salads"
109101,70's Frogurt Hood,"Bandra West,Mumbai",4.2,20,200,"Desserts,Healthy Food"
109102,Tori,"Bandra West,Mumbai",4.8,50,1800,"Pan-Asian,Japanese"
109104,Apple A Day,"Bandra West,Mumbai",4.6,100,350,"Healthy Food,Juices"
109106,Rolls & Bowls Company,"Bandra West,Mumbai",3.9,50,250,"North Indian,Chinese"
109109,The Momo Co.,"Bandra West,Mumbai",3.9,50,250,"Chinese,Asian"
109110,The Almighty Biryani,"Bandra West,Mumbai",3.0,20,300,"Biryani,North Indian"
109111,OH GEEZ,"Bandra West,Mumbai",4.5,100,500,"American,Snacks"
109112,Bombay Burgers,"Bandra West,Mumbai",3.6,20,500,"Pizzas,Beverages"
109114,The Bar Stock Exchange,"Bandra West,Mumbai",4.1,50,450,"North Indian,Biryani"
109115,Hit & Run,"Bandra West,Mumbai",4.4,50,500,"Mughlai,Indian"
109119,Bolo Tara Rara,"Bandra West,Mumbai",4.1,100,500,"North Indian,Punjabi"
109125,NOTO - Healthy Ice Cream,"Bandra West,Mumbai",4.4,100,250,"Ice Cream,Desserts"
109126,Out of The Blue,"Bandra West,Mumbai",4.4,100,1000,"European,Mediterranean"
109128,"Lucky Bakes & Burgers ( Cakes,Pastries,rolls & more)","Bandra West,Mumbai",4.4,50,200,"Bakery,Desserts"
109130,The Poke Co,"Bandra West,Mumbai",4.3,50,800,"Asian,Japanese"
109132,Pal's Fish Corner,"Bandra West,Mumbai",4.4,100,500,"Mughlai,Seafood"
109133,Jamjar Diner,"Bandra West,Mumbai",4.3,50,1100,"American,Italian"
109134,Dr. Bubbles Chai Specialist,"Bandra West,Mumbai",4.1,50,350,"Beverages,Desserts"
109135,Mini Punjab,"Bandra West,Mumbai",4.2,100,800,"North Indian,Chinese"
109136,Khane Khas,"Bandra West,Mumbai",4.5,100,900,"North Indian,Biryani"
109137,Provenance Deli and Desserts,"Bandra West,Mumbai",4.6,20,300,"Desserts,Bakery"
109139,Donna Deli,"Bandra West,Mumbai",4.6,50,1400,"Asian,Fast Food"
109140,Panda Momos,"Bandra West,Mumbai",3.9,100,200,"Tibetan,Asian"
109144,Al Zaika,"Bandra West,Mumbai",3.3,20,300,"North Indian,Tandoor"
109147,Pack-A-Pav,"Bandra West,Mumbai",4.2,20,800,Street Food
109150,Fat Kongg,"Bandra West,Mumbai",4.2,100,500,"Chinese,Continental"
109151,GetAwhey,"Bandra West,Mumbai",3.7,20,200,"Ice Cream,Desserts"
109152,Breve,"Bandra West,Mumbai",4.3,50,400,"Continental,Beverages"
109153,It's Cheeky,"Bandra West,Mumbai",4.3,100,500,"Pizzas,Pastas"
109154,IMBISS,"Bandra West,Mumbai",4.5,100,400,"Continental,European"
109155,Punjab Depot,"Bandra West,Mumbai",4.0,1000,249,"North Indian,Tandoor"
109156,KILO CULTURE,"Bandra West,Mumbai",4.6,20,600,"Asian,Continental"
109157,Ashmick's Snack Shack (Authentic Parsi Food),"Bandra West,Mumbai",4.5,20,650,Parsi
109160,Jim - Me's Kitchen,"Bandra West,Mumbai",4.3,100,800,Chinese
109161,Ghee and Turmeric,"Bandra West,Mumbai",4.3,20,500,"North Indian,Tandoor"
109162,Street Foods By Punjab Grill,"Bandra West,Mumbai",3.9,100,350,"North Indian,Indian"
109163,Punjab Grill,"Bandra West,Mumbai",4.2,50,700,"North Indian,Indian"
109164,Soul Fry,"Bandra West,Mumbai",4.5,50,950,"Goan,Seafood"
109165,Poetry by Love & Cheesecake,"Bandra West,Mumbai",4.5,100,800,"Bakery,Continental"
109168,YouMee,"Bandra West,Mumbai",4.3,50,600,"Japanese,Asian"
109169,Soy Street,"Bandra West,Mumbai",3.8,20,1200,Chinese
109170,Carter's Quickeats,"Bandra West,Mumbai",3.8,50,500,"American,Snacks"
109172,Wow! China,"Bandra West,Mumbai",3.3,100,400,"Tibetan,Chinese"
109176,Mortar and Pestle,"Bandra West,Mumbai",4.8,20,1000,"Indian,Continental"
109178,Chinese Wok (Wok Express),"Bandra West,Mumbai",3.9,500,250,"Chinese,Asian"
109179,The Baker's Dozen,"Bandra West,Mumbai",4.5,100,300,"Bakery,Desserts"
109183,Bandra Guru Kripa Pani Puri,"Bandra West,Mumbai",4.3,500,100,"Snacks,Indian"
109186,Hot Seekh,"Bandra West,Mumbai",3.7,20,220,"Tandoor,Arabian"
109188,The Dessert Heaven - Pure Veg,"Bandra West,Mumbai",5.0,20,200,"Bakery,Desserts"
109190,Yeti - The Himalayan Kitchen,"Bandra West,Mumbai",4.0,20,400,"Nepalese,Tibetan"
109191,Jalsa Fast Food,"Bandra West,Mumbai",4.7,20,250,Indian
109192,CakeZone,"Bandra West,Mumbai",4.9,20,200,"Desserts,Bakery"
109193,Ammu by Chef Amninder Sandhu,"Bandra West,Mumbai",4.0,100,400,"Indian,Kebabs"
109194,Nair on Fire,"Bandra West,Mumbai",4.3,100,1200,"South Indian,Kerala"
109197,The Nutcracker,"Bandra West,Mumbai",4.7,100,1200,"European,American"
109201,Annapurna Farsan Mart,"Bandra West,Mumbai",4.5,100,200,"Sweets,Beverages"
109203,TRC - The Roll Company,"Bandra West,Mumbai",4.4,100,800,North Indian
109208,A Saffron Tale,"Bandra West,Mumbai",3.9,20,600,"North Indian,Biryani"
109210,GoodDo- The Vegan Eatery,"Bandra West,Mumbai",4.4,100,300,"Biryani,North Indian"
109215,THE CHINESE MAN,"Bandra West,Mumbai",3.2,20,350,Indian
109216,Pakaaa mat,"Bandra West,Mumbai",3.9,20,300,"North Indian,Chinese"
109217,Build your own breakfast,"Bandra West,Mumbai",3.8,20,150,"Snacks,Indian"
109222,Butter Chicken Factory,"Bandra West,Mumbai",4.3,100,1200,"North Indian,Biryani"
109223,Persian Darbar,"Bandra West,Mumbai",3.9,500,1100,"North Indian,Chinese"
116400,Dana Choga,Noida-1,4.2,500,500,"North Indian,Indian"
116401,Mad Over Donuts,Noida-1,3.5,100,500,"Desserts,Sweets"
116402,chiness&roll,Noida-1,1.7,20,199,"North Indian,Chinese"
116403,Rollsking,Noida-1,4.2,1000,250,"Fast Food,North Indian"
116404,Natural Ice Cream,Noida-1,4.2,50,150,Ice Cream
116405,Biryani Blues,Noida-1,4.2,100,400,"Biryani,Hyderabadi"
116406,The China Door,Noida-1,3.9,500,300,"Chinese,Thai"
116407,Domino's Pizza,Noida-1,4.2,100,400,Pizzas
116408,Al Nawab Restaurant,Noida-1,4.0,500,200,"Biryani,Mughlai"
116409,Big Wong,Noida-1,4.1,100,900,"Chinese,Sushi"
116410,Bakingo,Noida-1,4.1,500,300,"Bakery,Desserts"
116412,Subway,Noida-1,3.7,100,350,"Salads,Snacks"
116413,Pizza Cravings,Noida-1,3.8,50,200,"Pizzas,Beverages"
116415,Baos & Dimsums-Asian Street Kitchen,Noida-1,4.1,100,499,"Chinese,Pan-Asian"
116416,Home Plate by EatFit,Noida-1,4.2,500,160,"North Indian,Home Food"
116418,Kanha Bhog,Noida-1,4.1,500,400,"North Indian,South Indian"
116420,KFC,Noida-1,4.0,500,450,"American,Snacks"
116421,Muradabadi Shahi Biryani & Chicken Corner,Noida-1,3.7,100,300,Indian
116422,New Chinese Hut,Noida-1,3.9,100,350,Chinese
116423,Bercos - If you love chinese,Noida-1,4.0,100,500,"Chinese,Thai"
116425,Pizza Toppers - Monster Cheese Burst,Noida-1,4.2,100,300,"Pizzas,Italian"
116426,Canteen Central by Eatfit,Noida-1,4.1,50,300,"Pizzas,American"
116427,Great Indian Khichdi by EatFit,Noida-1,4.3,500,200,"Home Food,Indian"
116429,Nirula's,Noida-1,4.5,20,300,"Desserts,Ice Cream"
116430,Biryani Badshah,Noida-1,3.9,500,400,"Biryani,Hyderabadi"
116432,Faasos - Wraps & Rolls,Noida-1,4.1,100,500,"Fast Food,Snacks"
116433,Wabi Sabi,Noida-1,4.1,20,200,"Bakery,Snacks"
116434,Freshmme Foods- Pure Veg,Noida-1,3.8,1000,200,North Indian
116435,Grameen Kulfi,Noida-1,4.6,50,120,"Ice Cream,Desserts"
116437,Burger Singh (Big Punjabi Burgers),Noida-1,4.1,1000,300,"Snacks,Fast Food"
116439,EatFit,Noida-1,3.9,100,270,"Healthy Food,Pizzas"
116440,NIC Natural Ice Creams,Noida-1,4.5,1000,120,"Ice Cream,Desserts"
116441,ROYCE PAAN,Noida-1,4.2,20,100,Paan
116442,Badmash Biryani,Noida-1,3.9,20,300,"Biryani,North Indian"
116443,Hudson Chopsticks,Noida-1,4.1,100,300,"Chinese,Pan-Asian"
116444,Keventers - Milkshakes and Desserts,Noida-1,4.2,100,300,"Beverages,Ice Cream"
116447,Pasta Story,Noida-1,3.9,100,200,"Pastas,Pizzas"
116448,221B Baker Street,Noida-1,4.4,100,150,Bakery
116449,Baskin Robbins,Noida-1,4.1,50,300,Ice Cream
116450,Classic Vada Pav,Noida-1,3.8,100,200,"Maharashtrian,Snacks"
116451,Barista Diner,Noida-1,3.9,20,350,"Beverages,Snacks"
116453,Keventers Ice Cream,Noida-1,4.0,20,300,"Ice Cream,Desserts"
116454,Al Nawab Biryani,Noida-1,3.8,500,300,"Indian,Biryani"
116455,Wendy's,Noida-1,4.1,100,400,"American,Burgers"
116456,ZAZA 22 Spice Biryani,Noida-1,4.0,20,250,"Biryani,North Indian"
116458,Grill N Kadhai,Noida-1,3.4,20,250,"Indian,North Indian"
116459,Biryani Hazir Ho,Noida-1,3.8,20,300,"Biryani,North Indian"
116461,Bhaat.in,Noida-1,4.3,100,300,"North Indian,South Indian"
116463,Giani,Noida-1,4.0,100,300,"Ice Cream,Beverages"
116466,Ganesh Chinese Food Corner,Noida-1,3.7,100,200,"Chinese,North Indian"
116467,Nazeer Foods,Noida-1,3.8,100,600,"North Indian,Biryani"
116470,Freshh Foodz,Noida-1,3.9,100,200,"North Indian,Biryani"
116472,Bikaner Chaat House,Noida-1,3.6,50,200,"Street Food,Sweets"
116473,Aggarwal Bikaneri Sweets (Delhi Wala),Noida-1,4.1,50,250,"Sweets,Snacks"
116474,The Biryani Life,Noida-1,3.2,20,250,"Biryani,Hyderabadi"
116475,Behrouz Biryani,Noida-1,4.0,100,500,"Biryani,Mughlai"
116477,Chakhna on wheels,Noida-1,4.0,50,200,"Indian,Chinese"
116478,Swaad Mehkma,Noida-1,3.9,100,250,"North Indian,Chinese"
116479,Theos- Patisserie,Noida-1,4.5,100,600,"Bakery,Snacks"
116480,Artinci - Indulge Guilt Free!,Noida-1,4.4,50,200,"Ice Cream,Healthy Food"
116481,The Cake Experts,Noida-1,3.0,20,250,"Bakery,Fast Food"
116482,Pizza Hut,Noida-1,3.4,100,350,Pizzas
116483,Kake Da Hotel,Noida-1,4.0,20,300,"North Indian,Mughlai"
116484,The Sugar Free Keto Kafe - By Artinci,Noida-1,4.2,100,200,"Ice Cream,Healthy Food"
116485,Chai Garam,Noida-1,4.1,100,400,"Beverages,Fast Food"
116486,Karim's,Noida-1,3.7,100,700,"Mughlai,North Indian"
116488,The Mughlai Tawa,Noida-1,3.9,50,200,"North Indian,Indian"
116489,SLAY Coffee,Noida-1,4.0,50,200,"Beverages,Desserts"
116490,Chinese Hawker,Noida-1,3.9,100,300,"Pan-Asian,Chinese"
116492,Biryani Junction,Noida-1,2.6,50,200,"Biryani,Mughlai"
116496,Chaayos Chai+Snacks=Relax,Noida-1,4.3,100,250,"Bakery,Beverages"
116497,Oven Story Pizza,Noida-1,3.5,100,400,Pizzas
116499,BOX8 - Desi Meals,Noida-1,4.0,100,250,"North Indian,Biryani"
116500,Garhwal  Momos  Express,Noida-1,4.1,100,200,"Indian,Chinese"
116501,Chulha,Noida-1,3.3,100,300,"North Indian,Chinese"
116502,Leaf N Loaf,Noida-1,4.5,100,250,"Continental,Salads"
116503,Backstreet Kitchen,Noida-1,4.0,500,300,"Mughlai,North Indian"
116508,JALANDHARI VIBES,Noida-1,3.8,100,250,"North Indian,Mughlai"
116509,Wow! Noodle,Noida-1,3.3,50,300,"Chinese,Thai"
116511,Mr. Gram & Mrs. Grills,Noida-1,4.3,100,400,"North Indian,Indian"
116512,Salad Days,Noida-1,4.5,500,500,"Healthy Food,Salads"
116513,SIMPLY SOUTH,Noida-1,4.0,500,300,South Indian
116516,Patna junction,Noida-1,3.4,50,400,"Bihari,North Indian"
116517,Dunkin',Noida-1,4.4,100,250,"Beverages,Fast Food"
116518,Defence bakery and cafe,Noida-1,4.2,50,350,Desserts
116519,Chanda Food,Noida-1,3.7,500,350,"Chinese,Indian"
116521,Chauhan Dhaba and Restaurants,Noida-1,3.1,20,200,"Mughlai,North Indian"
116522,Chai Point,Noida-1,4.1,100,150,"Bakery,Beverages"
116523,Firangi Bake,Noida-1,3.8,20,500,"Italian,Mexican"
116525,Evergreen Spice n Ice,Noida-1,3.6,20,300,"Chinese,Continental"
116528,Paratha Box by EatFit,Noida-1,4.1,20,250,"North Indian,Punjabi"
116532,Let's Noodles,Noida-1,3.6,20,400,"Chinese,Thai"
116534,LA MEJOR CAFE,Noida-1,4.8,20,149,"Beverages,Chinese"
116537,Andhra Kodi Pulao,Noida-1,3.9,20,350,"Biryani,North Indian"
116538,Marv's Pizza,Noida-1,3.9,100,300,"Pizzas,Italian"
116540,House of Chow,Noida-1,3.6,100,300,"Pan-Asian,Chinese"
116541,Momo Shomo,Noida-1,3.4,20,300,"Chinese,Seafood"
116542,NH1 Bowls - Highway To North,Noida-1,4.4,20,250,"North Indian,Punjabi"
116544,Ganeshwaram,Noida-1,3.8,100,150,"Chinese,Fast Food"
116545,Vadapav King,Noida-1,4.1,100,99,Fast Food
116546,GOLDEN VILLAGE,Noida-1,3.9,50,350,"North Indian,Tandoor"
116547,Wow! Momo,Noida-1,3.6,100,300,"Tibetan,Healthy Food"
116548,Tunday kababi,Noida-1,3.4,1000,300,Tandoor
116549,Masala Biryani,Noida-1,3.9,100,600,"Hyderabadi,Biryani"
116551,LOL Land of Litti,Noida-1,4.2,20,350,"North Indian,Desserts"
116553,Pizza Italiano,Noida-1,4.1,20,300,"Pizzas,Pastas"
116554,Burger King,Noida-1,4.0,1000,350,American
116557,4U Foods,Noida-1,3.8,1000,180,"North Indian,Chinese"
116559,Hong's Kitchen,Noida-1,4.2,50,250,"Chinese,Asian"
116561,Chinese Kadhai,Noida-1,4.2,20,200,Chinese
116564,Chocolate Desire,Noida-1,4.5,20,200,"Desserts,Ice Cream"
116565,Madras House,Noida-1,3.9,20,200,South Indian
116566,Cafe Shaila,Noida-1,4.0,100,120,Maharashtrian
116567,Sagar Ratna,Noida-1,4.2,100,450,"South Indian,North Indian"
116568,Maini's Green Leaf,Noida-1,4.2,100,600,"Indian,Chinese"
116569,Burgrill - The Win Win Burger,Noida-1,4.2,100,250,"Burgers,Healthy Food"
116571,The Chinese Hut,Noida-1,4.5,50,400,Chinese
116572,Thalis 4U,Noida-1,3.7,500,250,"North Indian,Chinese"
116573,Masala Art,Noida-1,3.8,100,250,North Indian
116574,Mistry of Tandoor,Noida-1,3.7,50,300,"North Indian,Tandoor"
116575,The Coffee Cat,Noida-1,4.2,50,400,"Italian,Fast Food"
116576,Rolls Mania,Noida-1,3.6,50,200,Beverages
116578,Fabcafe by Fabindia,Noida-1,4.3,50,800,"North Indian,Healthy Food"
116579,Theos- Patisserie & Italian Cafe,Noida-1,4.3,100,600,"Italian,Continental"
116580,Gupta Paratha Corner,Noida-1,4.1,100,200,"North Indian,Chinese"
116581,Southy,Noida-1,3.4,500,400,"South Indian,Snacks"
116584,Ghee and Turmeric,Noida-1,4.1,100,250,"North Indian,Tandoor"
116589,Mithaas,Noida-1,3.9,500,300,"North Indian,Sweets"
116594,Aggarwal Bikaneri Sweets,Noida-1,4.0,500,250,"Sweets,Snacks"
116601,Starbucks Coffee,Noida-1,4.1,100,400,"Beverages,Ice Cream"
116604,Defence Bakery,Noida-1,4.2,100,200,Desserts
116606,Chinese Mania,Noida-1,4.3,100,300,Chinese
116615,Shakeaholic,Noida-1,3.6,20,250,Beverages
116617,Folks n knives,Noida-1,3.7,500,300,"Chinese,North Indian"
116618,Biryani Cave,Noida-1,3.5,20,300,"North Indian,Fast Food"
116621,Drunken Monkey,Noida-1,3.7,20,300,Beverages
116622,Yo! China Express,Noida-1,3.9,100,399,"Chinese,Thai"
116624,PZZABOX,Noida-1,4.1,100,300,"Pizzas,Continental"
116625,Hyderabad Delights,Noida-1,3.6,50,200,"Biryani,South Indian"
116626,Sundae Everyday Ice Creams,Noida-1,3.9,50,150,"Ice Cream,Desserts"
116627,Blue Tokai Coffee Roasters,Noida-1,4.3,20,500,"Beverages,Bakery"
116628,Bistro 37,Noida-1,3.8,100,600,"Continental,Italian"
116629,Cold Rock Cafe,Noida-1,4.2,1000,250,"Italian,Snacks"
116630,Cheesecake & Co.,Noida-1,4.3,50,300,"Bakery,Desserts"
116632,Breads King,Noida-1,3.5,100,200,"Healthy Food,Pizzas"
116633,Chinese Imperial,Noida-1,4.0,20,200,Chinese
116636,Chauhan Hotel,Noida-1,3.7,100,150,Indian
116638,4Ever Foods,Noida-1,3.8,20,210,"North Indian,Mughlai"
116642,Amul Ice cream parlor and cafe,Noida-1,4.2,50,200,"Ice Cream,Snacks"
116643,Theobroma,Noida-1,4.3,1000,800,"Desserts,Bakery"
116646,THE BURGER COMPANY,Noida-1,4.0,20,250,"American,Beverages"
116648,BIKANER MALAI WALA,Noida-1,3.8,50,250,Sweets
116650,Bong Biryani,Noida-1,4.0,20,600,"Biryani,North Indian"
116652,MISSION MOMO,Noida-1,3.3,20,200,"Chinese,Tibetan"
116653,mmmelt,Noida-1,3.7,100,300,"Pizzas,Pastas"
116655,Dr. Ice creams and Cafe,Noida-1,4.2,20,300,"Ice Cream,Beverages"
116656,Kapoors Balle Balle,Noida-1,4.0,1000,400,"North Indian,Fast Food"
116657,SQUIRE- Shudhh Khao Shudhh Khilao,Noida-1,3.9,100,250,"North Indian,Chinese"
116658,Jhalak Food Point,Noida-1,4.8,20,150,"North Indian,Thalis"
116661,VEER JI MALAI CHAAP WALE,Noida-1,2.7,20,300,"Tandoor,Indian"
116662,Tandoori Saanjh,Noida-1,3.5,50,200,"Indian,Chinese"
116663,The Curry House,Noida-1,4.2,100,300,"North Indian,Chinese"
116664,Grub Bowl - Bowls & Rolls,Noida-1,4.1,100,500,"North Indian,Chinese"
116665,Desi Handi,Noida-1,4.3,100,300,"North Indian,Chinese"
116667,Meal X,Noida-1,3.8,100,250,"North Indian,Indian"
116670,Bowls & Meals Co.,Noida-1,3.8,100,300,"North Indian,Chinese"
116671,ZaikaKathi Rolls,Noida-1,4.0,100,250,Biryani
116673,Bansooriwala,Noida-1,3.7,50,300,"Indian,North Indian"
116674,Indiana Burgers,Noida-1,4.7,50,150,"American,Desserts"
116675,WarmOven Cakes & Desserts,Noida-1,4.3,100,200,"Bakery,Desserts"
116678,Swad E Lazeez,Noida-1,3.8,20,300,"North Indian,Chinese"
116679,Tarkari - Vegetarians Paradise,Noida-1,3.9,20,400,"North Indian,Chinese"
116684,THE OG BULLETS ON YOUR PLATE,Noida-1,3.7,50,300,"Lebanese,Kebabs"
116685,Oriental Mom,Noida-1,4.1,100,600,"Asian,Chinese"
116686,Al Bake-76,Noida-1,4.0,100,500,"North Indian,Mughlai"
116687,Uncle's Treat,Noida-1,3.7,100,200,"Chinese,North Indian"
116688,Pizzalicious -Authentic Pan Pizzas,Noida-1,4.1,50,250,"Pizzas,Italian"
116689,Zaika Darbaar Junction,Noida-1,5.0,20,250,"North Indian,Chinese"
116690,Desi chulha,Noida-1,3.1,20,250,"North Indian,Biryani"
116693,Onn S Pizza,Noida-1,3.7,100,250,"Chinese,Italian"
116694,JSB EVERGREEN SNACKS & SWEETS,Noida-1,4.1,1000,150,Sweets
116698,SHABRI'S VEGAN HUT,Noida-1,4.4,20,300,"Fast Food,Italian"
116699,MoonMoon - Juicy Crustwiches,Noida-1,4.1,500,300,"American,Snacks"
116703,HATTI PATHANKOT,Noida-1,3.6,20,200,Indian
116705,Wat-A-Burger! - India ka Burger,Noida-1,4.0,500,200,"American,Indian"
116707,Tai Chi,Noida-1,3.9,100,200,"Pan-Asian,Chinese"
116710,Momos Box,Noida-1,3.9,100,200,Chinese
116711,Haldiram's,Noida-1,3.9,100,500,"Sweets,North Indian"
116712,SOUTHY ANNA,Noida-1,3.6,100,300,South Indian
116714,Dragon Noodles,Noida-1,4.1,100,350,"Chinese,Thai"
116715,BIRYANI WALA,Noida-1,1.7,20,150,Biryani
116725,Biryaniwala,Noida-1,2.3,20,200,"Biryani,Indian"
116726,The Dessert Zone,Noida-1,4.3,50,200,"Bakery,Desserts"
116727,PIZZA SINGH,Noida-1,3.1,20,300,"Italian,Snacks"
116731,CAKE O CLOCKS,Noida-1,4.1,100,600,Bakery
116733,The Cake Cafe.org,Noida-1,3.6,20,300,"Bakery,Desserts"
116734,ROMS PIZZA,Noida-1,3.6,20,200,"Pizzas,Italian"
116735,Dr. Ice Creams,Noida-1,4.6,20,200,"Ice Cream,Beverages"
116738,Urban Chic,Noida-1,4.1,100,350,"Indian,Chinese"
116739,Annapurna Kitchen,Noida-1,3.5,50,100,"North Indian,Thalis"
116740,Bang!,Noida-1,3.2,20,500,"Snacks,Beverages"
116742,DIDI DA DABBA,Noida-1,4.4,20,300,"North Indian,Chinese"
116745,Hira Sweets,Noida-1,4.0,1000,350,"North Indian,South Indian"
116752,SHARDAS CAKE,Noida-1,4.4,100,350,"Bakery,Desserts"
116755,Curry Cafe Bandobast,Noida-1,3.7,20,260,"North Indian,Mughlai"
116756,The Saffron Boutique,Noida-1,4.3,20,400,"North Indian,Chinese"
116757,Desi By Indian,Noida-1,4.3,20,199,"North Indian,Chinese"
116758,AATITHYAM RESTAURANT,Noida-1,4.0,20,250,"South Indian,North Indian"
116759,PIND BALLUCHI (Noida- 104),Noida-1,3.6,50,400,"North Indian,Chinese"
116760,Burger Monk,Noida-1,3.8,50,500,"American,Continental"
116763,Desi Food Junction,Noida-1,3.8,500,250,"Indian,Chinese"
116764,Prinsep 21,Noida-1,4.0,100,500,"Bengali,Biryani"
116766,Insta Pizza,Noida-1,3.6,100,400,"Pizzas,Italian"
116769,Ice Cream Works,Noida-1,4.7,20,300,"Ice Cream,Desserts"
116772,Nazeer Delicacies,Noida-1,3.3,20,650,"Indian,Biryani"
116774,The Tandoori Hut,Noida-1,4.0,50,500,"Indian,Tandoor"
116775,Wakhra Swaad,Noida-1,3.9,500,500,"North Indian,Mughlai"
116777,Itminaan Biryani - Dum Pukht,Noida-1,3.7,20,250,"Biryani,North Indian"
116780,LUCKNOWI KABABS & BIRYANI,Noida-1,3.7,20,450,"Biryani,Kebabs"
116781,Burger kingdoms,Noida-1,4.1,20,200,"Fast Food,Pizzas"
116784,Celsius House,Noida-1,4.0,100,400,"Chinese,North Indian"
116785,Bihari By Taste,Noida-1,4.1,100,200,"Bihari,North Indian"
116787,Chawla Tandoori Corner,Noida-1,4.9,20,400,"Indian,North Indian"
116791,Burger It Up,Noida-1,4.5,50,150,"American,Fast Food"
116793,Oriental express,Noida-1,3.1,20,400,"Asian,Chinese"
116795,Super Snax & Food Junction,Noida-1,3.6,100,150,"Indian,North Indian"
116796,De Nawab's,Noida-1,3.8,100,500,"North Indian,Mughlai"
116797,Yours Pizza,Noida-1,3.8,20,300,Italian
116798,Bang Bang Pizza,Noida-1,4.2,50,500,"Pizzas,Italian"
116800,Cult Pizza's By Coolcha,Noida-1,3.8,20,300,"Italian,Pizzas"
116806,Bakeneto (Bakery & Cake),Noida-1,4.0,100,300,"Bakery,Desserts"
116809,Spicy Waves,Noida-1,3.3,20,199,"North Indian,Chinese"
116811,Desi Dakaar,Noida-1,4.1,500,300,"Chinese,North Indian"
116813,Wow! China,Noida-1,3.7,100,400,"Tibetan,Chinese"
116815,Nutridish,Noida-1,4.2,100,190,Healthy Food
116816,Kamboj Restaurant,Noida-1,3.8,500,700,"Mughlai,North Indian"
116820,Rollsnama,Noida-1,4.3,20,200,"Tandoor,Snacks"
116821,Sarvottam Chaap,Noida-1,4.1,20,300,"North Indian,Mughlai"
116824,BASANTI DA DHABA,Noida-1,4.1,100,400,"North Indian,Chinese"
116825,Serve,Noida-1,4.3,100,350,"American,Italian"
116826,California Burrito,Noida-1,4.6,50,299,"Mexican,American"
116828,The Urban Kasba,Noida-1,3.7,20,300,"North Indian,Biryani"
116832,Punjab Grill,Noida-1,3.5,50,900,"North Indian,Indian"
116838,Sardar-Ji-Bakhsh Coffee & Co,Noida-1,4.2,50,500,"Fast Food,Beverages"
116841,Balaji Restaurant and Caters,Noida-1,3.8,100,200,"North Indian,South Indian"
116843,Oops Its Chinese,Noida-1,4.1,100,350,"Chinese,Seafood"
116844,Madrasi Dosa,Noida-1,2.8,20,400,South Indian
116852,The Masala Story,Noida-1,4.1,50,700,North Indian
116854,Noodilicious,Noida-1,3.4,50,250,"Chinese,Asian"
116856,Chef's Bar-Be-Que,Noida-1,3.9,50,300,"North Indian,Chinese"
116863,THE BLAZE PIZZA,Noida-1,3.1,20,300,"Pizzas,Italian"
116870,Yum Dim Sum,Noida-1,3.3,20,400,"Asian,Chinese"
116872,Cupcake Bliss Cakes & Desserts,Noida-1,3.9,50,200,"Bakery,Desserts"
116876,Samosa Party,Noida-1,4.0,100,150,"Chaat,North Indian"
116877,Cook Du Kdu,Noida-1,3.7,100,300,"Mughlai,North Indian"
116879,BIKANER SWEETS,Noida-1,3.3,20,250,"Sweets,Snacks"
116882,Balaji Dosa House,Noida-1,3.4,500,250,"South Indian,North Indian"
116884,Moorthal Paratha,Noida-1,4.0,50,250,"North Indian,Chinese"
116889,Bengali restaurant,Noida-1,3.7,100,200,"Bengali,Indian"
116890,Bengali Restaurant 126,Noida-1,3.6,20,500,North Indian
116891,Just Desi,Noida-1,4.1,100,300,"North Indian,Rajasthani"
116893,Coolcha,Noida-1,4.1,100,250,"North Indian,Indian"
116894,Curry and Koyla Company,Noida-1,4.1,20,400,"North Indian,Mughlai"
116895,Hunger Point,Noida-1,3.0,20,200,"North Indian,Biryani"
116899,Chawlas Chicken,Noida-1,3.5,100,350,"North Indian,Mughlai"
116908,FIVE STAR CHICKEN,Noida-1,3.7,20,200,"Chinese,Snacks"
116909,Fat Wrap Fat Roll,Noida-1,3.7,20,400,"Snacks,Beverages"
116910,Naan Saab,Noida-1,3.6,50,300,Indian
116911,Thali Experts,Noida-1,3.3,100,300,"Chinese,North Indian"
116921,Hot Sauce,Noida-1,3.2,20,700,"American,Italian"
116924,Cafe Khao Pao,Noida-1,4.0,20,250,"Snacks,North Indian"
116926,The Thickshake Factory,Noida-1,3.9,50,200,Beverages
116927,HING - THE INDIAN STORY,Noida-1,4.2,20,300,Indian
116930,Aggarwal Bikaneri Sweets sector-27,Noida-1,4.1,1000,200,"South Indian,Chinese"
116932,Simply South Anna,Noida-1,4.1,100,300,"South Indian,Biryani"
116935,Dr. Shakes and Desserts,Noida-1,4.3,20,250,"Beverages,Desserts"
116941,The Oriental Spice,Noida-1,4.1,500,499,"Chinese,Thai"
116942,Awadh-e-Dastarkhwan,Noida-1,4.0,50,500,"North Indian,Tandoor"
116943,YAARAN DI GALIYAN,Noida-1,3.8,100,250,"North Indian,Italian"
116945,Kaati Zone Rolls & Wraps,Noida-1,4.0,100,150,Beverages
116947,MAMA FOODS,Noida-1,3.1,20,250,Chinese
116948,Maa Ka Khaana,Noida-1,4.1,100,200,"North Indian,Fast Food"
116949,Sonar Bangla kitchen,Noida-1,3.6,100,300,"Chinese,Indian"
116950,Karachi Biryani,Noida-1,3.5,20,250,"Biryani,North Indian"
116952,Bengali restaurant,Noida-1,3.8,100,200,"Indian,Chinese"
116953,PANDIT JI KA DHABA,Noida-1,3.7,50,200,"North Indian,Chaat"
116954,The Great Indian Dhaba,Noida-1,3.9,50,300,"Indian,Chinese"
116956,THE ROYAL CHAAP,Noida-1,3.9,20,200,Indian
116957,THE HOME KITCHEN,Noida-1,4.2,50,300,Indian
116961,Punjabi Chulha (Since 1995),Noida-1,3.7,100,250,"North Indian,Chinese"
116962,Baraamda Heritage,Noida-1,3.9,50,200,"North Indian,Tandoor"
116964,ROYAL NAIVEDYAM,Noida-1,4.2,20,250,"North Indian,Chinese"
116968,Khidmat,Noida-1,4.3,100,600,"Mughlai,North Indian"
116969,Fat Lulu's Pizza,Noida-1,4.0,100,800,"Pizzas,Pastas"
116970,The Waffle Co,Noida-1,3.9,100,200,Indian
116971,FOGON,Noida-1,4.2,50,350,"North Indian,Chinese"
116974,Kalicharan Ki Rasoi,Noida-1,4.0,100,400,"North Indian,Chinese"
116975,Hakka Tales,Noida-1,4.4,20,200,Chinese
116978,@Ny-Time,Noida-1,4.7,20,200,"North Indian,Chinese"
116981,Ki Khabo,Noida-1,4.0,20,320,"Fast Food,Bengali"
116984,bengali restaurant,Noida-1,3.6,20,300,"Chinese,Indian"
116987,MADRAS CANTEEN,Noida-1,3.2,20,150,South Indian
116990,Swagath,Noida-1,4.0,20,300,"Indian,Chinese"
116994,Aggarwal Bikaneri Sweets Sector 18,Noida-1,4.0,100,200,"South Indian,Chinese"
116998,Da Pizza Pasta Company,Noida-1,4.1,50,300,"Pizzas,Pastas"
116999,Sonar Bangla kitchen,Noida-1,3.8,500,200,North Indian
117000,Call Chotu - Meal in a Bowl,Noida-1,4.0,100,300,"North Indian,Biryani"
117001,Haristo Pizzeria,Noida-1,3.9,1000,300,"Pizzas,Italian"
117005,Desi Grill,Noida-1,4.1,100,300,"Chinese,Indian"
117007,Amritsari Chulha,Noida-1,4.1,20,400,"North Indian,Beverages"
117014,THE BOLLYWOOD SPICE,Noida-1,3.3,1000,200,"Indian,Chinese"
117025,BOX & COMBO,Noida-1,2.7,20,300,"Chinese,Indian"
117026,CHICAGO PIZZA,Noida-1,3.5,20,300,Indian
117029,Full House Bakery and Cafe,Noida-1,3.9,100,500,"Bakery,Beverages"
117031,Starvin' Marvin,Noida-1,3.5,100,400,"American,Italian"
117032,Healthy Tit Bits,Noida-1,4.7,50,300,"North Indian,Chinese"
117033,ASIAN EMPIRE,Noida-1,4.0,20,700,"Asian,Chinese"
117037,Hira Sweets and Confectionary Pvt. Ltd.,Noida-1,4.0,1000,600,"North Indian,South Indian"
117042,Pandit Ji Tikki Chaat Wale,Noida-1,3.6,20,200,"Fast Food,Street Food"
117045,Chinese Daily,Noida-1,3.9,100,400,"Pan-Asian,Chinese"
117046,CHOWNOW,Noida-1,3.0,20,400,"Chinese,Asian"
117047,Tony's Italian Pizza,Noida-1,4.1,50,600,"Italian,Pizzas"
117053,The Postman Kitchen,Noida-1,4.1,500,350,"North Indian,Chinese"
117058,Caffe La Poya,Noida-1,4.4,100,300,"American,Fast Food"
117059,Yum Yum Chinese,Noida-1,3.9,20,350,"Chinese,Thai"
117074,Pandey G's Food Court,Noida-1,3.7,50,250,Indian
117077,Betroo juice bar,Noida-1,4.3,20,200,"Juices,Snacks"
117082,CHOW (The Asian Kitchen),Noida-1,4.1,20,249,"Asian,Sushi"
117085,PIZZA PRICE,Noida-1,3.9,20,300,"Italian,Snacks"
117087,Golden rasoi,Noida-1,4.6,20,250,North Indian
117091,Snack Adda,Noida-1,4.1,20,300,"Snacks,Chinese"
117097,Tandoori kitchen,Noida-1,3.6,500,99,"North Indian,Chinese"
117100,Khan's Kitchen 135,Noida-1,3.9,50,250,"Biryani,Hyderabadi"
117101,The Street Kiosk,Noida-1,4.3,20,150,"Fast Food,Pizzas"
117103,Teekhi Biryani,Noida-1,4.3,50,180,Biryani
117107,Cafe Delhi Heights,Noida-1,4.0,100,800,"Continental,American"
117109,DISHOUT Express,Noida-1,3.5,20,200,"North Indian,Chinese"
117116,CAFE BROWN CRUNCH 104,Noida-1,3.6,20,200,"Healthy Food,American"
117118,NAVI FOODS,Noida-1,4.4,20,149,"Indian,Chinese"
117119,box&combo,Noida-1,2.8,20,199,North Indian
117122,Bigg PHAT Kitchen,Noida-1,4.0,50,200,"North Indian,Mughlai"
117123,Chinese junction,Noida-1,2.9,50,300,"Chinese,Fast Food"
117126,BHARTIYA RASOI,Noida-1,4.0,100,199,"North Indian,Tandoor"
117128,House of Hummus N Dips,Noida-1,4.0,50,240,"Lebanese,Continental"
117129,PANKAJ BAKERY,Noida-1,3.7,50,150,"Bakery,Desserts"
117131,GAME OF TASTES,Noida-1,4.7,20,300,"Fast Food,Snacks"
117132,Bake The Cake (BTC),Noida-1,2.2,50,99,"Bakery,Desserts"
117133,Cinnabon & Auntie Anne's,Noida-1,4.2,50,500,Bakery
117134,The Tandoori Hub,Noida-1,2.7,20,150,"Tandoor,Indian"
117137,Biryani House,Noida-1,3.0,100,200,"North Eastern,Mughlai"
117138,Tandoori Shandoori,Noida-1,3.6,50,500,Tandoor
117145,Chilli Chinese Bowl,Noida-1,3.7,100,500,"Chinese,Thai"
117150,Biryani Begum,Noida-1,3.4,20,200,"North Indian,Biryani"
117155,NOIDA ROLLS KING,Noida-1,3.9,50,200,"Snacks,Fast Food"
117156,Krispy Kreme,Noida-1,3.8,50,350,Desserts
117157,Myriad Chinese,Noida-1,3.5,50,250,"Chinese,North Indian"
117161,Namak,Noida-1,3.8,20,400,Indian
117165,Captain Grub,Noida-1,3.7,20,600,American
117168,Maurya Dhaba,Noida-1,2.8,20,200,"North Indian,Chinese"
117179,Luco pizzeria,Noida-1,3.7,20,300,"Pizzas,Italian"
117183,De-She Tone Cafe,Noida-1,3.9,50,299,"Beverages,Fast Food"
117184,SOHO Kitchen & Co,Noida-1,3.8,100,300,"Pizzas,Beverages"
117187,Kensho - The Asian Kitchen,Noida-1,4.1,20,500,"Asian,Chinese"
117189,Bikanervala,Noida-1,3.9,1000,300,"Sweets,North Indian"
117190,Lucknowi Zaika,Noida-1,3.9,1000,300,"Mughlai,North Indian"
117193,Pandit ji ki Rasoi,Noida-1,3.1,50,200,"North Indian,Chinese"
117200,Dhaba 115,Noida-1,3.7,50,199,"North Indian,Indian"
117210,SPICEBURG,Noida-1,4.5,20,200,"Beverages,Chinese"
117212,ASAP - As Spicy As Possible,Noida-1,4.1,500,300,"North Indian,South Indian"
117218,Lajwaab Restaurant Sector 25,Noida-1,3.7,20,300,"North Indian,Chinese"
117222,Hindi Ram Rasoi,Noida-1,4.3,1000,150,North Indian
117224,"Fat Guy's Kitchen - Pizza, Pasta & Burgers!!",Noida-1,3.9,20,800,"Pizzas,Pastas"
117226,SANTA BANTA DA DHABA,Noida-1,3.9,20,350,"North Indian,Chinese"
117229,Food Fire,Noida-1,4.2,100,200,"Pizzas,Fast Food"
117230,Black Chopsticks,Noida-1,4.2,20,250,"Thai,Chinese"
117236,Chacha Soya Chaap,Noida-1,3.7,100,200,"Indian,Fast Food"
117243,PAAGADI,Noida-1,3.8,100,250,"North Indian,Sweets"
117249,T3 Rolls & Momos,Noida-1,4.3,100,300,"Kebabs,Chinese"
117252,VEER JEE PUNJABI CHAAP,Noida-1,3.0,50,200,"North Indian,Chinese"
117253,Chopstix,Noida-1,3.6,20,250,Chinese
117256,MAATI THE FLAVOUR,Noida-1,4.7,20,300,"Indian,Biryani"
117268,Call Chotu - Your Everyday Food Genie,Noida-1,4.0,500,300,"North Indian,American"
117276,StreetX,Noida-1,3.5,50,200,"Street Food,Indian"
117282,GOYAL RESTAURANT,Noida-1,4.2,100,199,"Indian,Thalis"
117287,YUMMY TUMMY - Noida's 1st BYOB Cafe,Noida-1,3.8,100,300,"North Indian,Tandoor"
117290,Moti Mahal Noida,Noida-1,3.5,20,300,"Indian,North Indian"
117291,MOKAS GRILL,Noida-1,4.7,20,250,"Beverages,American"
117296,Fourty Four,Noida-1,4.1,20,250,"Continental,Juices"
117297,Brijwasi Sweets,Noida-1,3.8,500,150,"Sweets,Chinese"
117306,Momo Hut,Noida-1,3.8,100,300,"Chinese,Tibetan"
117315,Amritsari Kulcha Land,Noida-1,4.2,20,200,"Punjabi,Street Food"
117318,Aggarwal Sweets & Snacks,Noida-1,2.1,20,250,Desserts
117320,VRANDAVAN  SWEETS,Noida-1,4.7,20,200,"Chinese,Beverages"
117323,Chai Nashta Aur Politics,Noida-1,2.0,20,150,"Fast Food,Indian"
117325,Mehfil Biryani by Zakir Khan,Noida-1,3.1,20,350,"Biryani,Mughlai"
117329,House of Lebanese,Noida-1,4.1,100,550,"Arabian,Lebanese"
117332,Maviras,Noida-1,4.1,50,200,"North Indian,Mughlai"
117335,Chawlas Tandoori Junction Exp.,Noida-1,4.2,1000,500,"North Indian,Chinese"
117344,ROLL KING RAJA,Noida-1,3.4,20,99,Chinese
117345,ROLLS HOUSE,Noida-1,3.3,100,99,Chinese
117346,EAT ATE EATEN,Noida-1,3.8,100,200,"North Indian,Chinese"
117349,chaap master,Noida-1,3.8,100,99,"Chinese,Indian"
117353,Swad Ka Khazana,Noida-1,4.4,50,300,"North Indian,Mughlai"
117355,FOODIE KNOCK FOOD ROCK,Noida-1,4.1,50,399,"North Indian,Chinese"
117356,Beijing Blend,Noida-1,4.2,100,450,"Chinese,Thai"
117357,SoupX-Sip of Health,Noida-1,4.4,100,300,"Healthy Food,Salads"
117358,Asian Fun,Noida-1,4.1,100,350,"Asian,Chinese"
117360,SHRI GOURI FOOD CORNER,Noida-1,3.3,20,300,"North Indian,Chinese"
117361,Moti Mahal Delux,Noida-1,3.0,20,600,North Indian
117363,Noodle Foodle,Noida-1,3.1,20,300,"Chinese,Fast Food"
117364,Confusion Fusion,Noida-1,3.7,20,400,Chinese
117365,Food of Dreams,Noida-1,4.1,100,300,"North Indian,Punjabi"
117373,ROYAL CHEF,Noida-1,4.6,20,300,North Indian
117376,Swaadisht,Noida-1,4.8,20,300,"North Indian,Biryani"
117386,Kolkata Kitchen 76,Noida-1,3.5,50,399,"Bengali,North Indian"
117392,Paranthe King,Noida-1,3.6,50,300,"Indian,Chinese"
117394,The Cake Brand,Noida-1,2.3,20,200,"Bakery,Desserts"
117401,FOOD LOVERS,Noida-1,3.5,20,200,"Snacks,Thalis"
117406,Chinese Hotpot,Noida-1,4.2,50,200,Chinese
117417,Peshawari daryaganj,Noida-1,4.1,20,400,Indian
117423,YouMee,Noida-1,3.6,50,600,"Japanese,Asian"
117428,De Urban Dhaba,Noida-1,4.2,20,300,"Indian,North Indian"
117431,Chacha Food Street,Noida-1,3.9,100,250,Chinese
117434,KARIMS,Noida-1,3.2,20,250,"North Indian,Indian"
117436,Starboy Pizza & Shakes,Noida-1,2.8,20,300,"Pizzas,Italian"
117451,The BP Street,Noida-1,4.1,100,250,"Indian,Chinese"
117454,The Cake House,Noida-1,2.6,20,350,Bakery
117456,Maayas Sweets,Noida-1,3.5,50,300,"North Indian,South Indian"
117466,Fit Fual Cafe,Noida-1,4.5,20,550,"Fast Food,Salads"
117468,Revival Dawat Restaurant,Noida-1,3.5,50,400,Indian
117478,Hot Plate,Noida-1,3.9,50,300,"North Indian,Thalis"
117479,Gabru da Dhaba,Noida-1,3.8,20,300,"Chinese,Indian"
117480,Pizzaioli,Noida-1,4.4,50,249,"Pizzas,Italian"
117488,KD Hospitality Services,Noida-1,4.5,20,250,"Indian,Chinese"
117494,NCR FOODZ,Noida-1,3.2,20,250,"North Indian,Chinese"
117495,DELIGHT MEALS,Noida-1,3.3,20,400,"North Indian,South Indian"
117496,Smokking Grillz,Noida-1,4.6,20,700,"Indian,Asian"
117503,CAKE CITY,Noida-1,2.0,50,99,"Bakery,Desserts"
117509,Badami Restaurant,Noida-1,4.1,50,250,"North Indian,Chinese"
117518,Combo kitchen,Noida-1,3.8,100,100,"North Indian,Chinese"
117520,Nomad Pizza- Traveller Series,Noida-1,4.3,50,750,"Pizzas,Italian"
117523,CHINESE & ROLL,Noida-1,3.8,50,200,"Indian,Chinese"
117526,Winner Pizzas (Fresh Dough),Noida-1,3.5,20,300,"Pizzas,Italian"
117528,Sanskriti Foods,Noida-1,4.0,500,300,"Indian,Chinese"
117529,Sas Caterers,Noida-1,2.7,100,99,"Mughlai,Tandoor"
117532,Shudh Bhojan,Noida-1,2.8,20,99,"North Indian,South Indian"
117534,The Food Hub,Noida-1,2.8,20,250,"North Indian,Chinese"
117536,Mell & Box,Noida-1,2.3,20,300,"North Indian,Chinese"
117539,Punjabi Dhaba 61,Noida-1,3.9,100,300,North Indian
117540,JUST CHILL CAFE,Noida-1,4.2,20,200,"Indian,Beverages"
117542,Shri Krishna Veg Biryani,Noida-1,2.9,20,200,"Biryani,North Indian"
117543,Saladspoint,Noida-1,4.3,100,600,"Healthy Food,Salads"
117544,Big Bowl Company,Noida-1,4.3,100,250,"Chinese,Snacks"
117552,Flourmates Cafe,Noida-1,4.5,20,300,"Bakery,Italian"
117553,The Taste of handi,Noida-1,4.0,20,300,Indian
117555,dosajee,Noida-1,2.7,20,150,"South Indian,Snacks"
117558,Wake up sid - Indian,Noida-1,3.8,20,400,"North Indian,Chinese"
117561,Andhra Royal Food,Noida-1,4.0,20,300,"Andhra,Biryani"
117562,kamat rolls,Noida-1,4.0,50,200,Fast Food
117564,Tikka wala,Noida-1,4.7,20,250,"Indian,Chinese"
117569,CHACHA FOODS,Noida-1,3.3,20,200,"North Indian,Chinese"
117570,DESI  TADKA,Noida-1,2.7,20,250,"North Indian,Snacks"
117571,Culinate,Noida-1,4.1,100,500,"Continental,Thai"
117572,Kuch Khatta Kuch Meetha,Noida-1,2.4,20,750,"Desserts,Beverages"
117573,Park Balluchi,Noida-1,3.9,50,600,"North Indian,Mughlai"
117574,Khansaama Food,Noida-1,4.7,20,250,"North Indian,Mughlai"
117577,Brown Sugar,Noida-1,4.2,20,600,"Fast Food,Beverages"
117585,Mamagoto,Noida-1,4.2,50,800,"Chinese,Asian"
117586,Kae Dama (Give me more noodles),Noida-1,4.6,20,400,"Chinese,Thai"
117598,Lorian cafe & fast food,Noida-1,4.0,100,199,Indian
117602,Punjabi's BalleBalle,Noida-1,3.8,20,250,"Indian,Chinese"
117606,Kali Mirch,Noida-1,3.8,100,300,"North Indian,Chinese"
117607,LALITA KITCHEN HOUSE,Noida-1,3.7,20,300,"North Indian,Tandoor"
117608,Chandni Chowk Ke Mashhoor Paranthe,Noida-1,4.1,100,200,"North Indian,Street Food"
117610,Rasoi Deliver,Noida-1,3.7,500,300,"North Indian,Chinese"
117612,Momopoly by Little Skillet,Noida-1,3.3,20,400,"Chinese,Tandoor"
117615,Healthy Foods,Noida-1,2.4,20,200,Indian
117616,Asian Fiction,Noida-1,4.3,500,500,"Asian,Chinese"
117619,SHAHI RASOI,Noida-1,3.4,20,250,"Indian,North Indian"
117621,NOODLES IN BOX,Noida-1,3.5,20,200,"Chinese,Continental"
117627,Nayi Dilli Ke Paranthe,Noida-1,4.0,100,250,"North Indian,Indian"
117630,SHRI RAM SOUTH INDIAN,Noida-1,3.9,50,199,South Indian
117631,Henry Havaldar,Noida-1,3.6,20,700,"North Indian,Mughlai"
117636,Biryani By Kilo,Noida-1,4.0,1000,700,"Biryani,Mughlai"
117640,The Black Coffee Cafe,Noida-1,3.7,20,300,"Continental,Mexican"
117644,Jamui junction,Noida-1,3.9,20,250,"Indian,Snacks"
117649,Spice Market - Premium Kebab Experience,Noida-1,4.1,50,600,"Indian,Mughlai"
117650,The Momo Co.,Noida-1,4.9,20,250,"Chinese,Snacks"
117657,Nathu's Sweets,Noida-1,2.8,100,400,"Street Food,North Indian"
117661,The Haven International Coffee House,Noida-1,4.1,20,520,Desserts
117662,Combo Food Street,Noida-1,2.9,20,99,"Chinese,Mughlai"
117665,Bowls King (A Complete Meal-in-One),Noida-1,3.9,100,300,"North Indian,Biryani"
117674,AADI PAADI,Noida-1,4.2,100,600,Kerala
117679,Food Mail Restaurant,Noida-1,4.3,20,400,"North Indian,Chinese"
117688,Indian Zaika,Noida-1,3.5,20,99,"Chinese,North Indian"
117693,Absolute Desi Rajwada Restaurant,Noida-1,4.1,20,300,"North Indian,Biryani"
117694,Nitya food place,Noida-1,3.8,20,250,"North Indian,Chinese"
117698,Nihari House,Noida-1,4.0,20,250,"Mughlai,Biryani"
117700,Mumbai Goli Pav - Sector 18,Noida-1,4.0,100,100,"Maharashtrian,North Indian"
117701,Roastery Coffee House,Noida-1,4.6,50,600,"Beverages,Pizzas"
117704,Eat@99,Noida-1,2.6,20,300,"North Indian,South Indian"
117705,The Indian Grill (Since 2010),Noida-1,4.2,50,500,"North Indian,Mughlai"
117708,Coastal Curries,Noida-1,4.1,50,500,"South Indian,Indian"
117711,Epicure by Ganesha,Noida-1,4.3,20,250,"North Indian,Chinese"
117719,Baraamda,Noida-1,4.1,50,400,"North Indian,Biryani"
117721,The Diet House Restaurant,Noida-1,4.2,50,200,"North Indian,Chinese"
117732,Canton Pot - Modern Chinese,Noida-1,4.0,20,400,"Thai,Pan-Asian"
117733,Be Healthy,Noida-1,3.7,20,200,"Healthy Food,Salads"
117734,TROHO - Savoury South,Noida-1,3.4,50,250,"South Indian,Desserts"
117737,Paratha cafe ( puraani delhi wale ),Noida-1,3.9,20,150,North Indian
117743,Orientaru,Noida-1,4.7,20,300,Chinese
117745,Chitra Cafe,Noida-1,3.1,20,300,"Snacks,Italian"
117749,The Belgian Waffle Co.,Noida-1,4.3,100,200,"Desserts,Beverages"
117750,Khan's Kathi Rolls,Noida-1,4.1,100,250,Fast Food
117753,Chowman Noida Sector 18,Noida-1,4.3,100,750,"Chinese,Asian"
117755,Pizza Never Lies,Noida-1,3.8,20,350,"Pizzas,Desserts"
117762,Mom's Pizza,Noida-1,3.9,100,250,Pizzas
117765,BBQ STORY,Noida-1,4.4,50,350,"Barbecue,North Indian"
117766,SodaBottleOpenerWala,Noida-1,3.8,50,1300,Parsi
117767,Geetanjali,Noida-1,2.3,20,200,"North Indian,Indian"
117769,GHAR SA YUMMY,Noida-1,4.1,50,200,Indian
117771,"Oki Poki - Sushi, Dimsums & More",Noida-1,4.5,20,800,"Chinese,Asian"
117777,Simu kitchan,Noida-1,4.4,20,129,Snacks
117781,Shinchan Chinese,Noida-1,4.0,20,250,"Chinese,Fast Food"
117784,KD MASOOR PARATHAS,Noida-1,4.5,20,200,"Snacks,Beverages"
117785,Taki Cafe and Restaurant,Noida-1,4.4,100,99,"Rajasthani,North Indian"
117790,K SE KULCHA,Noida-1,4.2,20,350,"Indian,Street Food"
117793,The Mallu Bites,Noida-1,3.6,100,250,"Kerala,Biryani"
117794,Social,Noida-1,4.2,100,600,"North Indian,Chinese"
117795,Magic@Food,Noida-1,4.5,20,200,"North Indian,Chinese"
117799,Lucknow E Dasterkhawan,Noida-1,3.6,20,300,"Indian,Tandoor"
117802,Amritsari Swaad,Noida-1,4.9,20,250,"North Indian,Snacks"
117803,Kylin Experience,Noida-1,4.7,20,1000,"Chinese,Pan-Asian"
117804,It's Just Wings,Noida-1,3.8,20,400,"American,Fast Food"
117805,PizzaExpress,Noida-1,3.9,50,1000,"Pizzas,Pastas"
117809,Chhpra Express Junction,Noida-1,3.9,20,300,"North Indian,Thalis"
117811,Ka Eclairs & Kafe,Noida-1,3.8,100,400,"Bakery,Desserts"
117812,United Coffee House Rewind,Noida-1,4.1,20,2500,"Continental,Indian"
117814,Capri Wings,Noida-1,4.0,20,500,"Italian,Pizzas"
117816,Tikka Box,Noida-1,4.4,50,600,"North Indian,Tandoor"
117818,BOSS Burger,Noida-1,3.9,20,500,"American,Continental"
117820,Burma Burma,Noida-1,4.4,100,1200,"Burmese,Pan-Asian"
117824,Baby Dragon,Noida-1,4.3,50,300,"North Indian,Thai"
117826,Smoke House Deli,Noida-1,4.2,50,800,"Italian,Continental"
117827,Daryaganj - By the inventors of Butter Chicken and Dal Makhani,Noida-1,4.1,100,1500,North Indian
119234,Biryani By Kilo,Patna,4.1,500,700,"Biryani,Mughlai"
119235,Sujata Family Restaurant,Patna,3.4,5000,300,"Mughlai,Chinese"
119236,Rajdhani Hotel,Patna,3.4,500,200,"Chinese,Indian"
119237,Lazeez Gold,Patna,3.5,500,400,"Chinese,Tandoor"
119238,La Pino'z Pizza,Patna,3.7,1000,300,Pizzas
119239,Khana Khazana,Patna,3.4,1000,300,"North Indian,Chinese"
119240,Amrapali Cafe,Patna,4.0,1000,600,"North Indian,Chinese"
119241,Hungry Hope,Patna,3.5,5000,300,"Indian,Chinese"
119242,BLUE MOON,Patna,3.4,100,300,Fast Food
119243,Kwality Walls Frozen Dessert and Ice Cream Shop,Patna,4.6,1000,100,"Desserts,Ice Cream"
119244,Ram Babu Restaurant,Patna,3.4,1000,300,"Chinese,North Indian"
119245,New Pal Hotel,Patna,3.2,1000,200,"Indian,Chinese"
119246,The Biryani Mall,Patna,3.8,500,400,Biryani
119247,Govinda Dhaba,Patna,3.7,100,200,Indian
119248,Champaran Meat House- TM,Patna,3.6,500,200,"Biryani,Indian"
119249,McDonald's,Patna,4.0,1000,400,American
119250,Biryani Junction,Patna,3.8,100,220,Biryani
119251,Cake Palace,Patna,3.6,1000,250,"Desserts,Bakery"
119252,BENZOZ PIZZA,Patna,3.5,100,200,Italian
119253,Banjara,Patna,4.0,500,300,"Chinese,Indian"
119254,Kolkata Biryani Darbar,Patna,3.3,500,200,"Biryani,Indian"
119255,Classic Family Restaurant,Patna,3.1,1000,400,"North Indian,Chinese"
119256,Kebab and Biryani Mahal,Patna,3.6,500,300,"Chinese,Indian"
119257,Biryani House,Patna,3.4,100,300,"Biryani,Mughlai"
119258,0612 ROAD CHEF [ Open Air ],Patna,3.9,1000,200,"Indian,Chinese"
119259,KHEER MAHAL,Patna,3.8,100,150,"Chinese,Indian"
119260,Gangadhar Hotel- Pure Veg,Patna,2.9,100,150,North Indian
119261,Desi Tadka Family Restaurant,Patna,3.4,100,250,"Biryani,Indian"
119262,Food Hut,Patna,3.5,500,300,"Indian,Chinese"
119263,Anmol Pal Hotel,Patna,3.5,100,450,"Chinese,South Indian"
119264,Pure Vegetarian,Patna,3.4,100,200,"Chinese,Tandoor"
119265,old champaran meat house,Patna,3.0,100,200,Indian
119266,Chandan Hotel,Patna,3.7,100,150,"North Indian,Biryani"
119267,Rollacosta,Patna,3.9,1000,250,"Indian,Chinese"
119268,The Art Of Spices,Patna,3.9,100,350,"South Indian,Indian"
119269,Biryani Lazeez,Patna,2.6,500,200,"Chinese,Indian"
119270,Bikaner Sweets And Pastry Shop,Patna,4.3,500,200,"Bakery,Sweets"
119271,Paratha House,Patna,3.3,100,300,"Indian,Chinese"
119272,KFC,Patna,3.8,500,450,"American,Snacks"
119273,Banjara Restaurant [ mauryalok ],Patna,3.8,100,200,"South Indian,Indian"
119274,Bonker's cafe,Patna,3.6,100,200,"Continental,North Indian"
119276,Keventers - Milkshakes and Desserts,Patna,4.1,100,300,"Beverages,Ice Cream"
119277,Foresto Paradise,Patna,3.6,50,1100,"North Indian,Chinese"
119278,Food Junction,Patna,3.3,1000,300,"Indian,Chinese"
119279,Sweet Home Confectioners,Patna,3.8,100,150,"Desserts,Snacks"
119280,Veg Food Hub,Patna,3.5,100,150,"North Indian,Chinese"
119281,Aasman,Patna,3.6,100,1000,"North Indian,Continental"
119282,ABs-Absolute Barbecues,Patna,3.3,20,400,"North Indian,Chinese"
119283,EXPRESS BY AB'S,Patna,3.5,100,400,"Biryani,North Indian"
119285,PFC,Patna,2.8,20,200,"North Indian,Indian"
119286,Dragon Flames Delivery,Patna,4.0,1000,400,Chinese
119287,Dosa Station,Patna,3.0,1000,150,South Indian
119288,Mansahar,Patna,3.8,50,250,"Chinese,Indian"
119289,Ji Hujur,Patna,3.5,500,300,"Indian,Chinese"
119290,Lakhu da Dhaba,Patna,3.7,20,300,"Indian,Tandoor"
119292,Well Food,Patna,3.4,1000,250,"Indian,Chinese"
119293,Indian Summer Cafe,Patna,3.6,50,800,North Indian
119294,Y Cheat Meals,Patna,3.2,50,100,"Fast Food,Chinese"
119296,HARILAL (Kankarbagh),Patna,4.1,1000,150,"Bakery,Sweets"
119297,Dosa Plaza (Pure Veg),Patna,3.5,100,199,South Indian
119299,Biryani King,Patna,3.5,500,300,"Indian,Tandoor"
119300,Akansha Food Corner,Patna,1.9,50,300,"North Indian,Chinese"
119301,HARILAL ( S.K. Puri ),Patna,4.2,1000,200,"Bakery,Indian"
119303,Raj Darbar Family Restaurant,Patna,3.8,100,300,"Biryani,Chinese"
119304,Ankur Restaurant,Patna,3.9,100,800,"North Indian,Biryani"
119305,ROMS PIZZA,Patna,3.6,100,200,"Pizzas,Beverages"
119306,Mom's Pizza & Cafe,Patna,3.1,500,250,"Italian,North Indian"
119307,Anu Pal Hotel,Patna,3.0,50,200,"Indian,Desserts"
119308,Chicago Pizza,Patna,3.7,100,300,"Pastas,Pizzas"
119309,LBW Lounge Before Wicket,Patna,3.6,100,800,"Indian,Chinese"
119310,Pandey Jee,Patna,3.8,500,200,"Chinese,Indian"
119311,Biryani Mahal,Patna,3.5,100,250,"Mughlai,Chinese"
119312,Ghar Angana,Patna,3.2,20,500,"North Indian,Chinese"
119313,Pizza Hut,Patna,3.7,100,350,Pizzas
119314,Afra Tafri,Patna,3.7,100,300,"Beverages,Chinese"
119317,Champaran Meat Mall,Patna,3.7,20,200,"Street Food,Indian"
119318,Sardarji's Kitchen,Patna,3.6,20,200,"Chinese,Indian"
119321,Arsalan Biryani Factory,Patna,3.4,100,150,"North Indian,Chinese"
119323,Shivangi Restaurant,Patna,3.7,500,150,"Indian,Chinese"
119324,Dragon Flames,Patna,3.8,500,400,"Chinese,Tibetan"
119325,MY BAKERY WORLD,Patna,3.6,100,200,Desserts
119326,Champaran Meat House thali and biryani,Patna,3.4,50,250,"Indian,Chinese"
119327,Roll Corner,Patna,3.4,100,250,North Indian
119328,Toritto's By Foresto,Patna,3.3,20,300,"Indian,Snacks"
119329,Raj Darbar Take-Away,Patna,3.9,50,300,"Indian,Biryani"
119330,HARILAL (Gandhi Maidan),Patna,4.3,100,200,"Bakery,Sweets"
119332,Chennai Express,Patna,3.8,500,300,South Indian
119335,Hotel Shivam,Patna,3.8,100,300,"North Indian,Chinese"
119336,Bhojan Raat Bhar,Patna,2.8,20,200,"North Indian,Chinese"
119337,Usha Kiran Ghar Ki Rasoi,Patna,3.6,100,200,"Thalis,Indian"
119339,Dragon Xpress,Patna,3.9,100,300,"Chinese,Indian"
119340,Burgerbash,Patna,4.1,500,150,Continental
119341,Pramod Paprika,Patna,3.9,100,300,"North Indian,Chinese"
119342,Tandoori Mahal,Patna,3.3,500,200,"Chinese,Indian"
119344,Bollywood Treats - Hotel Maurya,Patna,4.0,50,700,"Indian,Chinese"
119345,DREAM SHAKES AND CO.,Patna,4.2,100,300,"Beverages,Desserts"
119346,Cafe Culcattiya,Patna,3.6,20,200,"Chinese,Beverages"
119351,Rupam Fast Food & Restaurant,Patna,3.3,20,200,"North Indian,Chinese"
119352,Naushijaan,Patna,4.0,100,500,"Biryani,Kebabs"
119353,Kathi Junction,Patna,3.8,100,100,"Indian,Chinese"
119354,Jain Food Hub,Patna,3.3,100,300,"North Indian,Chinese"
119357,Grill N Bite kitchen,Patna,3.9,20,200,"Italian,Chinese"
119361,Nirvana,Patna,3.8,100,900,"North Indian,Chinese"
119363,Palsons,Patna,3.0,100,250,"Bakery,Sweets"
119364,Bikkgane Biryani,Patna,3.8,500,350,"Biryani,Hyderabadi"
119365,Foodoholic,Patna,3.9,500,200,"Chinese,Combo"
119368,Baskin Robbins,Patna,4.0,100,150,"Desserts,Ice Cream"
119369,American's pizza,Patna,3.9,50,400,Pizzas
119372,Oscan Pizza,Patna,3.6,20,250,Pizzas
119373,Foodie 18,Patna,4.0,50,300,"Indian,Snacks"
119374,Puja Hotel,Patna,3.5,50,300,"Chinese,Indian"
119375,The Frying Pan Restaurant,Patna,3.7,1000,400,"Indian,Chinese"
119376,Behrouz Biryani,Patna,4.1,100,500,"Biryani,Mughlai"
119377,Zaika Family Fast Food,Patna,2.9,1000,200,"Indian,Chinese"
119381,Khichdi Central,Patna,3.2,20,400,"North Indian,Healthy Food"
119382,Bawarchi,Patna,3.7,100,500,"Indian,Chinese"
119384,The Ultimate Bhukkhad Dhaba,Patna,3.9,100,200,"Chinese,Indian"
119385,Momo Magic Cafe,Patna,3.5,100,250,"Chinese,Tibetan"
119386,Health king juice cafe,Patna,3.5,20,110,"Juices,Beverages"
119387,Momo Street,Patna,4.3,50,300,"Asian,Chinese"
119389,7th HEAVEN,Patna,3.9,20,400,Bakery
119390,The Belgian Waffle Co.,Patna,4.0,100,200,"Desserts,Beverages"
119391,The Boring Cafe,Patna,3.7,100,250,"Continental,Italian"
119393,Domino's Pizza,Patna,4.0,100,400,Pizzas
119394,THALI,Patna,3.5,50,250,Indian
119395,Cafe Coffee Day,Patna,3.8,100,300,"Beverages,Snacks"
119398,SPICE ROOTS,Patna,4.3,20,500,"North Indian,Chinese"
119402,Mum's Kitchen,Patna,3.7,50,150,"Chinese,North Indian"
119403,Mings Chimney,Patna,4.0,100,200,Chinese
119404,UBQ by Barbeque Nation,Patna,3.6,100,300,"North Indian,Barbecue"
119405,Momo Nation Cafe,Patna,3.8,100,300,"Chinese,North Indian"
119407,Rasoi Restaurant,Patna,2.9,20,150,"Chinese,Indian"
119409,Biryani handi ghar,Patna,2.5,20,200,Biryani
119410,WarmOven Cake & Desserts,Patna,4.2,100,200,"Bakery,Desserts"
119411,Sinha's Pic N Muv,Patna,3.5,20,250,"North Indian,Fast Food"
119412,Sayeshaa Restro & Cafe,Patna,3.8,20,250,"North Indian,Chinese"
119414,Madras Dosa House,Patna,4.3,50,2,"South Indian,Chinese"
119415,THE PIZZERIA,Patna,3.6,50,400,Italian
119416,Moti Mahal Delux  (Frazer Road),Patna,3.5,100,300,"Indian,Biryani"
119418,KANHA KI RASOI,Patna,3.4,100,100,"Chaat,Desserts"
119420,Mr and Mrs vada,Patna,4.2,50,260,"South Indian,Chinese"
119423,Freedom Cafe,Patna,4.0,50,300,"Fast Food,Burgers"
119424,Hotel Anand Sagar,Patna,4.1,100,200,"Desserts,Biryani"
119425,Sweet Home (Boring Road Chauraha),Patna,4.2,50,300,"Sweets,Bakery"
119426,Peshawari 11 to 11,Patna,3.8,20,400,Mughlai
119427,Waffcha,Patna,4.1,50,200,"Desserts,Beverages"
119428,Wat-a-Burger! India Ka Burger,Patna,4.1,100,250,"Fast Food,American"
119430,The Downtown Cafe,Patna,3.9,100,200,"Beverages,Chinese"
119431,Kouzina Kafe The Food Court,Patna,4.5,50,200,"Bakery,Desserts"
119432,Changu Mangu,Patna,3.6,100,200,"Indian,Chinese"
119434,MARDI BAKERY & CAFE,Patna,2.8,20,300,Bakery
119435,Biryani Badshah,Patna,3.8,100,350,"Biryani,Hyderabadi"
119440,Kaati Zone Rolls & Wraps,Patna,4.3,50,200,"Bakery,Desserts"
119442,Sundae Everyday Ice Creams,Patna,4.1,20,100,"Ice Cream,Desserts"
119443,Slurpy Shakes,Patna,4.6,50,150,"Beverages,Ice Cream"
119445,Suruchi Sweets,Patna,3.8,100,100,"Snacks,Sweets"
119448,Faasos - Wraps & Rolls,Patna,4.1,50,200,"Fast Food,Snacks"
119449,Indiana Burgers,Patna,4.4,50,200,"Fast Food,American"
119450,Namaste Bihar Cafe,Patna,3.2,20,200,"Indian,North Indian"
119452,Barbeque Nation,Patna,3.6,50,600,"North Indian,Barbecue"
119454,Asian Fusion,Patna,3.5,100,250,"Biryani,North Indian"
119455,Cafe Hideout Kankarbagh,Patna,3.7,20,400,"Indian,Chinese"
119456,Cafe hideout,Patna,3.8,50,400,"Chinese,Fast Food"
119457,Hi Q Foods,Patna,4.0,100,250,"Indian,Chinese"
119460,The Dessert Zone,Patna,4.4,50,200,"Bakery,Desserts"
119464,Biryani Kilo Se,Patna,3.8,50,300,Biryani
119465,Biryani Dry & Fry,Patna,2.2,50,250,"Biryani,Tandoor"
119466,King biryani,Patna,3.3,100,250,"Mughlai,Chinese"
119468,Jungle,Patna,3.0,100,200,"Indian,North Indian"
119473,Meera hut,Patna,4.3,50,2,"North Indian,Fast Food"
119475,Hot Grills,Patna,4.0,100,500,"Indian,Chinese"
119476,Subhraj Fast Food,Patna,3.6,100,200,"Tandoor,South Indian"
119477,Cupcake Bliss Cake & Desserts,Patna,4.5,20,200,"Bakery,Desserts"
119480,The Good Bowl,Patna,4.0,50,400,"North Indian,Punjabi"
119481,LunchBox - Meals and Thalis,Patna,3.9,20,200,"North Indian,Punjabi"
119482,Oven Story Pizza,Patna,3.8,20,500,"Pizzas,Italian"
119486,Cathy Confectioners,Patna,3.8,50,300,"Sweets,Desserts"
119487,Bomb Burger,Patna,3.6,100,250,"American,Snacks"
119488,Dangus,Patna,4.1,20,300,Indian
119492,The Foodies,Patna,3.7,100,250,"Indian,Chinese"
119493,Hunger Strike,Patna,3.4,20,200,"Indian,Chettinad"
119494,Cake 24x7,Patna,2.6,20,280,Indian
119495,Kabab Mahal,Patna,3.7,20,300,"Chinese,Tandoor"
119496,Firangi Kitchen,Patna,4.1,20,300,"Chinese,North Indian"
119497,Ching Cha-Cha,Patna,3.6,50,250,"Chinese,Fast Food"
119498,PATNA FOODIES CLUB,Patna,3.8,50,300,"Chinese,Beverages"
119499,Swaaddesh,Patna,3.5,50,399,"North Indian,Chinese"
119500,Burger It Up,Patna,4.5,20,200,"American,Continental"
119502,Ten 2 Ten Cafe,Patna,3.7,50,200,"Chinese,Fast Food"
119503,EMPEROR FAST FOOD,Patna,3.8,20,200,"Chinese,Indian"
119504,Classic Biryani Mahal,Patna,2.4,50,350,"North Indian,Biryani"
119505,Marawari basa,Patna,3.5,100,150,Thalis
119509,Pure Veg Meals by Lunchbox,Patna,4.4,20,200,"North Indian,Desserts"
119513,Grillys,Patna,3.2,100,250,"Arabian,Mediterranean"
119514,Black Eye Cafe & Kitchen,Patna,3.3,100,250,"Chinese,Tandoor"
119515,Sah South Corner,Patna,3.9,20,100,"South Indian,Snacks"
119516,Mama's Momos,Patna,3.7,50,100,"Indian,Chinese"
119518,Rasoi Ghar,Patna,3.2,20,120,"Street Food,Indian"
119531,CURRY N KEBAB,Patna,3.9,20,300,"Chinese,Indian"
119532,Social Kulture,Patna,3.9,50,1200,"Indian,Asian"
119534,Sattuz Cafe,Patna,3.9,100,199,"Bihari,Indian"
119535,Cilantro,Patna,3.9,100,300,"Tandoor,Arabian"
119548,Manbhawan sweets,Patna,3.5,1000,150,"Sweets,Snacks"
119557,Desi Chulha,Patna,3.5,20,200,"North Indian,Snacks"
119559,Sweet Plazza,Patna,3.2,50,150,"Snacks,Desserts"
119561,Madhuram Restaurant,Patna,3.5,20,300,"Indian,Chinese"
119563,FreshBox,Patna,4.3,100,600,"Continental,Mediterranean"
119569,Biryani Pot (Unit Of Well Food),Patna,3.0,20,300,"Biryani,Combo"
119571,BHABHIS KITCHEN,Patna,3.8,20,350,North Indian
119576,BANJARA VYANJAN,Patna,3.2,50,250,"Chinese,North Indian"
119589,Hariram's,Patna,3.6,100,200,"Street Food,Sweets"
119592,SURBHI DHABA,Patna,2.4,20,400,"North Indian,Chinese"
119595,Kumar Biryani park,Patna,3.2,50,200,"Indian,Chinese"
119604,Kathi Rolls and Kebab (Unit Of Rasoi Ghar),Patna,2.7,20,200,"Fast Food,Kebabs"
119605,Zaika Vihar,Patna,3.6,50,300,"Indian,Chinese"
119609,Red Chillii,Patna,3.5,1000,200,"Indian,Chinese"
119618,MR Shawarma,Patna,3.8,20,100,"Chinese,Indian"
119621,Kamat Restaurant,Patna,3.8,50,250,"Indian,Chinese"
119624,Brijwasi Sweets & Restaurant,Patna,3.5,50,300,"Snacks,Fast Food"
119625,D-Zaprino,Patna,3.7,100,200,"Continental,Desserts"
119628,Candy,Patna,3.9,100,100,"Bakery,Sweets"
119629,LAZEEZ BIRYANI,Patna,3.1,50,200,"Biryani,Chinese"
119648,MOK:MOK BRUNCH,Patna,3.6,20,150,"Chinese,North Indian"
119649,Orange Inn,Patna,3.7,100,200,"Indian,Chinese"
119651,Original Biryani Charminar,Patna,3.6,500,200,"Biryani,Indian"
119652,GO 69 PIZZA,Patna,3.4,20,500,"Pizzas,Italian"
119654,Indian Food Court,Patna,2.3,50,300,"Tandoor,North Indian"
119658,Dazy sweets corner,Patna,3.0,20,100,Sweets
119662,Bhukkhad,Patna,2.8,20,300,"Indian,Chinese"
119667,Maa Shitala Sweets,Patna,2.5,20,100,Sweets
119669,Zaika (Malahi pakdi),Patna,2.8,20,300,"Indian,Chinese"
119673,The Biryani Mahal,Patna,2.3,20,150,"Biryani,Kebabs"
119675,Bhukkaholic,Patna,3.8,20,250,"Indian,Chinese"
119676,Quality Food corner,Patna,3.7,100,200,"Chinese,Snacks"
119679,Noshers,Patna,3.6,100,250,"Indian,Chinese"
119681,Pal Hotel,Patna,2.8,20,300,"South Indian,Biryani"
119683,The Cake Factory,Patna,3.8,50,400,"Sweets,Bakery"
119684,LAMINGO KITCHEN,Patna,4.1,50,249,"Biryani,Thalis"
119686,KINGDOM OF MOMOS,Patna,4.4,50,400,"Chinese,Tandoor"
119687,Hot and Spicy,Patna,3.7,20,200,"Indian,Chinese"
119689,Lazeez Express,Patna,3.8,100,400,"Indian,Tandoor"
119691,Manbhawan Fast Food,Patna,3.3,50,200,"Chinese,Indian"
119693,N Chennai Express,Patna,3.5,100,200,"South Indian,Chinese"
119699,The Biryani Express (A Unit Of New Biryani Corner),Patna,2.7,20,250,"Biryani,North Indian"
119702,Champaran Meat House,Patna,3.0,50,250,"Indian,Chinese"
119703,Anupma Veg Rasoi Ghar,Patna,3.3,100,200,"Chinese,Indian"
119704,USPFC,Patna,3.4,20,250,"Indian,Pizzas"
119706,Lazeez Food Family Restaurant,Patna,2.7,100,200,"Chinese,Tandoor"
119708,Moms Magic,Patna,3.8,50,150,Indian
119714,Kathi Nation - (Kurji),Patna,4.1,100,300,"Biryani,North Indian"
119716,Patna Fried Chicken,Patna,3.9,20,300,Continental
119717,Savitri Rasoi,Patna,3.2,500,250,"Indian,Chinese"
119720,Just Nirvana,Patna,3.9,100,300,"Chinese,Indian"
119727,Arsalan Biryani,Patna,3.7,100,300,"Mughlai,Chinese"
119728,BIRYANI 7 SEA'S,Patna,3.1,50,250,"Biryani,Chinese"
119732,GARAGE KITCHEN,Patna,4.5,50,300,"Italian,Fast Food"
119733,Cherry Sweets & Confectioners,Patna,3.7,100,300,"Bakery,Sweets"
119734,Haldiram's Prabhuji,Patna,3.4,20,300,"Street Food,North Indian"
119744,Sweet Truth,Patna,3.8,50,450,"Bakery,Desserts"
119745,Momo's World Cafe,Patna,4.0,20,100,"Chinese,Snacks"
119748,17 Degrees,Patna,3.5,20,700,"Indian,Chinese"
119761,My Cafe o;clock - Vinayaka Hotel,Patna,2.9,100,350,"Chinese,Indian"
119765,EAT & TREAT - VINAYAKA HOTEL,Patna,3.2,100,300,Chinese
119768,Chef Rajan Bakery,Patna,4.0,100,150,"Bakery,Indian"
119774,Shree Hari Baanke Bihari - Vinayaka Hotel,Patna,2.7,20,100,"South Indian,Bakery"
119775,Darpan Restaurant,Patna,3.8,100,200,"Indian,Chinese"
119778,Puchkawale,Patna,3.8,50,50,"Street Food,Indian"
119784,Dawat Restaurant,Patna,3.6,100,300,"Indian,Chinese"
119789,VINAYAKA HOTEL,Patna,3.0,100,250,North Indian
119791,HUNGER HACKERS,Patna,3.3,20,300,"Snacks,Italian"
119792,The Clovers Inn,Patna,4.0,50,250,"North Indian,Snacks"
119795,New Biryani Mahal,Patna,3.6,50,200,"Indian,Chinese"
119801,Batido_ The Shake Paradise,Patna,4.1,20,200,"Beverages,Snacks"
119803,Chatkara Food Court,Patna,4.1,100,400,"Desserts,Indian"
119806,Palsons,Patna,3.6,100,250,"Desserts,Bakery"
119810,Mumbai Meri Jaan,Patna,3.9,20,300,"Indian,Chinese"
119813,SALTWATER,Patna,3.3,100,200,"Chinese,Indian"
119816,SPICE EXPRESS RESTAURANT & CAFE,Patna,3.4,20,400,"North Indian,Chinese"
119817,Original Biryani Charminar (Gai Ghat),Patna,3.6,20,500,"North Indian,Biryani"
119818,The Atrium By Filha Do Pai,Patna,3.6,100,300,"Chinese,Continental"
119820,Hieh Cafe,Patna,3.4,20,200,"Chinese,Indian"
119821,Stash Cafe,Patna,3.6,50,250,"Chinese,Indian"
119822,Chandan Dhaba,Patna,3.4,1000,150,"Indian,Tandoor"
119823,Brijwashi Sweets And Restaurant,Patna,3.9,1000,150,"Indian,Sweets"
119828,Bakers King,Patna,2.8,100,300,Desserts
119831,Bikaner Elite ( Rukanpura ),Patna,4.1,1000,200,"Bakery,Indian"
119832,Hotpot,Patna,4.2,20,300,"Indian,Chinese"
119834,Singh - Saab,Patna,4.0,20,200,"Chinese,Indian"
119836,angeethi,Patna,3.6,50,600,"Chinese,Indian"
119843,Aahar Bhojanalaya,Patna,3.4,50,200,Indian
119845,Burger & pizza factory,Patna,3.1,20,100,"Pizzas,American"
119846,Salt & Spicy Dhaba,Patna,3.0,500,150,"Chinese,Indian"
119847,Old Champaran Mutton House,Patna,3.4,50,350,Indian
119849,The Napples - Hotel Amalfi Grand,Patna,4.1,500,400,"Indian,Chinese"
119851,chaat Adda,Patna,3.2,20,200,"South Indian,Chaat"
119852,BATIDO,Patna,3.9,20,200,"Beverages,Fast Food"
119857,KARIM'S,Patna,3.8,50,200,Indian
119858,Italiano Pizza,Patna,3.5,20,300,"Italian-American,Pizzas"
119862,Hotel Frontline Residency,Patna,3.4,20,200,"Indian,Chinese"
119863,Noodles Corner,Patna,3.2,500,200,"Indian,Chinese"
119869,Litto - The taste of Bihar,Patna,3.5,20,170,Bihari
119871,Cake Fantastic,Patna,3.7,20,300,"Bakery,Desserts"
119872,Chicago Pizza (Agamkuan),Patna,3.7,50,200,"Pizzas,Italian"
119876,Madhu kunj Restaurant & hotel,Patna,3.7,20,250,"Chinese,North Indian"
119877,Tandoori Dhaba,Patna,3.4,100,200,"Chinese,Indian"
119881,Googly 11 Restaurant,Patna,3.8,50,200,"Indian,Chinese"
119882,Mr. Bakers,Patna,4.3,100,300,Desserts
119883,THE JUNGLE SAFARI,Patna,3.1,20,300,"North Indian,Chinese"
119885,Nirula's,Patna,4.0,50,600,"Desserts,Ice Cream"
119888,DESI TADKA,Patna,3.5,50,200,"Chinese,Indian"
119898,The Food Mania,Patna,3.6,20,250,"Chinese,Indian"
119899,Oye petu,Patna,2.8,100,250,"Tandoor,Biryani"
119901,Spicy Fast Food & Snacks Corner (Unit of Spicy Bih,Patna,2.6,50,200,"Indian,Chinese"
119904,SADA BAHAR DHABA,Patna,3.0,20,300,"North Indian,Chinese"
119905,Halka Fulka,Patna,3.5,20,200,Indian
119906,Biryani By Bihari's,Patna,4.1,100,500,"Biryani,Combo"
119910,Chef Rajan Bakery shop,Patna,3.9,100,150,Bakery
119916,litti and samosa house,Patna,3.0,50,100,"North Indian,Snacks"
119917,The Old Monk Cafe,Patna,4.0,100,300,"Chinese,Indian"
119919,Tulsi Restaurant ( Hotel Radhika inn ),Patna,2.0,20,200,"Chinese,Indian"
119921,Pankaj Sweets Corner,Patna,3.0,50,200,Sweets
119923,chappan Bhog,Patna,3.8,500,300,"Indian,Chinese"
119925,Dadan Handi Meat,Patna,3.5,100,300,"Indian,Chinese"
119926,Biryani Darbaar,Patna,3.0,20,300,"Indian,Chinese"
119927,The Hot Spicy Dhaba,Patna,2.5,20,300,Indian
119931,Laziz Pizza,Patna,3.7,20,150,"Italian,Arabian"
119932,Om sai ka dhaba,Patna,2.7,50,200,"Indian,Chinese"
119933,Rooftop Cafe,Patna,3.9,20,399,"Chinese,Beverages"
119934,The Hot Tandoori Junction,Patna,2.6,50,300,"Indian,Chinese"
119937,Kamdhenu Sweets & Confectionary,Patna,2.7,20,150,"South Indian,Chinese"
119938,TANDOORIWALA,Patna,3.3,20,300,"Indian,Chinese"
119942,Tandoor and curry hut,Patna,3.3,20,200,"Indian,Tandoor"
119944,Cafe Insta,Patna,4.3,50,500,"Tandoor,Chinese"
119945,Open with Smile,Patna,4.2,20,150,"Chinese,North Indian"
119950,Road Stove,Patna,3.7,100,200,"Chinese,Fast Food"
119951,Yash Kirti Restraunt,Patna,4.0,100,150,"South Indian,Chinese"
119958,Grand Biryani Mahal,Patna,3.5,50,200,"Biryani,Indian"
119965,Lazeez Restaurant  The Bihari Flavour,Patna,3.7,20,350,"Chinese,North Indian"
119966,Meal on time,Patna,4.1,20,200,"Indian,Chinese"
119969,Anmol Fast Foods,Patna,3.3,100,200,Chinese
129119,Kapila Kathi Kabab,"Viman Nagar,Pune",4.2,100,250,Indian
129120,Mozo Pizza,"Viman Nagar,Pune",3.2,50,300,Pizzas
129126,Hotel Al Zaika,"Viman Nagar,Pune",3.9,1000,300,"Mughlai,North Indian"
129131,Natural Ice Cream,"Viman Nagar,Pune",4.6,100,150,Ice Cream
129133,Thorat's Baarbeque Misal,"Viman Nagar,Pune",2.8,20,200,Beverages
129134,Khichdi Junction,"Viman Nagar,Pune",3.9,20,200,North Indian
129135,MYSORE DOSA CO,"Viman Nagar,Pune",2.7,20,150,"South Indian,Snacks"
129136,The Good Bowl,"Viman Nagar,Pune",4.3,100,400,"North Indian,Punjabi"
129139,Allora,"Viman Nagar,Pune",4.2,50,650,"Italian,Pizzas"
129141,Taste of Indore,"Viman Nagar,Pune",4.3,100,200,"Snacks,Indian"
129143,Dohiti bake house,"Viman Nagar,Pune",4.5,20,450,"French,Desserts"
129147,SLAY Coffee,"Viman Nagar,Pune",4.2,100,200,"Beverages,Desserts"
129154,Kathy's Burgertown,"Viman Nagar,Pune",4.2,20,300,"Fast Food,Beverages"
129158,Best Belgian waffle,"Viman Nagar,Pune",4.1,100,300,"Desserts,Beverages"
129160,New Naaz Caterers Biryani House,"Viman Nagar,Pune",4.0,50,300,"Biryani,Indian"
129161,V Cafe - Meals By PVR,"Viman Nagar,Pune",4.3,50,300,"Pizzas,Snacks"
129162,The Bohemian Kitchen,"Viman Nagar,Pune",4.3,100,300,"American,Italian"
129163,Cafe Peter,"Viman Nagar,Pune",4.1,100,400,"Desserts,Continental"
129164,Burger It Up,"Viman Nagar,Pune",4.0,100,150,"American,Fast Food"
129168,Baskin Robbins,"Viman Nagar,Pune",4.2,50,250,"Desserts,Ice Cream"
129170,Mekong Folks,"Viman Nagar,Pune",4.5,50,650,"Asian,Sushi"
129172,Rocket Singh paratha,"Viman Nagar,Pune",3.1,100,200,"Snacks,Punjabi"
129173,Vaishnavi Litti Bhandar,"Viman Nagar,Pune",4.3,50,100,North Indian
129178,Sevensisters Momo,"Viman Nagar,Pune",4.1,100,350,"Fast Food,Chinese"
129179,Merwans Cake Stop,"Viman Nagar,Pune",4.3,50,400,"Bakery,Desserts"
129180,captain rolls,"Viman Nagar,Pune",3.8,100,200,"Snacks,Indian"
129181,Momo Zone - The Momo Company,"Viman Nagar,Pune",3.8,50,200,"Chinese,Tibetan"
129182,Al-Hifazat Kabab's & Caterers,"Viman Nagar,Pune",3.9,50,550,"North Indian,Mughlai"
129183,Chang's,"Viman Nagar,Pune",4.2,1000,700,Chinese
129186,American Ration,"Viman Nagar,Pune",4.2,20,300,"American,Fast Food"
129190,Toit,"Viman Nagar,Pune",4.3,100,850,"Italian-American,American"
129194,Nothing But Chicken,"Viman Nagar,Pune",4.2,100,400,"Salads,Fast Food"
129195,Chai Point,"Viman Nagar,Pune",4.2,500,150,"Healthy Food,Bakery"
129201,Cafe Milano,"Viman Nagar,Pune",4.0,20,200,"Italian,Fast Food"
129202,Anthonys Kitchen,"Viman Nagar,Pune",3.3,20,250,"Biryani,Tandoor"
129204,The Biryani Life,"Viman Nagar,Pune",4.2,50,250,"Biryani,Hyderabadi"
129207,Room For Dessert,"Viman Nagar,Pune",4.5,20,300,"Desserts,Bakery"
129209,Delhi Chaap Express,"Viman Nagar,Pune",4.2,100,200,"North Indian,Chinese"
129212,BIRYANI BADSHAH,"Viman Nagar,Pune",4.1,100,350,"Biryani,Hyderabadi"
129213,Rajdhani,"Viman Nagar,Pune",3.6,50,400,"Gujarati,Rajasthani"
129219,Irani Chai Co,"Viman Nagar,Pune",2.8,50,200,"Snacks,Beverages"
129220,Lazeez by Hyderabadi Delicacies,"Viman Nagar,Pune",3.8,100,450,"Biryani,Mughlai"
129221,Smoodies & Juices: Your Fruitfully,"Viman Nagar,Pune",5.0,20,140,"Beverages,Snacks"
129225,Faasos - Wraps & Rolls,"Viman Nagar,Pune",4.2,500,200,"Fast Food,Snacks"
129226,The Cheese Truck,"Viman Nagar,Pune",4.3,50,180,"Fast Food,Desserts"
129227,KAKE DA HOTEL,"Viman Nagar,Pune",3.7,20,250,"Chinese,North Indian"
129229,Green Salad Company,"Viman Nagar,Pune",4.5,100,400,"Salads,Healthy Food"
129230,Rollskart,"Viman Nagar,Pune",4.1,100,350,"Indian,Beverages"
129232,Chinese Castle,"Viman Nagar,Pune",3.0,20,250,Chinese
129234,The Kolkata Biryani Co,"Viman Nagar,Pune",3.5,20,300,"Biryani,Bengali"
129247,Alibaba- Flavour of Middle East,"Viman Nagar,Pune",4.4,20,300,Lebanese
129248,Degchi Biryani,"Viman Nagar,Pune",3.9,20,250,Biryani
129251,Arabian Bites,"Viman Nagar,Pune",4.4,20,250,"Arabian,Lebanese"
129254,Sweet Truth - Cake and Desserts,"Viman Nagar,Pune",4.2,50,450,"Bakery,Desserts"
129256,Copper Chocs,"Viman Nagar,Pune",4.7,50,400,"Desserts,Bakery"
129257,LunchBox - Meals and Thalis,"Viman Nagar,Pune",4.1,100,200,"North Indian,Punjabi"
129260,Firangi Bake,"Viman Nagar,Pune",4.4,50,400,"Italian,Mexican"
129267,NIGHT HUNGERS HUT,"Viman Nagar,Pune",3.2,20,300,"Fast Food,Pizzas"
129270,Swades Veg-Non Veg,"Viman Nagar,Pune",4.3,50,300,"North Indian,Chaat"
129272,Hot Momo's And Burger,"Viman Nagar,Pune",4.2,500,300,Chinese
129273,Behrouz Biryani,"Viman Nagar,Pune",4.4,500,500,"Biryani,Mughlai"
129274,Oven Story Pizza,"Viman Nagar,Pune",4.2,500,400,Pizzas
129275,Smoke House Deli,"Viman Nagar,Pune",4.1,50,800,"Italian,Continental"
129277,The Wok Box,"Viman Nagar,Pune",3.5,20,250,"North Indian,Punjabi"
129278,NIC Natural Ice Creams,"Viman Nagar,Pune",4.7,500,120,"Ice Cream,Desserts"
129280,REDDYS RESTAURANT TANDOORI,"Viman Nagar,Pune",3.6,20,350,"Chinese,Combo"
129282,Breakfast place,"Viman Nagar,Pune",3.4,100,200,"Snacks,Beverages"
129284,Cafe Old Skool,"Viman Nagar,Pune",4.3,20,400,"Beverages,Fast Food"
129286,Paratha Galli,"Viman Nagar,Pune",4.0,20,150,"North Indian,Sweets"
129287,The Urban Chinese,"Viman Nagar,Pune",3.0,20,350,Chinese
129288,Chai Shai,"Viman Nagar,Pune",4.1,500,150,"Beverages,Desserts"
129297,The Belgian Waffle Co.,"Viman Nagar,Pune",4.3,100,200,"Desserts,Beverages"
129300,SWAD THE REAL TASTE,"Viman Nagar,Pune",3.5,50,300,"Pizzas,Fast Food"
129309,Peetuk,"Viman Nagar,Pune",3.9,1000,300,"Bengali,Biryani"
129312,Madras Idli shop,"Viman Nagar,Pune",3.8,20,150,"South Indian,Snacks"
129314,Wow! Momo,"Viman Nagar,Pune",3.7,20,300,"Tibetan,Healthy Food"
129315,Spatzle Bistro,"Viman Nagar,Pune",3.5,20,400,"Continental,Italian"
129316,Hyderabadi Biryani Express,"Viman Nagar,Pune",3.2,500,200,"Biryani,Combo"
129326,Krushnakala Misal,"Viman Nagar,Pune",3.6,20,100,"Maharashtrian,Street Food"
129328,Radhika -Bengali Sweets,"Viman Nagar,Pune",3.9,50,100,"Desserts,Bengali"
129331,HRX by Eatfit,"Viman Nagar,Pune",5.0,20,270,"Healthy Food,Salads"
129332,Hotel Malabar,"Viman Nagar,Pune",3.8,100,400,"North Indian,Chinese"
129333,Monginis Cake Shop,"Viman Nagar,Pune",4.1,20,400,Desserts
129334,Mummy's Kitchen,"Viman Nagar,Pune",4.1,20,200,North Indian
129343,Desi videsi,"Viman Nagar,Pune",4.0,20,250,"North Indian,South Indian"
129344,Gargi express,"Viman Nagar,Pune",4.5,100,450,"Indian,Thalis"
129352,Mad Over Chicken,"Viman Nagar,Pune",3.3,50,150,Continental
129354,Chili's American Grill & Bar,"Viman Nagar,Pune",3.8,50,900,"American,Salads"
129359,McDonald's,"Viman Nagar,Pune",4.2,1000,400,"Burgers,Beverages"
129363,HER HIGHNESS,"Viman Nagar,Pune",4.2,50,800,North Indian
129364,THE BENGAL CLUB,"Viman Nagar,Pune",3.8,50,500,Bengali
129365,Ice Cream Works,"Viman Nagar,Pune",4.8,20,300,"Ice Cream,Desserts"
129367,NH1 Bowls - Highway To North,"Viman Nagar,Pune",4.0,50,250,"North Indian,Punjabi"
129369,Atmosphere 6,"Viman Nagar,Pune",4.3,50,1600,"North Indian,Chinese"
129377,Cafe Arabia,"Viman Nagar,Pune",4.6,100,300,"Lebanese,Middle Eastern"
129380,Artinci - Indulge Guilt Free!,"Viman Nagar,Pune",4.4,20,200,"Healthy Food,Keto"
129382,The Greedy Man Pizzeria,"Viman Nagar,Pune",4.0,50,800,"Italian,Pizzas"
129386,Hyderabadi Laziz,"Viman Nagar,Pune",3.3,100,300,"Biryani,North Indian"
129388,Poona Sweets Centre,"Viman Nagar,Pune",3.8,20,300,"Sweets,Snacks"
129389,DELHIWALE,"Viman Nagar,Pune",3.7,20,300,"North Indian,Chaat"
129390,Venky's Xprs (Viman Nagar),"Viman Nagar,Pune",4.5,100,300,"North Indian,Grill"
129392,Cafe Coffee Day,"Viman Nagar,Pune",3.7,50,300,"Beverages,Snacks"
129393,Haryana Handi,"Viman Nagar,Pune",4.2,100,300,"North Indian,Combo"
129394,Apsara Ice Creams,"Viman Nagar,Pune",4.3,100,150,"Ice Cream,Desserts"
129396,Keventers - Milkshakes and Desserts,"Viman Nagar,Pune",3.9,100,300,"Beverages,Ice Cream"
129397,Rolls & Bowls by FEEDX,"Viman Nagar,Pune",4.3,50,300,"North Indian,Chinese"
129399,Subway,"Viman Nagar,Pune",4.2,100,350,"Healthy Food,Salads"
129401,Mandarin Oak- The Heavenly Chinese,"Viman Nagar,Pune",4.0,100,350,"Chinese,Asian"
129402,CIRCLE OF CRUST,"Viman Nagar,Pune",4.3,100,300,"Pizzas,Snacks"
129403,ZHATPAT LOCAL,"Viman Nagar,Pune",4.1,100,150,"Maharashtrian,Biryani"
129405,IRANI CHAIKHANA,"Viman Nagar,Pune",4.1,20,250,"Fast Food,Bakery"
129408,Domino's Pizza,"Viman Nagar,Pune",4.0,100,400,Pizzas
129409,NAMMA NIMMA,"Viman Nagar,Pune",3.8,20,250,"Maharashtrian,South Indian"
129411,CHEF'S HOMEMADE KITCHEN,"Viman Nagar,Pune",4.1,100,300,"Maharashtrian,Combo"
129413,Shengshui Chinese And Thai,"Viman Nagar,Pune",3.8,20,300,"Thai,Chinese"
129414,Radhika- Flavours of East,"Viman Nagar,Pune",3.7,50,600,"Bengali,Sweets"
129415,Mother's Tawa,"Viman Nagar,Pune",3.3,20,400,North Indian
129416,Shiv Sai,"Viman Nagar,Pune",3.3,100,350,"North Indian,South Indian"
129417,Joshi Wadevale,"Viman Nagar,Pune",3.9,50,100,Indian
129429,Fish Curry Rice,"Viman Nagar,Pune",3.9,50,1000,"Maharashtrian,Seafood"
129436,Grameen Kulfi,"Viman Nagar,Pune",4.8,50,120,"Ice Cream,Desserts"
129440,Brgrmeister,"Viman Nagar,Pune",4.0,100,350,"American,Steakhouse"
129450,Signature Fine Dining,"Viman Nagar,Pune",4.2,500,600,"Seafood,Mughlai"
129458,JOSHI WADEWALE,"Viman Nagar,Pune",4.0,100,100,"South Indian,Chinese"
129462,Chaats and Wraps,"Viman Nagar,Pune",3.8,500,200,"Street Food,North Indian"
129464,Southin Cafe,"Viman Nagar,Pune",3.9,20,200,"Indian,Chinese"
129472,Surya Sagar,"Viman Nagar,Pune",4.1,100,400,"North Indian,South Indian"
129473,Godavari Snacks,"Viman Nagar,Pune",4.2,100,200,South Indian
129474,Sarvodaya Pure Veg,"Viman Nagar,Pune",4.1,1000,350,"North Indian,South Indian"
129475,Domio's Pizza - A-1 Pizza Shop,"Viman Nagar,Pune",3.4,50,250,"Pizzas,Fast Food"
129482,King Sandwich and Juice,"Viman Nagar,Pune",3.7,100,300,"Continental,Snacks"
129487,BOSS Burger,"Viman Nagar,Pune",3.7,100,500,"American,Continental"
129488,EatFit,"Viman Nagar,Pune",4.1,100,270,"Healthy Food,Pizzas"
129489,BIKKGANE BIRYANI,"Viman Nagar,Pune",4.1,500,350,"Biryani,Hyderabadi"
129490,Chitale Bandhu Mithaiwale,"Viman Nagar,Pune",4.6,100,350,"Sweets,Snacks"
129491,Bangalore iyangar's bakery,"Viman Nagar,Pune",4.5,100,150,"Desserts,Bakery"
129493,AGATYA,"Viman Nagar,Pune",4.1,50,200,"North Indian,Chinese"
129495,Great Indian Khichdi by EatFit,"Viman Nagar,Pune",4.2,100,200,"Indian,Home Food"
129496,Home Plate by EatFit,"Viman Nagar,Pune",4.1,100,160,"Home Food,North Indian"
129497,Paratha Box by EatFit,"Viman Nagar,Pune",4.4,20,250,"North Indian,Punjabi"
129503,The Burger Barn Cafe,"Viman Nagar,Pune",4.0,50,250,"American,Fast Food"
129506,Cakes N Cakes,"Viman Nagar,Pune",4.0,100,300,Bakery
129508,Mankar Dosa,"Viman Nagar,Pune",4.0,100,200,"South Indian,Fast Food"
129510,Canteen Central by Eatfit,"Viman Nagar,Pune",4.1,50,250,"Pizzas,American"
129511,Roll Bites,"Viman Nagar,Pune",2.9,20,150,"Arabian,Beverages"
129514,Sane Punjab,"Viman Nagar,Pune",3.2,50,500,"North Indian,Chinese"
129516,BOX8 - Desi Meals,"Viman Nagar,Pune",4.2,500,250,"North Indian,Biryani"
129518,The Crunch Affair,"Viman Nagar,Pune",3.9,20,300,"Fast Food,Snacks"
129528,Natraj Bhel & Chat House,"Viman Nagar,Pune",4.4,500,150,"Street Food,Chaat"
129531,Street Foods By Punjab Grill,"Viman Nagar,Pune",3.9,100,350,"North Indian,Indian"
129542,Chaitanya Paranthas,"Viman Nagar,Pune",4.0,1000,200,"North Indian,Punjabi"
129545,Farmaaish,"Viman Nagar,Pune",3.6,20,400,North Indian
129546,Cafe Delhi Heights,"Viman Nagar,Pune",3.9,20,800,"Continental,American"
129551,Punjab Grill,"Viman Nagar,Pune",3.9,100,900,"North Indian,Indian"
129558,Khaolite-X,"Viman Nagar,Pune",4.0,50,300,"Juices,Salads"
129560,Chocolate Biclate,"Viman Nagar,Pune",3.6,50,300,"Bakery,Desserts"
129562,Kaati Zone Rolls & Wraps,"Viman Nagar,Pune",4.1,100,150,"Fast Food,Beverages"
129563,Autobahn Smart Dining,"Viman Nagar,Pune",4.2,50,500,"Continental,Indian"
129565,Kannu Ki Chai,"Viman Nagar,Pune",4.1,100,350,Beverages
129566,Zeeshan - Apna Hyderabadi Food,"Viman Nagar,Pune",3.9,1000,300,"Biryani,North Indian"
129567,Shiv Sagar,"Viman Nagar,Pune",4.0,1000,300,"North Indian,South Indian"
129568,Chopsticks Spice Malabar,"Viman Nagar,Pune",4.2,500,500,North Indian
129572,Mealful Rolls - Meals in a Roll,"Viman Nagar,Pune",4.2,20,250,"Fast Food,North Indian"
129578,Classic Pani Puri,"Viman Nagar,Pune",4.3,500,250,"Fast Food,Chaat"
129583,NEW GAYATRI BHEL,"Viman Nagar,Pune",4.2,100,200,"Fast Food,Chaat"
129584,Social,"Viman Nagar,Pune",3.8,100,500,"North Indian,Chinese"
129585,The Urban Kadhai,"Viman Nagar,Pune",3.9,500,300,"North Indian,Biryani"
129586,The Brooklyn Creamery - Healthy Ice Cream,"Viman Nagar,Pune",4.6,20,200,"Desserts,Ice Cream"
129590,Worlds Best Breakfast,"Viman Nagar,Pune",2.7,20,500,"Continental,European"
129595,MAKIZUSHI,"Viman Nagar,Pune",4.4,20,600,"Asian,Japanese"
129602,Szechuan Dumpling House,"Viman Nagar,Pune",3.7,20,300,"Asian,Chinese"
129603,Bunee Heist,"Viman Nagar,Pune",4.1,50,400,"Bakery,Desserts"
129610,69 DACKERS LANE,"Viman Nagar,Pune",3.8,50,250,"Bengali,Biryani"
129611,Burger Craft,"Viman Nagar,Pune",4.4,100,800,"American,Pan-Asian"
129614,Pizza Hut,"Viman Nagar,Pune",3.1,100,350,Pizzas
129615,Madras DOSA GRILL,"Viman Nagar,Pune",3.7,100,200,"South Indian,Indian"
129616,Big Daddy's,"Viman Nagar,Pune",3.3,20,300,"Fast Food,Snacks"
129619,Sagar Sweets,"Viman Nagar,Pune",3.8,50,100,"Sweets,Street Food"
129622,Emah - The Himalayan Kitchen,"Viman Nagar,Pune",3.9,50,500,"Pan-Asian,Tibetan"
129624,Burger King,"Viman Nagar,Pune",3.8,1000,350,American
129625,SHAWARMA BITES,"Viman Nagar,Pune",4.3,100,300,Arabian
129627,Chaand's butter chicken,"Viman Nagar,Pune",4.2,100,450,"North Indian,Indian"
129632,Lil Bite Of Heaven,"Viman Nagar,Pune",3.7,20,600,"Tandoor,Indian"
129644,Shree ram pure veg,"Viman Nagar,Pune",4.3,50,300,Indian
129648,The Momo Box,"Viman Nagar,Pune",3.5,100,150,"Chinese,Tibetan"
129650,Maggie In A Bowl,"Viman Nagar,Pune",2.8,50,150,"Bhutanese,Nepalese"
129651,Pedro's Kitchen,"Viman Nagar,Pune",3.4,20,600,Beverages
129652,Chinese Chef Co,"Viman Nagar,Pune",3.7,1000,150,"Chinese,Malaysian"
129653,Pure Veg Meals by Lunchbox,"Viman Nagar,Pune",3.8,20,200,"North Indian,Desserts"
129655,Chinese Culture,"Viman Nagar,Pune",3.5,100,150,"Chinese,Fast Food"
129656,Dolma Aunty Momos,"Viman Nagar,Pune",3.1,20,150,"Tibetan,Chinese"
129657,Kakke Di Pavbhaji,"Viman Nagar,Pune",2.7,20,150,"Punjabi,Maharashtrian"
129659,Mr Chow's,"Viman Nagar,Pune",4.6,100,300,"Chinese,Asian"
129664,Urban Meal Co.,"Viman Nagar,Pune",4.2,100,200,"North Indian,Chinese"
129666,Mad Momos,"Viman Nagar,Pune",3.7,1000,150,"Chinese,Tibetan"
129668,Nourishyam - The Green Chef,"Viman Nagar,Pune",4.5,100,300,"Healthy Food,Indian"
129670,Chicken Xperience By Venky'S,"Viman Nagar,Pune",4.1,50,350,"Burgers,American"
129671,Rolls Mania,"Viman Nagar,Pune",4.1,100,200,"North Indian,Punjabi"
129672,Bengali Sweets And Foods,"Viman Nagar,Pune",4.2,500,250,"Bengali,Sweets"
129679,Oye Kiddan,"Viman Nagar,Pune",4.0,1000,200,"Punjabi,North Indian"
129680,Mad Pav Bhaji,"Viman Nagar,Pune",2.0,20,400,Street Food
129682,The Sindhi Rasoi,"Viman Nagar,Pune",4.3,20,200,"North Indian,Home Food"
129683,KFC,"Viman Nagar,Pune",3.7,1000,400,"American,Snacks"
129687,Slice of Soul (S.O.S.),"Viman Nagar,Pune",4.0,100,299,"Pizzas,Pastas"
129688,The Sugar Free Keto Kafe - By Artinci,"Viman Nagar,Pune",4.3,50,200,"Healthy Food,Keto"
129689,Philly Fried Chicken,"Viman Nagar,Pune",4.4,100,500,"Continental,American"
129690,Banglore Iyanger Bakery,"Viman Nagar,Pune",4.2,50,400,Bakery
129699,Brawny Food Company,"Viman Nagar,Pune",4.0,500,400,"Healthy Food,Salads"
129700,Shawarma Zone,"Viman Nagar,Pune",3.5,20,200,"Arabian,Lebanese"
129702,Wholesome meals,"Viman Nagar,Pune",4.0,20,300,"North Indian,Punjabi"
129706,"Cha Cha Cha - Dimsum, Sushi, Stir Fry","Viman Nagar,Pune",4.3,50,600,"Chinese,Pan-Asian"
129707,VEER JI MALAI CHAAP WALE,"Viman Nagar,Pune",4.1,50,300,"Chinese,Tandoor"
129708,Punjabi Chulha,"Viman Nagar,Pune",4.5,20,300,North Indian
129709,The Bombay Paratha Company,"Viman Nagar,Pune",3.8,20,200,"North Indian,Indian"
129714,vidarbhi jayaka,"Viman Nagar,Pune",4.0,20,250,North Indian
129715,THE GIANT PANDA NOODLES,"Viman Nagar,Pune",3.9,20,500,Chinese
129722,OTTOMAN EATS,"Viman Nagar,Pune",4.2,50,300,"Snacks,Arabian"
129727,Punjabi Non Veg,"Viman Nagar,Pune",3.7,20,300,"North Indian,Mughlai"
129729,Shahi Dawat,"Viman Nagar,Pune",3.3,50,300,"North Indian,Chinese"
129735,Barbeque Nation,"Viman Nagar,Pune",3.9,100,600,"North Indian,Barbecue"
129738,Indori Sarafa Bazaar,"Viman Nagar,Pune",4.3,100,200,"Fast Food,Chaat"
129745,Hotel OVI NonVeg Special!,"Viman Nagar,Pune",4.1,100,250,"Maharashtrian,North Indian"
129746,SALSA SALAD,"Viman Nagar,Pune",4.3,20,250,"Salads,Desserts"
129748,Cookie Man,"Viman Nagar,Pune",4.2,20,140,"Desserts,Ice Cream"
129749,Temptations,"Viman Nagar,Pune",3.5,20,150,Indian
129752,Delhi Ki Parantha Gali,"Viman Nagar,Pune",3.3,100,250,"North Indian,Punjabi"
129756,URBAN DARBAR,"Viman Nagar,Pune",4.2,100,600,"North Indian,Chinese"
129759,Theobroma,"Viman Nagar,Pune",4.5,500,800,"Desserts,Bakery"
129761,Mithas,"Viman Nagar,Pune",4.5,100,400,"Sweets,Desserts"
129767,Cheezy,"Viman Nagar,Pune",2.8,20,200,Pizzas
129769,Rangda Maharashtra- Pure Non Veg -Venture By Misal Ani Barach Kahi,"Viman Nagar,Pune",4.4,20,300,Indian
129770,Hao Chii Chinese,"Viman Nagar,Pune",4.0,500,200,"Chinese,Thai"
129771,Rasika Pure Veg Restaurant,"Viman Nagar,Pune",4.1,500,400,"North Indian,Chinese"
129772,Largo Pizzeria,"Viman Nagar,Pune",4.0,50,600,"Pizzas,Italian"
129776,Shegaon Kachori & Snacks Centre,"Viman Nagar,Pune",4.1,100,150,Street Food
129777,Roll Project,"Viman Nagar,Pune",3.4,20,200,"Snacks,Indian"
129779,Burger 69 & More,"Viman Nagar,Pune",4.4,20,250,"American,Fast Food"
129780,Night light kitchen,"Viman Nagar,Pune",3.3,20,200,"Pizzas,Italian"
129783,The Northern Frontier,"Viman Nagar,Pune",3.9,100,500,"North Indian,Punjabi"
129787,Santosh Biryani House,"Viman Nagar,Pune",3.4,500,200,"Biryani,North Indian"
129789,Biggies Burger,"Viman Nagar,Pune",3.8,20,300,"American,Fast Food"
129791,The Baker's Dozen,"Viman Nagar,Pune",4.3,50,300,"Bakery,Desserts"
129794,Falahaar,"Viman Nagar,Pune",4.3,500,250,"Pizzas,Beverages"
129795,ProCaF,"Viman Nagar,Pune",4.4,50,400,Healthy Food
129796,Where Else Diner,"Viman Nagar,Pune",4.6,20,450,"American,Street Food"
129797,Cafe Durga (Viman Nagar),"Viman Nagar,Pune",4.0,100,250,"South Indian,Fast Food"
129798,PAMPERED TASTE,"Viman Nagar,Pune",3.6,20,500,"Indian,Desserts"
129803,Roll King,"Viman Nagar,Pune",2.8,20,200,Indian
129805,Hotel Al Madina,"Viman Nagar,Pune",3.6,20,300,"Mughlai,North Indian"
129812,Yogi's Food,"Viman Nagar,Pune",3.0,20,250,North Indian
129814,Burger 11,"Viman Nagar,Pune",4.6,500,500,"American,Keto"
129815,Andhra Gunpowder,"Viman Nagar,Pune",4.4,500,350,"Andhra,Biryani"
129817,Surve's Pure Non-Veg,"Viman Nagar,Pune",4.2,100,450,Maharashtrian
129818,Taco Alfresco,"Viman Nagar,Pune",4.2,50,300,"Mexican,Beverages"
129822,Eatsome,"Viman Nagar,Pune",4.0,500,200,"North Indian,Street Food"
129823,Shree Krishna Veg Court,"Viman Nagar,Pune",4.4,1000,300,"North Indian,South Indian"
129826,Spring Onion,"Viman Nagar,Pune",4.1,100,500,"Chinese,Thai"
129827,Aroma's Hyderabad House(Viman Nagar),"Viman Nagar,Pune",4.3,1000,400,"Biryani,Mughlai"
129828,Shahi Pakwan,"Viman Nagar,Pune",3.5,100,300,"Mughlai,North Indian"
129831,Haldiram,"Viman Nagar,Pune",3.9,100,300,"Indian,Biryani"
129833,Marrakesh,"Viman Nagar,Pune",3.5,100,300,"Lebanese,North Indian"
129834,Uncle's Chinese,"Viman Nagar,Pune",4.2,100,400,Chinese
129838,Gargi snacks,"Viman Nagar,Pune",4.4,500,150,Snacks
129840,Food Signal,"Viman Nagar,Pune",3.9,100,300,"North Indian,Chinese"
129846,ITALIAN STREET,"Viman Nagar,Pune",3.0,20,200,"Pizzas,Beverages"
129850,Blue Thyme - Conti Shop,"Viman Nagar,Pune",4.4,50,400,"Continental,Grill"
129852,We Idliwale,"Viman Nagar,Pune",4.4,50,300,"South Indian,Biryani"
129853,Natraj Bhel,"Viman Nagar,Pune",4.3,50,200,Street Food
129854,Big City Waffle,"Viman Nagar,Pune",3.0,20,250,"Beverages,Desserts"
129856,The Square - Novotel,"Viman Nagar,Pune",3.8,20,800,"Indian,Continental"
129860,Salad Men,"Viman Nagar,Pune",4.5,50,500,"Healthy Food,Beverages"
129862,Between Your Buns,"Viman Nagar,Pune",4.0,20,250,"Continental,Beverages"
129869,Sundae Everyday Ice Creams,"Viman Nagar,Pune",4.2,100,150,"Desserts,Ice Cream"
129871,Pind Punjab.,"Viman Nagar,Pune",4.1,1000,400,"North Indian,Indian"
129873,The Dessert Zone,"Viman Nagar,Pune",4.1,100,200,"Bakery,Desserts"
129887,THE CHEF STORY,"Viman Nagar,Pune",4.1,50,450,"Chinese,Biryani"
129889,The J,"Viman Nagar,Pune",4.2,100,300,"American,Fast Food"
129890,Daiwong,"Viman Nagar,Pune",3.9,100,400,"Chinese,Seafood"
129893,Mad Over Donuts,"Viman Nagar,Pune",4.3,100,200,"Desserts,Sweets"
129894,Jhanjhanit Mejwani,"Viman Nagar,Pune",3.5,100,250,Indian
129896,Tandoor Point,"Viman Nagar,Pune",3.9,100,300,"Seafood,Chinese"
129900,Kolkata Darbar,"Viman Nagar,Pune",3.9,100,350,"Biryani,Bengali"
129902,The Beans Talk Cafe,"Viman Nagar,Pune",4.3,100,400,"Fast Food,Snacks"
129904,Fortune Chinese,"Viman Nagar,Pune",3.4,20,300,"Chinese,Snacks"
129909,Upsouth,"Viman Nagar,Pune",3.3,100,250,"South Indian,Fast Food"
129914,Slurpy Shakes,"Viman Nagar,Pune",3.9,100,150,"Beverages,Ice Cream"
129915,Cupcake Bliss Cakes & Desserts,"Viman Nagar,Pune",3.6,100,200,"Bakery,Desserts"
129916,Hyderabadi Zaika,"Viman Nagar,Pune",3.8,20,200,"Hyderabadi,North Indian"
129919,ZAZA 22 Spice Biryani,"Viman Nagar,Pune",3.6,20,250,"Biryani,North Indian"
129922,Aha! Baangali,"Viman Nagar,Pune",4.0,100,300,Bengali
129923,Dragon Fire,"Viman Nagar,Pune",3.5,100,250,"Chinese,Asian"
129925,The Mishti Box,"Viman Nagar,Pune",3.6,20,300,"Sweets,Bengali"
129933,Hite Bar,"Viman Nagar,Pune",4.0,100,300,Fast Food
129934,Taco Bell,"Viman Nagar,Pune",3.7,100,300,Mexican
129938,Cakes and Desserts By WarmOven,"Viman Nagar,Pune",4.1,100,200,"Bakery,Desserts"
129940,Indiana Burgers,"Viman Nagar,Pune",4.2,100,150,"American,Fast Food"
129947,Raju Sandwich,"Viman Nagar,Pune",3.5,50,300,"Continental,Snacks"
129950,Dominos Style Pizza,"Viman Nagar,Pune",3.5,20,300,"Pizzas,American"
129951,UBQ by Barbeque Nation,"Viman Nagar,Pune",4.0,100,300,"North Indian,Barbecue"
129952,Irani Cafe,"Viman Nagar,Pune",4.5,1000,250,"Beverages,Bakery"
129958,Copper Chimney,"Viman Nagar,Pune",4.4,100,900,"North Indian,Indian"
129961,Wasabi 15,"Viman Nagar,Pune",4.3,20,1000,Asian
129962,China Grill,"Viman Nagar,Pune",3.6,100,350,"Chinese,North Indian"
129963,All Day Breakfast,"Viman Nagar,Pune",4.4,50,250,"Continental,American"
129965,Jalebi Junction,"Viman Nagar,Pune",3.6,500,200,"Street Food,Desserts"
129969,Crazy Cheesy (Viman Nagar),"Viman Nagar,Pune",3.8,100,400,"Pizzas,Pastas"
129975,House of Burgers,"Viman Nagar,Pune",2.8,20,200,"Pizzas,Fast Food"
129978,Classic China Bowl,"Viman Nagar,Pune",3.7,50,300,"Chinese,Fast Food"
129986,Chinese Bowl Company,"Viman Nagar,Pune",3.7,100,300,"Chinese,Asian"
129992,Tasty Thalis,"Viman Nagar,Pune",2.9,100,200,"Thalis,North Indian"
129993,Food Magic Cafe,"Viman Nagar,Pune",4.2,20,250,"Chinese,Snacks"
129996,Misal Ani Barach Kahi,"Viman Nagar,Pune",4.2,100,150,Maharashtrian
129998,Mahesh Lunch Home,"Viman Nagar,Pune",4.0,100,900,"Chinese,Indian"
130001,Parijat Mithai,"Viman Nagar,Pune",4.6,20,350,"Sweets,Snacks"
130003,CHEF DE BURGER,"Viman Nagar,Pune",4.4,100,250,"American,Snacks"
130004,Wild Sugar,"Viman Nagar,Pune",4.2,100,400,"Desserts,Bakery"
130008,MITHAI WORLD,"Viman Nagar,Pune",4.2,100,300,Indian
130013,Sandwich Express,"Viman Nagar,Pune",4.4,1000,200,"Fast Food,Street Food"
130019,Dal khichdi wala,"Viman Nagar,Pune",3.7,50,220,Indian
130024,SUPERMAN MOMOS,"Viman Nagar,Pune",3.7,100,150,"Chinese,Tibetan"
130025,Paratha Singh,"Viman Nagar,Pune",2.9,50,150,"North Indian,Punjabi"
130030,INFINITY BIRYANI STUDIO,"Viman Nagar,Pune",3.7,20,299,Biryani
130032,The Burger Project,"Viman Nagar,Pune",3.1,50,350,"American,Beverages"
130034,Oye Paratha,"Viman Nagar,Pune",2.7,20,150,"Indian,Punjabi"
130036,Cafe Goa,"Viman Nagar,Pune",4.1,50,500,"Goan,Seafood"
130038,7th Heaven Cake Shop,"Viman Nagar,Pune",4.0,100,200,"Bakery,Desserts"
130039,McDonald's Gourmet Burger Collection,"Viman Nagar,Pune",4.5,20,600,"Burgers,Beverages"
130040,Te Amo,"Viman Nagar,Pune",4.0,100,500,"Street Food,Chinese"
130041,Patiala Canteen,"Viman Nagar,Pune",4.0,20,300,"North Indian,Indian"
130043,Maaveli Kerala Restaurant,"Viman Nagar,Pune",4.2,100,200,"Kerala,Seafood"
130047,Pappe Di Chaap,"Viman Nagar,Pune",4.2,100,300,"North Indian,Fast Food"
130055,9834 The Fruit Truck,"Viman Nagar,Pune",4.1,100,200,"Juices,Beverages"
130059,Sankars Banana Leaf,"Viman Nagar,Pune",4.2,100,150,"South Indian,North Indian"
130062,Lakshmi Food,"Viman Nagar,Pune",2.9,100,200,"Thalis,Biryani"
130066,The Chocolate Room,"Viman Nagar,Pune",4.3,20,250,"Desserts,Mexican"
130068,Eighty Eight by Hyatt - Kalyani Nagar,"Viman Nagar,Pune",3.9,20,550,"Italian,Indian"
130072,DIL SE INDORI,"Viman Nagar,Pune",4.0,20,200,"Snacks,Indian"
130075,Gurunanak Dairy And Sweets,"Viman Nagar,Pune",4.2,100,100,Fast Food
130082,Shizusan,"Viman Nagar,Pune",4.0,100,1500,Chinese
130083,The Dessert Story,"Viman Nagar,Pune",4.1,50,300,"Desserts,Bakery"
130091,ANNA VADA,"Viman Nagar,Pune",4.2,50,300,"South Indian,Snacks"
130094,Le Pizza King,"Viman Nagar,Pune",4.1,100,350,"Italian,Pizzas"
130095,Bread Story,"Viman Nagar,Pune",4.6,50,200,Bakery
130097,Pop Tate's,"Viman Nagar,Pune",4.2,20,700,"Chinese,Continental"
130099,Shakes Factory,"Viman Nagar,Pune",4.1,20,300,"Beverages,Snacks"
130101,Amul Ice Cream Parlour,"Viman Nagar,Pune",3.4,20,200,Desserts
130105,PVR Cafe,"Viman Nagar,Pune",3.8,20,300,"Snacks,Fast Food"
130106,Tulja Bhavani Chinese Corner,"Viman Nagar,Pune",3.8,20,150,Chinese
130113,Shawarma Spot,"Viman Nagar,Pune",3.5,100,200,Lebanese
130116,Rollfie,"Viman Nagar,Pune",3.9,500,200,Snacks
